{"type":"FeatureCollection","features":[{"type":"Feature","properties":{"cve_ent":"01","estado":"Aguascalientes"},"geometry":{"type":"MultiPolygon","coordinates":[[[[-102.29739,22.45527],[-102.29008,22.41992],[-102.2503,22.38722],[-102.2532,22.37449],[-102.14985,22.34718],[-102.15323,22.29041],[-102.10525,22.28079],[-102.07563,22.30607],[-102.05121,22.29121],[-102.03727,22.29898],[-102.02249,22.24159],[-101.99972,22.23366],[-102.00099,22.16811],[-102.04522,22.15373],[-102.01708,22.15396],[-102.02592,22.12977],[-101.85519,22.04651],[-101.8638,21.99002],[-101.89125,21.97659],[-101.9126,21.99749],[-101.8858,21.93261],[-101.87267,21.94651],[-101.83529,21.94177],[-101.838,21.90734],[-101.88021,21.91015],[-102.03842,21.8532],[-102.04174,21.82307],[-102.07196,21.78265],[-102.09457,21.7777],[-102.08618,21.76726],[-102.1421,21.70537],[-102.17143,21.707],[-102.17789,21.68816],[-102.21427,21.69482],[-102.23762,21.652],[-102.30399,21.66668],[-102.29537,21.6531],[-102.32572,21.62227],[-102.46107,21.67926],[-102.45686,21.69809],[-102.63349,21.76734],[-102.66893,21.76405],[-102.69067,21.75244],[-102.69626,21.72877],[-102.71561,21.73409],[-102.73522,21.71567],[-102.7757,21.73459],[-102.83126,21.79725],[-102.85335,21.79905],[-102.84731,21.83341],[-102.87418,21.85277],[-102.75581,22.07366],[-102.69087,22.10656],[-102.66931,22.19402],[-102.6516,22.19314],[-102.6393,22.22604],[-102.67002,22.2457],[-102.66874,22.29187],[-102.52704,22.2909],[-102.4702,22.30921],[-102.46864,22.35188],[-102.37844,22.36088],[-102.36288,22.38875],[-102.32136,22.38853],[-102.3118,22.45692],[-102.29739,22.45527]]]]}},{"type":"Feature","properties":{"cve_ent":"02","estado":"Baja California"},"geometry":{"type":"MultiPolygon","coordinates":[[[[-114.11561,28.09639],[-114.11526,28.09609],[-114.11512,28.0955],[-114.1151,28.09523],[-114.11514,28.09475],[-114.11523,28.09432],[-114.11554,28.09381],[-114.11566,28.09359],[-114.11572,28.09359],[-114.116,28.0945],[-114.11605,28.09466],[-114.1161,28.09483],[-114.11617,28.09568],[-114.11626,28.09622],[-114.11681,28.09625],[-114.11698,28.09609],[-114.11711,28.09581],[-114.11692,28.09561],[-114.11654,28.09532],[-114.11627,28.09491],[-114.11627,28.09465],[-114.11613,28.09431],[-114.11594,28.09402],[-114.11589,28.09376],[-114.11602,28.09318],[-114.11594,28.09296],[-114.11618,28.09212],[-114.11655,28.09104],[-114.11692,28.08997],[-114.11725,28.089],[-114.11764,28.0877],[-114.11769,28.08726],[-114.11783,28.08718],[-114.11795,28.08724],[-114.11834,28.08751],[-114.1194,28.08786],[-114.11994,28.08885],[-114.12053,28.08963],[-114.12072,28.09023],[-114.12101,28.09115],[-114.12113,28.09122],[-114.12166,28.09234],[-114.12174,28.09368],[-114.12174,28.09477],[-114.12138,28.09556],[-114.12059,28.09622],[-114.11981,28.09657],[-114.11901,28.09675],[-114.11788,28.09689],[-114.11617,28.0967],[-114.11561,28.09639]]],[[[-112.30067,28.38702],[-112.29974,28.37292],[-112.32011,28.37619],[-112.30067,28.38702]]],[[[-115.54533,28.31151],[-115.54474,28.31112],[-115.54435,28.31147],[-115.54384,28.31097],[-115.54391,28.31007],[-115.54342,28.3089],[-115.5426,28.30885],[-115.54205,28.30821],[-115.54304,28.30743],[-115.54247,28.30696],[-115.5422,28.30629],[-115.54135,28.30659],[-115.54105,28.30653],[-115.54118,28.30589],[-115.54046,28.30649],[-115.54062,28.30587],[-115.53983,28.30574],[-115.53915,28.30554],[-115.53828,28.30529],[-115.53781,28.30484],[-115.53688,28.30498],[-115.53679,28.30473],[-115.53683,28.30391],[-115.53697,28.3037],[-115.53723,28.30336],[-115.53763,28.30316],[-115.53809,28.30257],[-115.53815,28.30225],[-115.53838,28.30194],[-115.53807,28.3015],[-115.53768,28.30148],[-115.53746,28.30095],[-115.53721,28.3008],[-115.53709,28.3006],[-115.53683,28.30022],[-115.53778,28.29974],[-115.53809,28.29951],[-115.53854,28.29921],[-115.53904,28.299],[-115.53944,28.29874],[-115.53831,28.29825],[-115.53847,28.29795],[-115.53848,28.29746],[-115.53888,28.29691],[-115.53943,28.29655],[-115.54065,28.29636],[-115.54126,28.29631],[-115.54149,28.296],[-115.54075,28.29577],[-115.54036,28.29554],[-115.54077,28.29511],[-115.5416,28.29524],[-115.542,28.29469],[-115.54233,28.29443],[-115.54249,28.2941],[-115.54262,28.29345],[-115.5432,28.29254],[-115.54348,28.29179],[-115.54367,28.29137],[-115.54405,28.29166],[-115.54444,28.29157],[-115.54507,28.29169],[-115.54548,28.2931],[-115.54562,28.29383],[-115.54523,28.29439],[-115.54442,28.2948],[-115.54394,28.29519],[-115.5444,28.29549],[-115.54536,28.29562],[-115.5453,28.29597],[-115.54594,28.29623],[-115.54643,28.29625],[-115.54701,28.29617],[-115.54724,28.29615],[-115.5472,28.2967],[-115.5474,28.29706],[-115.54794,28.29753],[-115.54765,28.29759],[-115.54702,28.29744],[-115.54697,28.29793],[-115.54681,28.29849],[-115.54701,28.2992],[-115.54669,28.30015],[-115.54631,28.30087],[-115.54598,28.30147],[-115.54591,28.302],[-115.54637,28.30262],[-115.54697,28.30312],[-115.54775,28.30271],[-115.54845,28.30262],[-115.54904,28.3026],[-115.54956,28.30259],[-115.54955,28.30314],[-115.54929,28.30373],[-115.54973,28.3039],[-115.54986,28.30447],[-115.54941,28.30427],[-115.54914,28.30453],[-115.54946,28.30505],[-115.5492,28.30507],[-115.54877,28.30499],[-115.54895,28.30512],[-115.54938,28.30549],[-115.54902,28.30583],[-115.54852,28.30573],[-115.54888,28.30628],[-115.5488,28.30675],[-115.5491,28.30712],[-115.54863,28.3076],[-115.54892,28.30818],[-115.54915,28.30882],[-115.54886,28.30913],[-115.5488,28.3098],[-115.54863,28.31008],[-115.54814,28.31009],[-115.54789,28.31046],[-115.54743,28.3113],[-115.54692,28.31117],[-115.54658,28.31103],[-115.54604,28.31116],[-115.54559,28.31146],[-115.54533,28.31151]]],[[[-115.57197,28.31256],[-115.57148,28.31166],[-115.57046,28.31192],[-115.56997,28.31214],[-115.57018,28.31267],[-115.56982,28.31257],[-115.56886,28.31234],[-115.56846,28.31268],[-115.56816,28.31316],[-115.56835,28.3138],[-115.56766,28.31392],[-115.56699,28.31353],[-115.56525,28.31122],[-115.5643,28.31068],[-115.56357,28.31008],[-115.56292,28.31027],[-115.56182,28.3095],[-115.56093,28.3085],[-115.56093,28.30808],[-115.56154,28.30793],[-115.56203,28.30775],[-115.56251,28.3075],[-115.56349,28.30794],[-115.56383,28.30774],[-115.56425,28.30808],[-115.56525,28.30755],[-115.56597,28.30766],[-115.56716,28.30787],[-115.56783,28.30751],[-115.56884,28.30784],[-115.56926,28.30846],[-115.56997,28.30847],[-115.57057,28.30828],[-115.57105,28.30876],[-115.57175,28.30939],[-115.5723,28.31014],[-115.57258,28.31091],[-115.57331,28.31265],[-115.57345,28.31354],[-115.57288,28.31369],[-115.57197,28.31256]]],[[[-115.59236,28.31676],[-115.57529,28.31093],[-115.58074,28.29575],[-115.60645,28.3002],[-115.59236,28.31676]]],[[[-115.21765,28.37774],[-115.19417,28.36169],[-115.19528,28.33227],[-115.17414,28.30616],[-115.16377,28.26042],[-115.17359,28.21494],[-115.15665,28.16605],[-115.1592,28.13784],[-115.18626,28.10538],[-115.18534,28.03136],[-115.22984,28.02953],[-115.25537,28.0375],[-115.26546,28.07288],[-115.28951,28.09276],[-115.35968,28.08099],[-115.35296,28.11724],[-115.31625,28.13784],[-115.24295,28.2209],[-115.26441,28.29404],[-115.24576,28.35427],[-115.21765,28.37774]]],[[[-112.89233,28.67826],[-112.83867,28.66116],[-112.75256,28.59153],[-112.78261,28.58036],[-112.79891,28.61058],[-112.86785,28.64397],[-112.89233,28.67826]]],[[[-112.90425,28.69806],[-112.90438,28.69805],[-112.9045,28.69805],[-112.90455,28.69807],[-112.90458,28.69809],[-112.90462,28.69809],[-112.90469,28.6981],[-112.90472,28.69812],[-112.90473,28.69814],[-112.90472,28.69829],[-112.90471,28.69832],[-112.90469,28.69833],[-112.90454,28.69835],[-112.90445,28.69837],[-112.90442,28.69838],[-112.90438,28.6984],[-112.90436,28.69843],[-112.90435,28.69846],[-112.90433,28.69862],[-112.90434,28.69865],[-112.90434,28.69867],[-112.90435,28.69869],[-112.90437,28.69872],[-112.90437,28.69875],[-112.90436,28.69879],[-112.90435,28.6988],[-112.90436,28.69882],[-112.90436,28.69882],[-112.90441,28.69883],[-112.90444,28.69883],[-112.90447,28.69885],[-112.90448,28.69887],[-112.90448,28.69893],[-112.90448,28.69895],[-112.90446,28.69896],[-112.90444,28.69897],[-112.9044,28.69898],[-112.90439,28.69899],[-112.90438,28.699],[-112.90438,28.69902],[-112.90439,28.69906],[-112.90439,28.69908],[-112.90439,28.6991],[-112.90437,28.69912],[-112.90436,28.69914],[-112.90435,28.69915],[-112.90432,28.69916],[-112.9043,28.69918],[-112.90429,28.69919],[-112.90428,28.69921],[-112.90429,28.69928],[-112.90429,28.6993],[-112.90427,28.69931],[-112.90421,28.69932],[-112.90416,28.69932],[-112.90414,28.69932],[-112.90411,28.6993],[-112.90409,28.69929],[-112.90403,28.69926],[-112.90401,28.69925],[-112.90399,28.69924],[-112.90396,28.69924],[-112.90392,28.69924],[-112.9039,28.69924],[-112.90388,28.69923],[-112.90385,28.69917],[-112.90384,28.69911],[-112.90387,28.69908],[-112.90394,28.69905],[-112.90396,28.69904],[-112.90396,28.69902],[-112.90395,28.69901],[-112.90392,28.69898],[-112.90395,28.69885],[-112.90392,28.69883],[-112.90391,28.69882],[-112.90386,28.69882],[-112.90381,28.69881],[-112.90378,28.69878],[-112.90378,28.69868],[-112.90378,28.69865],[-112.90376,28.69862],[-112.90369,28.69859],[-112.90366,28.69857],[-112.90366,28.69853],[-112.90368,28.69848],[-112.90374,28.69843],[-112.90386,28.69841],[-112.90398,28.69838],[-112.90402,28.69835],[-112.90404,28.69834],[-112.90405,28.69831],[-112.90404,28.69829],[-112.90399,28.69821],[-112.90399,28.69817],[-112.90398,28.69813],[-112.90402,28.69809],[-112.90408,28.69807],[-112.90425,28.69806]]],[[[-112.93139,28.70935],[-112.89761,28.69723],[-112.89507,28.6799],[-112.93137,28.69643],[-112.93139,28.70935]]],[[[-112.96257,28.72463],[-112.96244,28.72457],[-112.96228,28.72445],[-112.96223,28.72441],[-112.9622,28.72439],[-112.96217,28.72435],[-112.96212,28.72431],[-112.9621,28.72424],[-112.96211,28.7241],[-112.96217,28.72398],[-112.96218,28.72396],[-112.96217,28.72393],[-112.96215,28.72391],[-112.96213,28.72389],[-112.96209,28.72384],[-112.96193,28.72363],[-112.96189,28.72338],[-112.96191,28.72333],[-112.96194,28.72331],[-112.96215,28.72327],[-112.96223,28.72326],[-112.96227,28.72329],[-112.96229,28.72348],[-112.96229,28.72355],[-112.96233,28.72356],[-112.96238,28.72355],[-112.96242,28.72355],[-112.96247,28.7235],[-112.9627,28.72332],[-112.96277,28.72327],[-112.96285,28.72326],[-112.96292,28.72325],[-112.96301,28.72327],[-112.9631,28.72333],[-112.96315,28.72341],[-112.9632,28.72359],[-112.96322,28.7236],[-112.96327,28.72361],[-112.9633,28.7236],[-112.96334,28.72355],[-112.96342,28.72345],[-112.96349,28.72339],[-112.96353,28.72337],[-112.96367,28.72336],[-112.9638,28.7234],[-112.96385,28.72344],[-112.96392,28.7235],[-112.96394,28.72357],[-112.96398,28.72364],[-112.96404,28.72371],[-112.96408,28.72374],[-112.96416,28.72374],[-112.96424,28.72373],[-112.96431,28.7237],[-112.96435,28.7237],[-112.9644,28.72371],[-112.96447,28.72375],[-112.9645,28.72381],[-112.9645,28.72388],[-112.96447,28.72398],[-112.96443,28.72407],[-112.96438,28.72411],[-112.9643,28.72414],[-112.96418,28.72418],[-112.96411,28.72419],[-112.96408,28.7242],[-112.96403,28.72421],[-112.96399,28.72423],[-112.96395,28.72426],[-112.96394,28.72432],[-112.96394,28.72435],[-112.96396,28.72436],[-112.96409,28.72438],[-112.96415,28.72441],[-112.96417,28.72444],[-112.9642,28.72452],[-112.9642,28.72459],[-112.96419,28.72461],[-112.96418,28.72464],[-112.96413,28.72466],[-112.96409,28.72466],[-112.96404,28.72465],[-112.96395,28.72464],[-112.9639,28.72465],[-112.96387,28.72465],[-112.9638,28.72463],[-112.96375,28.72459],[-112.96372,28.72458],[-112.96365,28.72456],[-112.9636,28.72456],[-112.96356,28.72457],[-112.96354,28.7246],[-112.96352,28.72465],[-112.96352,28.72477],[-112.96349,28.72484],[-112.96343,28.72488],[-112.96339,28.72491],[-112.96333,28.72492],[-112.96326,28.72493],[-112.96321,28.72494],[-112.96314,28.72493],[-112.96309,28.72492],[-112.96304,28.72486],[-112.96296,28.72481],[-112.96282,28.72475],[-112.96269,28.72467],[-112.96257,28.72463]]],[[[-112.96627,28.73417],[-112.96623,28.73414],[-112.96618,28.73411],[-112.96605,28.73409],[-112.96602,28.73408],[-112.966,28.73406],[-112.966,28.73402],[-112.96599,28.734],[-112.96595,28.73397],[-112.96593,28.73395],[-112.96592,28.73393],[-112.96591,28.73389],[-112.9659,28.73387],[-112.96588,28.73384],[-112.96586,28.73374],[-112.96584,28.73371],[-112.96582,28.73369],[-112.96582,28.73367],[-112.96581,28.73363],[-112.96581,28.7336],[-112.9658,28.73357],[-112.9658,28.73354],[-112.9658,28.7335],[-112.9658,28.73347],[-112.9658,28.73344],[-112.96583,28.73342],[-112.96587,28.73338],[-112.9659,28.73337],[-112.96593,28.73336],[-112.96595,28.73335],[-112.966,28.73334],[-112.96603,28.73333],[-112.96607,28.73332],[-112.96613,28.73332],[-112.96618,28.73332],[-112.96621,28.73333],[-112.96624,28.73334],[-112.96627,28.73335],[-112.9663,28.73335],[-112.96633,28.73334],[-112.96642,28.73335],[-112.96645,28.73338],[-112.96651,28.73342],[-112.96653,28.73342],[-112.96657,28.73343],[-112.96665,28.73343],[-112.96668,28.73344],[-112.96671,28.73345],[-112.96673,28.73348],[-112.96676,28.73352],[-112.96676,28.73354],[-112.96676,28.73355],[-112.96674,28.73357],[-112.96674,28.73358],[-112.96673,28.7336],[-112.96674,28.7336],[-112.96675,28.73361],[-112.96677,28.73361],[-112.96685,28.7336],[-112.96687,28.7336],[-112.9669,28.73361],[-112.9669,28.73361],[-112.96691,28.73363],[-112.9669,28.73368],[-112.96691,28.7337],[-112.96691,28.73371],[-112.9669,28.73373],[-112.96689,28.73376],[-112.96687,28.73378],[-112.96684,28.73379],[-112.96682,28.7338],[-112.9668,28.73382],[-112.96678,28.73384],[-112.96677,28.73387],[-112.96674,28.7339],[-112.96673,28.73393],[-112.96675,28.73396],[-112.96678,28.73397],[-112.96681,28.73397],[-112.96683,28.73395],[-112.96684,28.73393],[-112.96684,28.73391],[-112.96687,28.73389],[-112.96691,28.73387],[-112.96693,28.73383],[-112.96695,28.73381],[-112.96699,28.73379],[-112.96704,28.73379],[-112.96709,28.7338],[-112.9671,28.73384],[-112.96709,28.73389],[-112.96707,28.73391],[-112.96701,28.73392],[-112.96699,28.73392],[-112.96698,28.73394],[-112.96699,28.73396],[-112.96702,28.73397],[-112.96707,28.73397],[-112.96709,28.73399],[-112.9671,28.73401],[-112.9671,28.73406],[-112.96708,28.73408],[-112.96704,28.73409],[-112.967,28.73409],[-112.96694,28.73409],[-112.9669,28.73409],[-112.96688,28.7341],[-112.96686,28.73412],[-112.96685,28.73416],[-112.96684,28.73418],[-112.96678,28.7342],[-112.96672,28.73421],[-112.96671,28.73422],[-112.96669,28.73425],[-112.9667,28.73435],[-112.9667,28.73436],[-112.96667,28.73437],[-112.96646,28.73437],[-112.96645,28.73436],[-112.96644,28.73434],[-112.96642,28.73425],[-112.96639,28.73421],[-112.96636,28.7342],[-112.96631,28.73418],[-112.96627,28.73417]]],[[[-112.96084,28.7346],[-112.96081,28.73459],[-112.96076,28.73459],[-112.96072,28.73464],[-112.96072,28.73473],[-112.96073,28.73478],[-112.96072,28.73483],[-112.96069,28.73488],[-112.96064,28.73491],[-112.96054,28.73493],[-112.96043,28.73492],[-112.96031,28.73486],[-112.96023,28.7348],[-112.96018,28.73472],[-112.96013,28.73464],[-112.96009,28.73459],[-112.96008,28.73454],[-112.96011,28.73447],[-112.96017,28.7344],[-112.96054,28.73423],[-112.96088,28.73404],[-112.9609,28.73396],[-112.96086,28.73384],[-112.9608,28.73376],[-112.96069,28.73367],[-112.95934,28.73306],[-112.95927,28.73305],[-112.9592,28.73302],[-112.95916,28.73299],[-112.95912,28.73295],[-112.95912,28.73288],[-112.9592,28.73273],[-112.95929,28.73249],[-112.95927,28.73233],[-112.95924,28.73217],[-112.95917,28.73205],[-112.9591,28.73194],[-112.95904,28.73178],[-112.95894,28.73156],[-112.95875,28.73124],[-112.95811,28.73037],[-112.95798,28.73013],[-112.95788,28.72997],[-112.95775,28.72986],[-112.95749,28.7298],[-112.95731,28.7298],[-112.95714,28.7298],[-112.95702,28.72974],[-112.95676,28.7295],[-112.95672,28.72947],[-112.95666,28.72945],[-112.95659,28.72944],[-112.95651,28.72944],[-112.95648,28.72947],[-112.9563,28.7297],[-112.95629,28.72976],[-112.95629,28.7298],[-112.95634,28.72987],[-112.95652,28.73002],[-112.95655,28.73007],[-112.95658,28.73013],[-112.95655,28.73016],[-112.95649,28.73019],[-112.95642,28.73023],[-112.95641,28.73031],[-112.95637,28.73036],[-112.95631,28.73038],[-112.95625,28.73038],[-112.95623,28.73038],[-112.9562,28.73037],[-112.95617,28.73035],[-112.95616,28.73034],[-112.95613,28.73029],[-112.95613,28.73025],[-112.95613,28.73024],[-112.9561,28.73022],[-112.95607,28.73022],[-112.95605,28.73021],[-112.95602,28.73019],[-112.95601,28.73015],[-112.95601,28.7301],[-112.95601,28.73008],[-112.95599,28.73007],[-112.95596,28.73006],[-112.95593,28.73004],[-112.95593,28.73001],[-112.95594,28.72997],[-112.95594,28.72995],[-112.95594,28.72993],[-112.95592,28.72992],[-112.95585,28.72991],[-112.95569,28.7299],[-112.9556,28.72987],[-112.95537,28.72984],[-112.95523,28.7298],[-112.95516,28.72977],[-112.9551,28.72968],[-112.95507,28.72961],[-112.95496,28.72953],[-112.95479,28.72935],[-112.95471,28.72926],[-112.95461,28.72918],[-112.95448,28.72901],[-112.95432,28.72888],[-112.95417,28.72876],[-112.95406,28.7286],[-112.95403,28.72843],[-112.95405,28.72825],[-112.95406,28.72812],[-112.95409,28.72794],[-112.95408,28.72785],[-112.95407,28.72774],[-112.954,28.72761],[-112.95394,28.72751],[-112.95385,28.72737],[-112.95373,28.72716],[-112.95366,28.72701],[-112.95361,28.72683],[-112.95359,28.72678],[-112.95358,28.7267],[-112.95359,28.72648],[-112.95358,28.72644],[-112.95356,28.7264],[-112.95354,28.72638],[-112.95345,28.7263],[-112.95292,28.72568],[-112.95287,28.72564],[-112.95281,28.72562],[-112.95275,28.72561],[-112.95268,28.72562],[-112.95244,28.72572],[-112.95238,28.72578],[-112.95236,28.72585],[-112.95236,28.7259],[-112.95238,28.72596],[-112.95242,28.726],[-112.95252,28.72612],[-112.95259,28.72636],[-112.95276,28.72687],[-112.95286,28.72727],[-112.95291,28.72756],[-112.95289,28.72799],[-112.95284,28.7284],[-112.95279,28.7285],[-112.95274,28.72854],[-112.95267,28.72857],[-112.95258,28.72859],[-112.95247,28.72859],[-112.95236,28.72854],[-112.9523,28.72849],[-112.95215,28.7284],[-112.95206,28.72835],[-112.95192,28.7282],[-112.95187,28.72813],[-112.95183,28.72808],[-112.95181,28.728],[-112.95181,28.72794],[-112.95175,28.7279],[-112.9517,28.72779],[-112.95167,28.72775],[-112.95164,28.72774],[-112.95158,28.72775],[-112.95154,28.72782],[-112.95148,28.72788],[-112.95143,28.72789],[-112.95136,28.7279],[-112.95133,28.72786],[-112.95129,28.72783],[-112.9513,28.72779],[-112.95132,28.72774],[-112.95133,28.72765],[-112.95131,28.72755],[-112.95128,28.72749],[-112.9512,28.72744],[-112.95115,28.72744],[-112.95108,28.72745],[-112.95102,28.72746],[-112.95095,28.72747],[-112.95087,28.72746],[-112.95084,28.72742],[-112.95082,28.72738],[-112.95081,28.72732],[-112.9508,28.72725],[-112.95078,28.7272],[-112.95065,28.72708],[-112.95054,28.72694],[-112.95044,28.72678],[-112.95033,28.72656],[-112.95027,28.72634],[-112.95027,28.72609],[-112.95024,28.72587],[-112.9502,28.72574],[-112.95015,28.7257],[-112.94996,28.72567],[-112.94986,28.72563],[-112.94981,28.72557],[-112.94963,28.72527],[-112.94959,28.72511],[-112.94953,28.72504],[-112.94936,28.72492],[-112.94918,28.72471],[-112.94905,28.72435],[-112.94901,28.7243],[-112.94895,28.72426],[-112.94888,28.72425],[-112.9488,28.72426],[-112.94874,28.72431],[-112.94865,28.72434],[-112.94861,28.72434],[-112.94855,28.72429],[-112.94851,28.72426],[-112.94846,28.7242],[-112.94846,28.72411],[-112.94848,28.72404],[-112.94853,28.72396],[-112.94858,28.72388],[-112.94859,28.72379],[-112.94858,28.72373],[-112.94851,28.72368],[-112.94848,28.72358],[-112.94848,28.72347],[-112.94809,28.72263],[-112.94804,28.72254],[-112.94797,28.72249],[-112.9479,28.72248],[-112.9478,28.72249],[-112.94772,28.72247],[-112.94769,28.72243],[-112.94764,28.7224],[-112.94762,28.72236],[-112.9476,28.72229],[-112.94759,28.72225],[-112.94748,28.72224],[-112.94739,28.72224],[-112.94732,28.72232],[-112.94726,28.72241],[-112.94721,28.72259],[-112.9472,28.72264],[-112.94716,28.72267],[-112.94709,28.72264],[-112.94703,28.72253],[-112.94697,28.72247],[-112.94692,28.72238],[-112.94684,28.72225],[-112.94679,28.72213],[-112.94677,28.72189],[-112.94675,28.72169],[-112.94661,28.72115],[-112.94651,28.72022],[-112.94643,28.71999],[-112.94642,28.71989],[-112.94646,28.71972],[-112.94651,28.71955],[-112.94654,28.71945],[-112.94652,28.71939],[-112.94648,28.71936],[-112.94642,28.71931],[-112.94637,28.71918],[-112.94635,28.71908],[-112.94636,28.71895],[-112.94638,28.71882],[-112.94641,28.71874],[-112.94647,28.7186],[-112.94647,28.71851],[-112.94647,28.71845],[-112.94641,28.7184],[-112.94638,28.71835],[-112.94629,28.71716],[-112.94647,28.71727],[-112.94669,28.71743],[-112.94685,28.71757],[-112.947,28.71775],[-112.9473,28.71802],[-112.94742,28.71819],[-112.94747,28.71828],[-112.94752,28.71845],[-112.94757,28.71869],[-112.94758,28.7188],[-112.94763,28.71886],[-112.94773,28.7189],[-112.94782,28.71892],[-112.94796,28.71891],[-112.94802,28.71897],[-112.94807,28.71904],[-112.94813,28.71908],[-112.94824,28.71909],[-112.9484,28.71909],[-112.94862,28.71911],[-112.9487,28.7192],[-112.9488,28.71944],[-112.9489,28.7196],[-112.94896,28.71967],[-112.94907,28.71975],[-112.94924,28.71989],[-112.9494,28.71999],[-112.94956,28.72008],[-112.94977,28.72024],[-112.94991,28.72039],[-112.9502,28.72064],[-112.95024,28.72074],[-112.95025,28.7209],[-112.95023,28.72095],[-112.95019,28.72097],[-112.95013,28.72098],[-112.95007,28.72102],[-112.95006,28.72106],[-112.95007,28.72115],[-112.95011,28.72123],[-112.95017,28.72137],[-112.95035,28.72158],[-112.95038,28.72164],[-112.95042,28.72169],[-112.95043,28.72174],[-112.95043,28.72206],[-112.95044,28.72224],[-112.9505,28.72236],[-112.95058,28.72246],[-112.95069,28.72262],[-112.95089,28.72304],[-112.9513,28.72387],[-112.95176,28.7248],[-112.95184,28.72486],[-112.95191,28.72487],[-112.95201,28.72488],[-112.95213,28.72488],[-112.95224,28.72485],[-112.95229,28.72482],[-112.95233,28.72478],[-112.95237,28.72468],[-112.95235,28.72453],[-112.9523,28.72443],[-112.95225,28.7241],[-112.95223,28.7237],[-112.95227,28.72353],[-112.9523,28.72345],[-112.95237,28.72339],[-112.95249,28.7233],[-112.95267,28.72317],[-112.95273,28.72309],[-112.95279,28.72296],[-112.95282,28.72291],[-112.95287,28.72286],[-112.95294,28.72283],[-112.95299,28.72283],[-112.95305,28.72283],[-112.95312,28.72285],[-112.95318,28.72287],[-112.95321,28.7229],[-112.95325,28.72294],[-112.95325,28.72297],[-112.95327,28.72305],[-112.95329,28.72311],[-112.95332,28.72314],[-112.95338,28.72314],[-112.95343,28.72313],[-112.95345,28.72309],[-112.95346,28.72303],[-112.9535,28.72297],[-112.95357,28.72291],[-112.95362,28.72285],[-112.95363,28.72277],[-112.95367,28.72268],[-112.95375,28.7226],[-112.95383,28.72251],[-112.95389,28.72249],[-112.95398,28.72247],[-112.95403,28.72246],[-112.9541,28.72249],[-112.95413,28.72252],[-112.95416,28.72266],[-112.95415,28.72297],[-112.95413,28.72328],[-112.95415,28.72352],[-112.95423,28.72371],[-112.95433,28.72383],[-112.95446,28.72392],[-112.95459,28.72398],[-112.95466,28.72399],[-112.95478,28.72398],[-112.95489,28.72393],[-112.95495,28.72387],[-112.95499,28.7238],[-112.955,28.72373],[-112.95502,28.72369],[-112.95507,28.72366],[-112.95519,28.72368],[-112.95532,28.72377],[-112.95545,28.72398],[-112.95551,28.72403],[-112.95558,28.72406],[-112.95564,28.72406],[-112.95578,28.72405],[-112.95591,28.72408],[-112.95604,28.72416],[-112.95611,28.72425],[-112.9567,28.72459],[-112.95693,28.72459],[-112.95701,28.72457],[-112.95712,28.72446],[-112.95721,28.72429],[-112.95721,28.72416],[-112.95715,28.72399],[-112.95709,28.72386],[-112.95707,28.72368],[-112.95704,28.72356],[-112.95704,28.72334],[-112.95683,28.72292],[-112.95682,28.72285],[-112.95684,28.72278],[-112.9569,28.7227],[-112.95705,28.72264],[-112.95723,28.72264],[-112.95735,28.72271],[-112.95741,28.7228],[-112.95746,28.72283],[-112.95752,28.72282],[-112.95753,28.72276],[-112.95759,28.72267],[-112.95768,28.72261],[-112.9578,28.72258],[-112.95788,28.72258],[-112.95801,28.72268],[-112.95862,28.72344],[-112.95876,28.7238],[-112.95876,28.72407],[-112.95872,28.72509],[-112.95873,28.72569],[-112.95869,28.7258],[-112.95862,28.72589],[-112.95857,28.72595],[-112.9585,28.72598],[-112.95844,28.72606],[-112.95842,28.72616],[-112.95843,28.72622],[-112.9585,28.72637],[-112.95852,28.72654],[-112.95852,28.72673],[-112.95847,28.72759],[-112.95843,28.72765],[-112.95836,28.72774],[-112.95836,28.72777],[-112.95838,28.72779],[-112.95843,28.72781],[-112.95848,28.72782],[-112.95853,28.72786],[-112.95858,28.72791],[-112.95864,28.72794],[-112.95873,28.72796],[-112.95882,28.72798],[-112.95889,28.72801],[-112.95898,28.72802],[-112.95904,28.72801],[-112.9591,28.72799],[-112.95917,28.72796],[-112.95928,28.72795],[-112.9593,28.7279],[-112.9593,28.72785],[-112.95928,28.72781],[-112.9593,28.7277],[-112.95936,28.72762],[-112.9597,28.72743],[-112.95993,28.72734],[-112.96002,28.72733],[-112.96012,28.72738],[-112.96015,28.72749],[-112.96024,28.72822],[-112.96036,28.72843],[-112.96054,28.72873],[-112.96078,28.72916],[-112.96082,28.72926],[-112.96082,28.72937],[-112.96092,28.72939],[-112.96099,28.72936],[-112.96099,28.72929],[-112.96098,28.7292],[-112.961,28.72907],[-112.96104,28.72902],[-112.9611,28.72899],[-112.96116,28.72899],[-112.96121,28.72902],[-112.96126,28.72911],[-112.96132,28.72921],[-112.96143,28.72927],[-112.96146,28.72933],[-112.96144,28.72942],[-112.96141,28.72947],[-112.96114,28.72957],[-112.96104,28.72964],[-112.96098,28.7297],[-112.96095,28.72974],[-112.96094,28.72983],[-112.96094,28.7299],[-112.96096,28.72999],[-112.961,28.73013],[-112.96105,28.7302],[-112.96107,28.73024],[-112.96108,28.73031],[-112.96111,28.73039],[-112.96111,28.73043],[-112.96114,28.73048],[-112.96116,28.73052],[-112.96118,28.73054],[-112.96122,28.73057],[-112.96126,28.73059],[-112.96135,28.73066],[-112.96149,28.73074],[-112.96213,28.73097],[-112.96232,28.73099],[-112.96244,28.73104],[-112.96251,28.73114],[-112.9629,28.73162],[-112.96299,28.73175],[-112.96308,28.7318],[-112.96321,28.73181],[-112.96333,28.73175],[-112.96345,28.73166],[-112.9635,28.73158],[-112.96365,28.73151],[-112.96379,28.7315],[-112.96393,28.73148],[-112.964,28.73143],[-112.96403,28.73135],[-112.96407,28.73122],[-112.96405,28.73113],[-112.96403,28.73109],[-112.96393,28.73097],[-112.96391,28.73092],[-112.96392,28.73087],[-112.96399,28.73078],[-112.96403,28.73075],[-112.96409,28.73072],[-112.96425,28.73068],[-112.96434,28.73064],[-112.96439,28.73057],[-112.96443,28.73054],[-112.9645,28.73054],[-112.96459,28.73059],[-112.9647,28.73063],[-112.96481,28.73068],[-112.96491,28.7307],[-112.96499,28.73078],[-112.96514,28.7308],[-112.96528,28.73085],[-112.96535,28.73092],[-112.9654,28.73097],[-112.96549,28.73101],[-112.96555,28.73105],[-112.96562,28.73109],[-112.96567,28.73113],[-112.96571,28.73119],[-112.96571,28.73137],[-112.96572,28.73155],[-112.96572,28.73172],[-112.9657,28.73181],[-112.96565,28.73188],[-112.96549,28.73196],[-112.96544,28.732],[-112.96542,28.73209],[-112.96532,28.7323],[-112.96519,28.73252],[-112.96499,28.73288],[-112.96472,28.73319],[-112.96452,28.73352],[-112.96426,28.73369],[-112.96414,28.73376],[-112.9639,28.73375],[-112.9638,28.73381],[-112.96366,28.73392],[-112.96367,28.73422],[-112.96358,28.73434],[-112.96348,28.73438],[-112.96327,28.73433],[-112.96312,28.73437],[-112.96296,28.73444],[-112.96284,28.73452],[-112.96275,28.73461],[-112.96266,28.73468],[-112.96253,28.73481],[-112.96233,28.73491],[-112.96204,28.73499],[-112.96194,28.735],[-112.96184,28.735],[-112.96171,28.73499],[-112.96162,28.73499],[-112.96154,28.73498],[-112.96145,28.73496],[-112.96132,28.73491],[-112.96124,28.73487],[-112.9611,28.73481],[-112.96105,28.73477],[-112.96093,28.73463],[-112.9609,28.7346],[-112.96084,28.7346]]],[[[-114.27757,28.67059],[-114.27754,28.67058],[-114.27752,28.67058],[-114.27746,28.67058],[-114.27742,28.67056],[-114.27738,28.67055],[-114.27732,28.67054],[-114.27725,28.67055],[-114.27715,28.67055],[-114.27708,28.67056],[-114.27702,28.67053],[-114.27699,28.67051],[-114.27697,28.67046],[-114.27694,28.67041],[-114.2769,28.67032],[-114.27683,28.67026],[-114.27675,28.67021],[-114.27667,28.67017],[-114.27661,28.67016],[-114.27659,28.67006],[-114.27659,28.67003],[-114.2766,28.66999],[-114.27663,28.66995],[-114.27664,28.66993],[-114.27663,28.66989],[-114.27662,28.66987],[-114.27659,28.66984],[-114.27657,28.66981],[-114.27657,28.66979],[-114.27658,28.66976],[-114.27662,28.66975],[-114.27665,28.66975],[-114.27668,28.66974],[-114.27672,28.6697],[-114.27678,28.66965],[-114.27683,28.66963],[-114.27688,28.66962],[-114.27692,28.66961],[-114.27683,28.66956],[-114.27683,28.66948],[-114.27684,28.66943],[-114.27686,28.66939],[-114.27685,28.66933],[-114.27685,28.66929],[-114.27692,28.66924],[-114.27705,28.66923],[-114.27706,28.66913],[-114.27711,28.66909],[-114.27721,28.66908],[-114.27725,28.66904],[-114.27732,28.66902],[-114.27739,28.66896],[-114.27749,28.66884],[-114.27759,28.66877],[-114.27766,28.66869],[-114.27772,28.66867],[-114.27778,28.66867],[-114.27782,28.66868],[-114.27787,28.6687],[-114.27793,28.66871],[-114.27796,28.66872],[-114.278,28.66872],[-114.27807,28.66872],[-114.27823,28.66875],[-114.27825,28.66876],[-114.27826,28.66878],[-114.27823,28.66881],[-114.27823,28.66882],[-114.27825,28.66883],[-114.27829,28.66882],[-114.2783,28.66881],[-114.27832,28.6688],[-114.27836,28.66879],[-114.2784,28.6688],[-114.27845,28.66883],[-114.27859,28.66895],[-114.27864,28.669],[-114.27869,28.66907],[-114.27872,28.66915],[-114.27875,28.66917],[-114.27877,28.66918],[-114.27883,28.66917],[-114.2789,28.66916],[-114.27893,28.66917],[-114.27896,28.66919],[-114.27902,28.66923],[-114.2791,28.66928],[-114.2792,28.66936],[-114.2792,28.66939],[-114.2792,28.66941],[-114.27918,28.66943],[-114.27919,28.66944],[-114.2792,28.66945],[-114.27922,28.66945],[-114.27923,28.66944],[-114.27924,28.6694],[-114.27925,28.66935],[-114.27927,28.66933],[-114.2793,28.66932],[-114.27933,28.66932],[-114.27936,28.66932],[-114.27938,28.66935],[-114.27939,28.66937],[-114.27939,28.66941],[-114.27937,28.66945],[-114.27935,28.66949],[-114.27934,28.66954],[-114.27933,28.66957],[-114.2793,28.66959],[-114.27926,28.66959],[-114.27922,28.66958],[-114.2792,28.66958],[-114.27919,28.66958],[-114.27917,28.66958],[-114.27916,28.66958],[-114.27916,28.66959],[-114.27916,28.66961],[-114.27918,28.66962],[-114.27921,28.66965],[-114.27922,28.66967],[-114.27923,28.66968],[-114.27929,28.66969],[-114.27935,28.66973],[-114.27939,28.66976],[-114.27942,28.66976],[-114.27944,28.66977],[-114.27946,28.66978],[-114.27947,28.66981],[-114.27946,28.66983],[-114.27945,28.66985],[-114.27945,28.66987],[-114.27942,28.66989],[-114.2794,28.66989],[-114.27937,28.66989],[-114.27934,28.66989],[-114.27932,28.6699],[-114.27929,28.66993],[-114.27925,28.66996],[-114.27921,28.67],[-114.27919,28.67004],[-114.27917,28.67006],[-114.27914,28.67007],[-114.27906,28.67007],[-114.27901,28.67007],[-114.27897,28.67008],[-114.27894,28.6701],[-114.27891,28.67013],[-114.27889,28.67016],[-114.27884,28.67017],[-114.27881,28.67016],[-114.27876,28.67014],[-114.27874,28.67014],[-114.27867,28.67011],[-114.27861,28.6701],[-114.2786,28.6701],[-114.2786,28.67012],[-114.27862,28.67014],[-114.27869,28.67018],[-114.2787,28.67021],[-114.2787,28.67025],[-114.2787,28.67032],[-114.2787,28.67036],[-114.27868,28.67041],[-114.27864,28.67043],[-114.27858,28.67044],[-114.27853,28.67044],[-114.27836,28.67041],[-114.27817,28.67037],[-114.27806,28.67035],[-114.27795,28.67031],[-114.27787,28.67029],[-114.27784,28.67029],[-114.27782,28.6703],[-114.2778,28.67035],[-114.27777,28.6704],[-114.27776,28.67041],[-114.27774,28.67042],[-114.27764,28.67042],[-114.27762,28.67042],[-114.27762,28.67043],[-114.27762,28.67043],[-114.27763,28.67044],[-114.27769,28.67046],[-114.2777,28.67049],[-114.27771,28.67053],[-114.27777,28.67055],[-114.27778,28.67058],[-114.27776,28.67061],[-114.27769,28.67063],[-114.27765,28.67063],[-114.27761,28.67061],[-114.27757,28.67059]]],[[[-114.27979,28.69391],[-114.27959,28.69391],[-114.27926,28.69394],[-114.27891,28.694],[-114.2787,28.69398],[-114.27849,28.69391],[-114.27836,28.6938],[-114.27834,28.69375],[-114.27837,28.69366],[-114.27857,28.69348],[-114.27858,28.69321],[-114.27862,28.69297],[-114.279,28.6928],[-114.27929,28.69264],[-114.27968,28.69257],[-114.28004,28.69265],[-114.28044,28.69291],[-114.28068,28.69312],[-114.28086,28.6933],[-114.28086,28.69351],[-114.28076,28.69368],[-114.28055,28.69372],[-114.28044,28.69387],[-114.28029,28.69403],[-114.27996,28.69402],[-114.27979,28.69391]]],[[[-112.9851,28.8264],[-112.98484,28.82626],[-112.98473,28.82628],[-112.9844,28.82622],[-112.98416,28.8261],[-112.98382,28.82615],[-112.98355,28.8262],[-112.98331,28.82635],[-112.98309,28.82622],[-112.98287,28.82609],[-112.98253,28.82611],[-112.98225,28.82626],[-112.98216,28.8264],[-112.98187,28.82642],[-112.98161,28.82642],[-112.98144,28.82653],[-112.98129,28.82667],[-112.98091,28.82667],[-112.9806,28.82653],[-112.98035,28.8264],[-112.97989,28.82617],[-112.97986,28.82617],[-112.97873,28.82583],[-112.97872,28.82583],[-112.97824,28.82586],[-112.97773,28.82582],[-112.97755,28.82583],[-112.97719,28.82573],[-112.97674,28.8257],[-112.97613,28.82561],[-112.97574,28.82549],[-112.97534,28.82522],[-112.97514,28.8251],[-112.97506,28.82496],[-112.97495,28.8248],[-112.9749,28.82428],[-112.97495,28.82402],[-112.97501,28.8238],[-112.97524,28.823],[-112.97525,28.82288],[-112.97583,28.82181],[-112.97639,28.82123],[-112.97657,28.82114],[-112.97672,28.82097],[-112.97693,28.82087],[-112.97724,28.82081],[-112.97743,28.82084],[-112.9776,28.82087],[-112.97788,28.82091],[-112.97817,28.82095],[-112.97829,28.821],[-112.97841,28.82105],[-112.9786,28.82106],[-112.97884,28.82112],[-112.97927,28.82116],[-112.97965,28.82121],[-112.98007,28.82123],[-112.98044,28.82115],[-112.98045,28.82115],[-112.98051,28.82118],[-112.98076,28.82096],[-112.98099,28.82087],[-112.98142,28.82097],[-112.9816,28.82101],[-112.98178,28.82115],[-112.98187,28.82128],[-112.98203,28.82147],[-112.98202,28.82172],[-112.98213,28.82188],[-112.98237,28.82194],[-112.98259,28.8222],[-112.98284,28.82249],[-112.98293,28.82253],[-112.98294,28.82253],[-112.9831,28.82267],[-112.98327,28.82278],[-112.98354,28.82286],[-112.9837,28.82295],[-112.98393,28.82302],[-112.98417,28.82305],[-112.98443,28.82317],[-112.98467,28.82325],[-112.98486,28.8233],[-112.98514,28.82345],[-112.98571,28.82384],[-112.98612,28.82391],[-112.98635,28.82403],[-112.98637,28.82427],[-112.9863,28.82445],[-112.98617,28.82462],[-112.98606,28.82487],[-112.98588,28.82529],[-112.98601,28.82559],[-112.98652,28.82589],[-112.98645,28.82599],[-112.98612,28.8261],[-112.98572,28.82634],[-112.98558,28.8265],[-112.9854,28.82645],[-112.9851,28.8264]]],[[[-112.99847,28.83698],[-112.99846,28.83686],[-112.99847,28.83674],[-112.99849,28.83663],[-112.99856,28.83654],[-112.99867,28.83648],[-112.99881,28.83641],[-112.99891,28.83634],[-112.99904,28.8363],[-112.99913,28.83633],[-112.99916,28.83635],[-112.99919,28.83637],[-112.99921,28.83639],[-112.99929,28.83639],[-112.99932,28.83637],[-112.9994,28.83636],[-112.99956,28.83639],[-112.99959,28.83646],[-112.99961,28.8365],[-112.99964,28.83658],[-112.99962,28.83664],[-112.99959,28.83671],[-112.99952,28.83676],[-112.99943,28.83683],[-112.99939,28.83687],[-112.99926,28.83691],[-112.99919,28.83693],[-112.99912,28.83694],[-112.99903,28.83692],[-112.99899,28.83689],[-112.9989,28.83685],[-112.99882,28.83688],[-112.99874,28.83695],[-112.99866,28.83702],[-112.9986,28.83707],[-112.9985,28.83705],[-112.99847,28.83698]]],[[[-113.35811,28.82603],[-113.35825,28.82598],[-113.35839,28.82598],[-113.35847,28.82599],[-113.35852,28.82601],[-113.35855,28.82605],[-113.35857,28.82608],[-113.35858,28.82643],[-113.35856,28.8265],[-113.35838,28.82671],[-113.35831,28.8273],[-113.35828,28.82741],[-113.35823,28.82748],[-113.35793,28.82768],[-113.35776,28.8278],[-113.35769,28.8279],[-113.35763,28.82795],[-113.35751,28.82798],[-113.35736,28.82794],[-113.35727,28.82784],[-113.35724,28.8277],[-113.35727,28.82732],[-113.35734,28.82708],[-113.3575,28.82682],[-113.35751,28.82662],[-113.35752,28.82651],[-113.35759,28.82641],[-113.35774,28.82622],[-113.35786,28.82614],[-113.35811,28.82603]]],[[[-114.3516,28.76792],[-114.35157,28.76792],[-114.35149,28.76792],[-114.35147,28.76792],[-114.35145,28.76792],[-114.35144,28.7679],[-114.35144,28.76789],[-114.35142,28.76787],[-114.3514,28.76787],[-114.35139,28.76787],[-114.35138,28.76786],[-114.35137,28.76785],[-114.35138,28.76783],[-114.35139,28.7678],[-114.35139,28.76777],[-114.35137,28.76775],[-114.35133,28.76775],[-114.35123,28.76775],[-114.35118,28.76773],[-114.35114,28.76771],[-114.35111,28.7677],[-114.35111,28.7677],[-114.35106,28.76769],[-114.35101,28.76768],[-114.35097,28.76767],[-114.35093,28.76763],[-114.35093,28.76758],[-114.35094,28.76753],[-114.35095,28.76748],[-114.35101,28.76746],[-114.35104,28.76742],[-114.35104,28.76741],[-114.35106,28.76739],[-114.35106,28.76736],[-114.35107,28.76733],[-114.35108,28.7673],[-114.35111,28.76728],[-114.35111,28.76726],[-114.35111,28.76722],[-114.35112,28.76717],[-114.35113,28.76715],[-114.35116,28.76714],[-114.3512,28.76713],[-114.35127,28.76713],[-114.35133,28.76713],[-114.35137,28.76712],[-114.35145,28.7671],[-114.35149,28.76709],[-114.3515,28.76709],[-114.35154,28.76708],[-114.35159,28.76708],[-114.35162,28.76706],[-114.35165,28.76705],[-114.3517,28.76704],[-114.35171,28.76703],[-114.35175,28.76702],[-114.35177,28.76702],[-114.35186,28.76705],[-114.35194,28.76708],[-114.35199,28.76712],[-114.35211,28.76724],[-114.35216,28.76728],[-114.35218,28.76729],[-114.3522,28.76728],[-114.35221,28.76727],[-114.3522,28.76722],[-114.35219,28.76718],[-114.35221,28.76716],[-114.35224,28.76714],[-114.35228,28.76714],[-114.35232,28.76716],[-114.35241,28.76727],[-114.35246,28.76738],[-114.35246,28.76743],[-114.35245,28.76746],[-114.35241,28.76748],[-114.35237,28.76749],[-114.35232,28.7675],[-114.35232,28.76752],[-114.35232,28.76754],[-114.35232,28.76759],[-114.35233,28.76762],[-114.35234,28.76766],[-114.35235,28.76771],[-114.35236,28.76776],[-114.35232,28.76778],[-114.35232,28.76778],[-114.3523,28.76778],[-114.3523,28.76781],[-114.35229,28.76782],[-114.35228,28.76784],[-114.35226,28.76785],[-114.35223,28.76785],[-114.35221,28.76785],[-114.3522,28.76786],[-114.35218,28.76788],[-114.35216,28.76789],[-114.35214,28.76789],[-114.35212,28.76789],[-114.3521,28.76788],[-114.35209,28.76787],[-114.35208,28.76784],[-114.35207,28.76783],[-114.35203,28.76785],[-114.35199,28.76785],[-114.35196,28.76786],[-114.35193,28.76786],[-114.35192,28.76786],[-114.35188,28.76787],[-114.35187,28.76788],[-114.35187,28.76788],[-114.35187,28.7679],[-114.35188,28.76791],[-114.35188,28.76793],[-114.35188,28.76796],[-114.35187,28.76798],[-114.35184,28.76799],[-114.3518,28.768],[-114.35173,28.768],[-114.35171,28.768],[-114.35168,28.76799],[-114.35167,28.76797],[-114.35166,28.76795],[-114.35164,28.76793],[-114.3516,28.76792]]],[[[-113.02971,28.88844],[-113.02959,28.88837],[-113.02947,28.8883],[-113.02931,28.88825],[-113.02918,28.88816],[-113.02905,28.88806],[-113.02888,28.88798],[-113.02868,28.8879],[-113.02845,28.88786],[-113.02814,28.88778],[-113.02797,28.88764],[-113.02775,28.88758],[-113.02766,28.88747],[-113.02751,28.88735],[-113.02737,28.88722],[-113.02722,28.88705],[-113.02701,28.88684],[-113.02687,28.88671],[-113.02678,28.88658],[-113.02674,28.88648],[-113.0267,28.88635],[-113.02669,28.88615],[-113.02671,28.88599],[-113.02686,28.88584],[-113.02703,28.88575],[-113.02719,28.88569],[-113.02737,28.88561],[-113.02755,28.88555],[-113.02777,28.88549],[-113.02804,28.88544],[-113.02826,28.88542],[-113.02846,28.88539],[-113.0287,28.88536],[-113.02889,28.88538],[-113.02941,28.88554],[-113.02975,28.8857],[-113.02998,28.88584],[-113.03011,28.886],[-113.03025,28.88611],[-113.03037,28.88627],[-113.03047,28.88641],[-113.03062,28.8866],[-113.0308,28.88677],[-113.03097,28.887],[-113.03114,28.88721],[-113.03124,28.88729],[-113.03128,28.88734],[-113.03133,28.8874],[-113.03133,28.88749],[-113.03129,28.88758],[-113.03122,28.88763],[-113.03103,28.88769],[-113.03086,28.88775],[-113.03066,28.88786],[-113.03057,28.88793],[-113.03054,28.88803],[-113.03052,28.88822],[-113.03049,28.8883],[-113.03035,28.88835],[-113.03019,28.88842],[-113.03003,28.88842],[-113.02984,28.88846],[-113.02971,28.88844]]],[[[-113.03653,28.90061],[-113.03642,28.90061],[-113.03633,28.90062],[-113.03622,28.90061],[-113.03605,28.90058],[-113.03585,28.90049],[-113.0357,28.90045],[-113.03534,28.90037],[-113.03508,28.90031],[-113.03491,28.9002],[-113.03469,28.90004],[-113.03434,28.89992],[-113.03399,28.8998],[-113.03296,28.89949],[-113.0329,28.89947],[-113.03281,28.8994],[-113.03273,28.89934],[-113.03268,28.89926],[-113.03266,28.89914],[-113.03261,28.89901],[-113.03257,28.89878],[-113.03253,28.89828],[-113.03247,28.89785],[-113.03238,28.89724],[-113.03238,28.89689],[-113.03247,28.89643],[-113.03257,28.89608],[-113.03275,28.8957],[-113.03308,28.89524],[-113.03342,28.89488],[-113.03367,28.89465],[-113.03406,28.89445],[-113.03447,28.89432],[-113.03479,28.8942],[-113.03501,28.89406],[-113.03517,28.89393],[-113.03539,28.89369],[-113.03565,28.8933],[-113.03584,28.89298],[-113.03604,28.89272],[-113.03652,28.89195],[-113.03689,28.8915],[-113.03726,28.89112],[-113.0375,28.89089],[-113.0378,28.89063],[-113.03802,28.89041],[-113.03911,28.8894],[-113.03956,28.8889],[-113.0399,28.88851],[-113.04006,28.88828],[-113.04021,28.88804],[-113.04033,28.88784],[-113.0404,28.88765],[-113.04043,28.88742],[-113.04044,28.88715],[-113.04041,28.88699],[-113.0404,28.88691],[-113.04042,28.88682],[-113.04048,28.88668],[-113.04056,28.88647],[-113.04058,28.88633],[-113.04058,28.88624],[-113.04055,28.88619],[-113.04054,28.88611],[-113.04056,28.88605],[-113.04055,28.88599],[-113.04054,28.88593],[-113.04052,28.88581],[-113.04052,28.88572],[-113.04052,28.88564],[-113.0405,28.88552],[-113.04046,28.88542],[-113.04042,28.8853],[-113.0404,28.88505],[-113.04037,28.88471],[-113.04037,28.8846],[-113.04038,28.88453],[-113.04046,28.88446],[-113.04054,28.88438],[-113.04063,28.88433],[-113.04091,28.88427],[-113.04129,28.88418],[-113.04166,28.88407],[-113.04191,28.884],[-113.04233,28.88382],[-113.04279,28.88371],[-113.04295,28.88367],[-113.04312,28.8836],[-113.04332,28.88356],[-113.04342,28.88358],[-113.04353,28.88356],[-113.0436,28.88352],[-113.04378,28.8835],[-113.04391,28.8835],[-113.04408,28.8836],[-113.04417,28.88362],[-113.04434,28.88362],[-113.04446,28.88365],[-113.04468,28.88377],[-113.04494,28.88394],[-113.04535,28.88416],[-113.04603,28.88468],[-113.04618,28.88479],[-113.04622,28.88488],[-113.04626,28.88513],[-113.04626,28.8852],[-113.0463,28.88528],[-113.04637,28.88538],[-113.04641,28.88545],[-113.04649,28.88547],[-113.04655,28.88551],[-113.04659,28.88555],[-113.04659,28.8856],[-113.04657,28.88563],[-113.04654,28.88565],[-113.04655,28.88567],[-113.04656,28.88573],[-113.04657,28.88589],[-113.04655,28.88597],[-113.04656,28.88602],[-113.04657,28.88606],[-113.0466,28.88608],[-113.04665,28.88611],[-113.04668,28.88618],[-113.04666,28.88627],[-113.04665,28.88631],[-113.04659,28.88635],[-113.04654,28.88638],[-113.04652,28.88641],[-113.04653,28.88646],[-113.04657,28.8865],[-113.04662,28.88655],[-113.04663,28.88666],[-113.04664,28.88678],[-113.04659,28.88691],[-113.04649,28.88699],[-113.0463,28.88705],[-113.04622,28.88711],[-113.0461,28.88724],[-113.04593,28.88728],[-113.0458,28.88729],[-113.04568,28.88739],[-113.04542,28.88759],[-113.04524,28.88782],[-113.04495,28.88816],[-113.04482,28.88846],[-113.04477,28.88874],[-113.04477,28.88893],[-113.04488,28.88923],[-113.04494,28.88943],[-113.04511,28.88959],[-113.0452,28.8897],[-113.04525,28.88985],[-113.04526,28.89001],[-113.04528,28.89015],[-113.04536,28.89023],[-113.04547,28.89035],[-113.04551,28.89045],[-113.04548,28.89054],[-113.04546,28.89066],[-113.04549,28.89076],[-113.04554,28.89088],[-113.04557,28.89103],[-113.04564,28.89111],[-113.04568,28.89119],[-113.04584,28.89135],[-113.04593,28.89146],[-113.04597,28.89157],[-113.04601,28.89163],[-113.04611,28.89174],[-113.04619,28.89185],[-113.04626,28.89194],[-113.04653,28.89241],[-113.04656,28.8925],[-113.04667,28.89257],[-113.04676,28.89265],[-113.04689,28.89267],[-113.04715,28.89271],[-113.04739,28.89279],[-113.04744,28.89284],[-113.04746,28.8929],[-113.04744,28.89298],[-113.04749,28.89304],[-113.04756,28.89313],[-113.04763,28.89323],[-113.04769,28.89328],[-113.04775,28.89332],[-113.04783,28.89334],[-113.04786,28.89337],[-113.04791,28.8934],[-113.04793,28.89344],[-113.04795,28.8935],[-113.048,28.89362],[-113.04802,28.89378],[-113.048,28.89381],[-113.04798,28.89383],[-113.04789,28.89383],[-113.04783,28.89383],[-113.04776,28.89381],[-113.04773,28.89381],[-113.04772,28.89382],[-113.04772,28.89384],[-113.04775,28.89389],[-113.04781,28.89398],[-113.04785,28.89409],[-113.04791,28.89416],[-113.04793,28.89419],[-113.04798,28.8942],[-113.04801,28.89422],[-113.04803,28.89435],[-113.04803,28.8944],[-113.04801,28.89442],[-113.04797,28.89444],[-113.04792,28.89444],[-113.04788,28.89445],[-113.04786,28.89448],[-113.04783,28.8945],[-113.04774,28.8945],[-113.04771,28.89451],[-113.0477,28.89452],[-113.0477,28.89454],[-113.0477,28.89457],[-113.04764,28.89465],[-113.04761,28.89466],[-113.04755,28.89466],[-113.04754,28.89466],[-113.04751,28.89465],[-113.0475,28.89464],[-113.0475,28.89461],[-113.0475,28.89459],[-113.0475,28.89457],[-113.0475,28.89455],[-113.0475,28.89454],[-113.04746,28.89453],[-113.04744,28.8945],[-113.04743,28.89442],[-113.04743,28.89439],[-113.04742,28.89439],[-113.04741,28.89439],[-113.04739,28.89442],[-113.04737,28.89444],[-113.04729,28.89445],[-113.04724,28.89445],[-113.04721,28.89443],[-113.0472,28.8944],[-113.04719,28.89435],[-113.04719,28.89433],[-113.04716,28.89431],[-113.04711,28.89429],[-113.04709,28.89425],[-113.04708,28.89417],[-113.04707,28.89413],[-113.04707,28.8941],[-113.04706,28.89406],[-113.04702,28.89403],[-113.04698,28.89396],[-113.04698,28.89392],[-113.04699,28.89389],[-113.04702,28.89386],[-113.04702,28.89383],[-113.04703,28.89379],[-113.04704,28.89377],[-113.04706,28.89373],[-113.04703,28.89351],[-113.04704,28.89347],[-113.04706,28.89342],[-113.04706,28.89339],[-113.04704,28.89336],[-113.04705,28.89329],[-113.04704,28.89322],[-113.04703,28.8932],[-113.04701,28.89317],[-113.047,28.89313],[-113.047,28.8931],[-113.04701,28.89308],[-113.04698,28.89306],[-113.04695,28.89303],[-113.04693,28.89299],[-113.0469,28.89292],[-113.04681,28.89281],[-113.04653,28.89264],[-113.04635,28.89253],[-113.04624,28.89249],[-113.04623,28.89242],[-113.04619,28.89239],[-113.04616,28.89238],[-113.04613,28.89238],[-113.0461,28.8924],[-113.04606,28.89241],[-113.04598,28.89242],[-113.04595,28.89242],[-113.04591,28.89241],[-113.04588,28.89239],[-113.04587,28.89235],[-113.04586,28.89228],[-113.04586,28.89226],[-113.04584,28.89226],[-113.04581,28.89229],[-113.0458,28.89232],[-113.04577,28.89233],[-113.04572,28.89233],[-113.04569,28.89231],[-113.04564,28.89228],[-113.04562,28.89223],[-113.04558,28.89218],[-113.04545,28.89213],[-113.04526,28.89193],[-113.04514,28.89173],[-113.04511,28.89161],[-113.04514,28.8915],[-113.04514,28.89141],[-113.04509,28.89131],[-113.04499,28.8912],[-113.04489,28.89097],[-113.04482,28.89061],[-113.04467,28.8903],[-113.04458,28.89013],[-113.0445,28.89007],[-113.0444,28.89005],[-113.04384,28.89009],[-113.04298,28.89014],[-113.04229,28.89021],[-113.04128,28.89053],[-113.04078,28.89078],[-113.04058,28.89095],[-113.04028,28.89116],[-113.04007,28.89151],[-113.03981,28.89188],[-113.03966,28.89214],[-113.03953,28.8924],[-113.0393,28.8929],[-113.039,28.8936],[-113.0389,28.89381],[-113.03859,28.89425],[-113.0383,28.89465],[-113.03789,28.89529],[-113.03759,28.89613],[-113.03743,28.89689],[-113.03741,28.89715],[-113.03745,28.89752],[-113.03754,28.89781],[-113.03769,28.89809],[-113.03786,28.89833],[-113.03801,28.89861],[-113.03809,28.89885],[-113.03822,28.89935],[-113.03826,28.89951],[-113.03837,28.89967],[-113.03856,28.89991],[-113.03861,28.89994],[-113.03863,28.89995],[-113.0387,28.89995],[-113.03882,28.89994],[-113.03893,28.89994],[-113.03903,28.89994],[-113.03908,28.89995],[-113.0391,28.89998],[-113.03911,28.90004],[-113.0391,28.90008],[-113.03909,28.90014],[-113.03901,28.9002],[-113.03881,28.90024],[-113.0387,28.90025],[-113.03867,28.90024],[-113.03863,28.90022],[-113.03859,28.90022],[-113.03855,28.90023],[-113.03846,28.90026],[-113.03839,28.90027],[-113.03831,28.90028],[-113.03829,28.90028],[-113.03826,28.90027],[-113.03822,28.90027],[-113.03807,28.90033],[-113.03793,28.90039],[-113.03781,28.90038],[-113.03767,28.90032],[-113.03761,28.90031],[-113.03749,28.90033],[-113.0374,28.90035],[-113.03724,28.90036],[-113.03708,28.90037],[-113.03692,28.90038],[-113.03686,28.9004],[-113.03683,28.90044],[-113.03683,28.90047],[-113.03686,28.90048],[-113.03691,28.9005],[-113.03694,28.90054],[-113.03693,28.90063],[-113.03685,28.90069],[-113.03676,28.90072],[-113.03667,28.90069],[-113.03661,28.90065],[-113.03653,28.90061]]],[[[-113.35796,28.88306],[-113.35792,28.88295],[-113.35793,28.88283],[-113.35796,28.88263],[-113.35795,28.88252],[-113.35799,28.88249],[-113.35812,28.88247],[-113.35824,28.8825],[-113.35859,28.88268],[-113.35876,28.88285],[-113.35883,28.88287],[-113.35892,28.88287],[-113.35898,28.88284],[-113.35905,28.88274],[-113.35916,28.88269],[-113.35935,28.88267],[-113.35954,28.88258],[-113.3596,28.88255],[-113.35966,28.88255],[-113.35986,28.88256],[-113.35989,28.88257],[-113.35991,28.88258],[-113.35994,28.8827],[-113.35994,28.88272],[-113.35993,28.88273],[-113.35992,28.88274],[-113.35953,28.88295],[-113.3595,28.88295],[-113.35946,28.88295],[-113.35939,28.88293],[-113.35933,28.88293],[-113.35926,28.88295],[-113.35921,28.88299],[-113.35918,28.88305],[-113.3592,28.88315],[-113.35927,28.88327],[-113.35926,28.88336],[-113.35919,28.88341],[-113.35911,28.88343],[-113.35848,28.88335],[-113.35805,28.88312],[-113.35796,28.88306]]],[[[-113.04311,28.91197],[-113.043,28.91185],[-113.04294,28.91183],[-113.0429,28.91178],[-113.04287,28.91173],[-113.04285,28.91165],[-113.04283,28.91156],[-113.04288,28.9115],[-113.04289,28.91144],[-113.04288,28.91137],[-113.0429,28.91127],[-113.04294,28.91119],[-113.04299,28.91116],[-113.04304,28.91115],[-113.04308,28.91117],[-113.04311,28.91118],[-113.04314,28.91118],[-113.04317,28.91117],[-113.04316,28.91114],[-113.04315,28.91111],[-113.04312,28.91109],[-113.04308,28.91105],[-113.04307,28.91101],[-113.04307,28.91097],[-113.04313,28.91092],[-113.04325,28.91087],[-113.04337,28.91087],[-113.0434,28.91086],[-113.0434,28.91086],[-113.0434,28.91084],[-113.04336,28.91084],[-113.0433,28.91084],[-113.04326,28.91084],[-113.04323,28.91081],[-113.04324,28.91078],[-113.04324,28.91076],[-113.04324,28.91073],[-113.04324,28.91071],[-113.04326,28.91069],[-113.04336,28.9107],[-113.04342,28.9107],[-113.04346,28.91072],[-113.04349,28.91075],[-113.0436,28.91079],[-113.04374,28.9108],[-113.04379,28.91081],[-113.0438,28.91084],[-113.04379,28.9109],[-113.04376,28.91093],[-113.04371,28.91093],[-113.04372,28.91096],[-113.04374,28.91099],[-113.04378,28.91102],[-113.04385,28.91105],[-113.04394,28.91106],[-113.04409,28.91106],[-113.04415,28.91107],[-113.04417,28.9111],[-113.04418,28.91116],[-113.04418,28.91118],[-113.04418,28.91119],[-113.04422,28.91119],[-113.04428,28.91119],[-113.0443,28.9112],[-113.04431,28.91123],[-113.04432,28.91128],[-113.04431,28.9113],[-113.04427,28.91131],[-113.04425,28.91131],[-113.04423,28.91133],[-113.04424,28.91143],[-113.04425,28.91145],[-113.04426,28.91147],[-113.04426,28.9115],[-113.04422,28.91155],[-113.04416,28.91158],[-113.04399,28.9116],[-113.04395,28.9116],[-113.04394,28.91161],[-113.04393,28.91164],[-113.04393,28.91169],[-113.04393,28.91174],[-113.04391,28.91177],[-113.04383,28.9118],[-113.04378,28.91184],[-113.04371,28.91185],[-113.04366,28.91185],[-113.04362,28.91183],[-113.0436,28.91179],[-113.0436,28.91176],[-113.04357,28.91175],[-113.04348,28.91176],[-113.04344,28.91176],[-113.04338,28.91175],[-113.04336,28.91171],[-113.04336,28.91166],[-113.04335,28.91163],[-113.04329,28.91162],[-113.04326,28.91161],[-113.04324,28.91159],[-113.0432,28.91159],[-113.04317,28.91161],[-113.04313,28.91163],[-113.04313,28.91166],[-113.04312,28.91173],[-113.04314,28.91179],[-113.04319,28.91182],[-113.04325,28.91184],[-113.0433,28.91184],[-113.04331,28.91183],[-113.04334,28.91181],[-113.04335,28.9118],[-113.04341,28.9118],[-113.04346,28.91181],[-113.0435,28.91184],[-113.04352,28.91189],[-113.04357,28.91192],[-113.04359,28.91195],[-113.04358,28.91198],[-113.04354,28.91199],[-113.04345,28.912],[-113.04344,28.91201],[-113.04344,28.91202],[-113.04349,28.91203],[-113.04356,28.91203],[-113.04359,28.91206],[-113.0436,28.91211],[-113.04356,28.91215],[-113.04342,28.91217],[-113.04336,28.91216],[-113.04332,28.91212],[-113.04331,28.91211],[-113.04325,28.91209],[-113.04319,28.91208],[-113.04311,28.91197]]],[[[-113.38361,28.92322],[-113.38352,28.92288],[-113.38371,28.92289],[-113.38371,28.9228],[-113.3837,28.92269],[-113.38355,28.92236],[-113.38374,28.92231],[-113.38394,28.92242],[-113.38408,28.92245],[-113.38418,28.92257],[-113.38428,28.92271],[-113.38435,28.92289],[-113.3844,28.92299],[-113.38446,28.9231],[-113.38451,28.92318],[-113.38453,28.9233],[-113.38462,28.92339],[-113.38461,28.92355],[-113.38471,28.92359],[-113.38487,28.92366],[-113.38494,28.92382],[-113.38495,28.92392],[-113.38488,28.92403],[-113.38494,28.92412],[-113.38503,28.92427],[-113.38517,28.9245],[-113.38528,28.92471],[-113.38526,28.92488],[-113.38521,28.9251],[-113.38511,28.92524],[-113.38506,28.92534],[-113.38514,28.92586],[-113.38503,28.92606],[-113.38492,28.92622],[-113.38495,28.92634],[-113.38478,28.92649],[-113.38455,28.92655],[-113.38437,28.92606],[-113.38435,28.92555],[-113.38429,28.92533],[-113.38417,28.9252],[-113.38413,28.92506],[-113.38412,28.92498],[-113.38401,28.92496],[-113.38398,28.92491],[-113.38391,28.92479],[-113.38388,28.92459],[-113.38377,28.92438],[-113.38365,28.92409],[-113.38365,28.9239],[-113.38363,28.9237],[-113.38363,28.92353],[-113.3836,28.92344],[-113.38359,28.92334],[-113.38361,28.92322]]],[[[-113.48099,28.95527],[-113.48109,28.95525],[-113.48117,28.95527],[-113.48162,28.95546],[-113.48212,28.95565],[-113.48241,28.95577],[-113.48266,28.9558],[-113.4828,28.95585],[-113.48297,28.95589],[-113.48306,28.95594],[-113.48309,28.95601],[-113.48309,28.95609],[-113.48305,28.95617],[-113.48298,28.95626],[-113.4829,28.95638],[-113.48284,28.95643],[-113.48265,28.95648],[-113.48245,28.95647],[-113.48229,28.95644],[-113.48208,28.95631],[-113.48185,28.95615],[-113.48174,28.95608],[-113.48161,28.95604],[-113.48128,28.95588],[-113.48106,28.95576],[-113.48077,28.95553],[-113.48062,28.95552],[-113.48063,28.95542],[-113.48099,28.95527]]],[[[-113.47358,28.95643],[-113.47351,28.95634],[-113.47351,28.95627],[-113.47357,28.95616],[-113.47364,28.95601],[-113.47389,28.95588],[-113.474,28.95583],[-113.47421,28.95575],[-113.47454,28.95578],[-113.47486,28.95566],[-113.4752,28.95565],[-113.47571,28.95555],[-113.47595,28.95561],[-113.476,28.9556],[-113.4761,28.95555],[-113.47623,28.95553],[-113.47641,28.95538],[-113.47644,28.95537],[-113.47653,28.95538],[-113.47659,28.95538],[-113.47665,28.95539],[-113.4767,28.95542],[-113.47675,28.95545],[-113.47682,28.95552],[-113.4769,28.95558],[-113.477,28.9556],[-113.47709,28.95561],[-113.47718,28.95564],[-113.47728,28.9557],[-113.4773,28.95573],[-113.47732,28.95577],[-113.47731,28.95583],[-113.47731,28.95584],[-113.47735,28.95583],[-113.47739,28.95583],[-113.47741,28.95589],[-113.4774,28.95593],[-113.47738,28.95595],[-113.47733,28.95597],[-113.4773,28.95597],[-113.47731,28.956],[-113.47731,28.95604],[-113.47731,28.95607],[-113.47726,28.9561],[-113.4772,28.95611],[-113.47709,28.95611],[-113.47692,28.95619],[-113.47673,28.95625],[-113.47653,28.95637],[-113.47644,28.95639],[-113.47632,28.95641],[-113.47614,28.95643],[-113.47588,28.95653],[-113.47556,28.95661],[-113.47534,28.95669],[-113.47517,28.95682],[-113.47502,28.95694],[-113.47488,28.95706],[-113.47462,28.95719],[-113.47445,28.95714],[-113.47421,28.95702],[-113.47412,28.95697],[-113.47405,28.95696],[-113.47397,28.95683],[-113.47386,28.95668],[-113.47387,28.95665],[-113.47379,28.9566],[-113.47366,28.95654],[-113.47366,28.95648],[-113.47358,28.95643]]],[[[-113.47547,28.96784],[-113.47602,28.96731],[-113.47663,28.96693],[-113.47752,28.96661],[-113.47818,28.96634],[-113.47863,28.96631],[-113.47896,28.96673],[-113.479,28.96677],[-113.47904,28.9668],[-113.47909,28.96682],[-113.47955,28.967],[-113.48007,28.96712],[-113.48041,28.96716],[-113.481,28.96712],[-113.48107,28.96712],[-113.48115,28.96715],[-113.48138,28.9673],[-113.48142,28.96736],[-113.48143,28.96742],[-113.48133,28.96779],[-113.48118,28.96796],[-113.48115,28.96803],[-113.48112,28.96811],[-113.48111,28.9682],[-113.48113,28.96838],[-113.4812,28.96877],[-113.48124,28.96888],[-113.48133,28.96894],[-113.48138,28.96898],[-113.48142,28.96907],[-113.48153,28.96963],[-113.48163,28.97019],[-113.48167,28.9705],[-113.48192,28.97136],[-113.48194,28.97172],[-113.48189,28.97203],[-113.48173,28.9724],[-113.48083,28.9737],[-113.48077,28.97388],[-113.48075,28.97414],[-113.4808,28.9743],[-113.48089,28.97442],[-113.48101,28.97452],[-113.48164,28.97485],[-113.48291,28.97548],[-113.48318,28.97587],[-113.48334,28.97598],[-113.4835,28.97606],[-113.48422,28.97631],[-113.48463,28.97654],[-113.48493,28.97684],[-113.48509,28.97711],[-113.48514,28.97738],[-113.4852,28.97793],[-113.48527,28.97848],[-113.48526,28.97866],[-113.4852,28.9788],[-113.48511,28.9789],[-113.48491,28.97893],[-113.48474,28.97891],[-113.48388,28.97853],[-113.48308,28.97823],[-113.48238,28.97782],[-113.48204,28.97759],[-113.4817,28.97741],[-113.48138,28.97716],[-113.48053,28.97683],[-113.47977,28.9765],[-113.47913,28.97621],[-113.47845,28.97591],[-113.47786,28.97557],[-113.47739,28.97521],[-113.47709,28.9749],[-113.4767,28.97425],[-113.47629,28.9735],[-113.4759,28.97248],[-113.47564,28.97186],[-113.4754,28.97123],[-113.47522,28.97067],[-113.47506,28.97015],[-113.47498,28.96958],[-113.47496,28.96894],[-113.47515,28.96835],[-113.47547,28.96784]]],[[[-113.51899,28.99797],[-113.51896,28.99795],[-113.51892,28.99796],[-113.51884,28.99796],[-113.5188,28.99795],[-113.51877,28.99792],[-113.51876,28.9979],[-113.5187,28.99789],[-113.51858,28.99786],[-113.51849,28.99781],[-113.51838,28.99776],[-113.51835,28.99772],[-113.51837,28.99768],[-113.51839,28.99764],[-113.51847,28.99759],[-113.51851,28.99755],[-113.51855,28.99751],[-113.51856,28.99746],[-113.51849,28.99706],[-113.51845,28.99699],[-113.51843,28.99694],[-113.51845,28.9969],[-113.51846,28.99684],[-113.51868,28.99673],[-113.51877,28.99666],[-113.5188,28.99659],[-113.51879,28.99653],[-113.51876,28.99646],[-113.51869,28.99636],[-113.51858,28.99628],[-113.51847,28.99619],[-113.51828,28.99602],[-113.51824,28.99596],[-113.51819,28.99573],[-113.51812,28.99556],[-113.51807,28.99542],[-113.51805,28.99522],[-113.51805,28.99514],[-113.51807,28.99513],[-113.51808,28.99512],[-113.51811,28.99512],[-113.51813,28.99513],[-113.51818,28.99516],[-113.5184,28.99527],[-113.51859,28.99532],[-113.51867,28.99541],[-113.51871,28.99548],[-113.51874,28.99562],[-113.51881,28.99579],[-113.51893,28.99589],[-113.51898,28.99598],[-113.51902,28.99606],[-113.51915,28.99613],[-113.51933,28.99617],[-113.51949,28.99616],[-113.51967,28.99614],[-113.51978,28.99613],[-113.51986,28.99616],[-113.51995,28.99626],[-113.51998,28.99633],[-113.52,28.99644],[-113.52004,28.99666],[-113.52007,28.99671],[-113.52012,28.99675],[-113.52021,28.99678],[-113.52026,28.9968],[-113.52031,28.99683],[-113.52035,28.99689],[-113.52038,28.9969],[-113.52044,28.99691],[-113.52053,28.99688],[-113.52059,28.99687],[-113.52062,28.99688],[-113.52063,28.99689],[-113.52063,28.99695],[-113.52064,28.99697],[-113.52066,28.99697],[-113.52068,28.997],[-113.52071,28.99704],[-113.52073,28.99721],[-113.5207,28.99724],[-113.52069,28.99726],[-113.52067,28.99727],[-113.52064,28.99728],[-113.52049,28.9973],[-113.52045,28.99732],[-113.52043,28.99733],[-113.52027,28.99734],[-113.52025,28.99733],[-113.52022,28.99729],[-113.52019,28.99728],[-113.52014,28.99728],[-113.5201,28.9973],[-113.52009,28.99732],[-113.52009,28.99737],[-113.52008,28.99738],[-113.52005,28.99738],[-113.51998,28.99738],[-113.51996,28.99738],[-113.51994,28.99733],[-113.51996,28.99715],[-113.51999,28.99713],[-113.52003,28.99712],[-113.52008,28.9971],[-113.5201,28.99707],[-113.52008,28.99703],[-113.52005,28.99695],[-113.52,28.99692],[-113.51991,28.99686],[-113.51979,28.99682],[-113.51976,28.99682],[-113.51973,28.99684],[-113.5197,28.9969],[-113.51969,28.99697],[-113.51968,28.99699],[-113.51964,28.997],[-113.51956,28.99702],[-113.51953,28.99704],[-113.51952,28.99707],[-113.51951,28.9971],[-113.51947,28.99712],[-113.51945,28.99714],[-113.51944,28.99716],[-113.51945,28.99719],[-113.51949,28.99733],[-113.51955,28.99739],[-113.51957,28.99745],[-113.51957,28.99755],[-113.51953,28.99765],[-113.51943,28.99773],[-113.51931,28.99786],[-113.51921,28.99795],[-113.51912,28.998],[-113.51908,28.99801],[-113.51902,28.99799],[-113.51899,28.99797]]],[[[-113.5202,28.99947],[-113.52015,28.99942],[-113.52011,28.99939],[-113.52009,28.99936],[-113.52007,28.99932],[-113.52007,28.9993],[-113.52004,28.99929],[-113.52001,28.99928],[-113.51997,28.99926],[-113.51995,28.99922],[-113.51995,28.99917],[-113.51994,28.99914],[-113.51992,28.99911],[-113.51989,28.9991],[-113.51987,28.99909],[-113.51982,28.99907],[-113.51979,28.99906],[-113.51978,28.99905],[-113.51978,28.99903],[-113.51977,28.99897],[-113.51977,28.99895],[-113.51975,28.99895],[-113.51971,28.99895],[-113.51968,28.99893],[-113.51966,28.9989],[-113.51966,28.99871],[-113.51967,28.99868],[-113.51972,28.99866],[-113.51974,28.9986],[-113.51979,28.99856],[-113.51987,28.99854],[-113.51993,28.99853],[-113.51991,28.99843],[-113.51994,28.99839],[-113.51997,28.99837],[-113.51995,28.9982],[-113.51996,28.99811],[-113.51998,28.99804],[-113.51997,28.998],[-113.51997,28.99793],[-113.51997,28.99791],[-113.51998,28.9979],[-113.52009,28.99788],[-113.52013,28.99788],[-113.52015,28.99789],[-113.52016,28.9979],[-113.52018,28.99793],[-113.52031,28.99807],[-113.52046,28.99822],[-113.52059,28.99841],[-113.52063,28.99842],[-113.52068,28.9984],[-113.52068,28.99838],[-113.5207,28.99835],[-113.5207,28.99833],[-113.52073,28.99833],[-113.52078,28.99833],[-113.52083,28.99835],[-113.52086,28.99837],[-113.5209,28.99838],[-113.52099,28.99837],[-113.52108,28.99836],[-113.52115,28.99836],[-113.52121,28.99837],[-113.52124,28.9984],[-113.52124,28.99845],[-113.52122,28.99849],[-113.52119,28.99852],[-113.52112,28.99855],[-113.52107,28.9986],[-113.52097,28.99864],[-113.52094,28.99869],[-113.52092,28.99874],[-113.5209,28.99877],[-113.5209,28.99883],[-113.52091,28.99889],[-113.52096,28.999],[-113.52101,28.99904],[-113.52104,28.9991],[-113.52104,28.99915],[-113.52104,28.99918],[-113.52106,28.99923],[-113.52108,28.9993],[-113.5211,28.99934],[-113.52112,28.99938],[-113.5211,28.99943],[-113.52104,28.99945],[-113.521,28.99943],[-113.52099,28.99942],[-113.52097,28.99941],[-113.52092,28.9994],[-113.52089,28.99941],[-113.52075,28.99944],[-113.52065,28.99944],[-113.52049,28.99947],[-113.52042,28.99949],[-113.52038,28.99955],[-113.52034,28.99957],[-113.52029,28.99957],[-113.52025,28.99955],[-113.52024,28.99951],[-113.5202,28.99947]]],[[[-113.51254,29.00272],[-113.51223,29.00245],[-113.51188,29.00226],[-113.51156,29.00205],[-113.51128,29.00183],[-113.51082,29.00153],[-113.51043,29.00138],[-113.51022,29.00133],[-113.51002,29.00135],[-113.5096,29.00143],[-113.50894,29.00152],[-113.50844,29.00148],[-113.50799,29.00132],[-113.50773,29.00114],[-113.5074,29.00076],[-113.50719,29.00036],[-113.50705,29.00007],[-113.50686,28.99981],[-113.50657,28.9994],[-113.50631,28.99904],[-113.50598,28.99864],[-113.50571,28.99829],[-113.50534,28.99797],[-113.50506,28.99776],[-113.50458,28.99759],[-113.50404,28.99739],[-113.50378,28.99723],[-113.5034,28.99682],[-113.50318,28.99641],[-113.50307,28.99613],[-113.50298,28.99568],[-113.5029,28.99532],[-113.50283,28.99492],[-113.50279,28.99479],[-113.50277,28.99471],[-113.50275,28.99463],[-113.50269,28.99454],[-113.50255,28.99442],[-113.50226,28.99424],[-113.50204,28.99412],[-113.50199,28.99406],[-113.50198,28.99398],[-113.50201,28.99393],[-113.50202,28.99385],[-113.50208,28.99375],[-113.50219,28.99364],[-113.50256,28.9933],[-113.50262,28.99327],[-113.5027,28.99324],[-113.50288,28.99322],[-113.50348,28.99321],[-113.50379,28.99319],[-113.50405,28.99309],[-113.50428,28.99285],[-113.50443,28.99251],[-113.50455,28.99219],[-113.50469,28.99185],[-113.50476,28.99172],[-113.50485,28.99169],[-113.50492,28.99169],[-113.50511,28.99181],[-113.50525,28.99187],[-113.50531,28.99187],[-113.50545,28.99185],[-113.50566,28.99188],[-113.50577,28.99188],[-113.50592,28.99186],[-113.50601,28.99185],[-113.50617,28.9919],[-113.50631,28.99191],[-113.50643,28.99192],[-113.50645,28.99196],[-113.50659,28.99201],[-113.50673,28.99206],[-113.50679,28.99209],[-113.50684,28.99225],[-113.50687,28.99231],[-113.50694,28.99234],[-113.50704,28.99244],[-113.50708,28.99254],[-113.50719,28.99275],[-113.50731,28.99289],[-113.50741,28.99296],[-113.50752,28.99297],[-113.50777,28.99298],[-113.50793,28.99297],[-113.50816,28.99296],[-113.50831,28.99303],[-113.5084,28.99308],[-113.50846,28.99321],[-113.50853,28.99326],[-113.50871,28.99326],[-113.50889,28.99324],[-113.50902,28.99317],[-113.50917,28.99304],[-113.50932,28.99287],[-113.50943,28.99266],[-113.50946,28.99247],[-113.50945,28.99221],[-113.50942,28.99178],[-113.50944,28.99158],[-113.50948,28.9915],[-113.50953,28.99144],[-113.50962,28.99138],[-113.50971,28.99132],[-113.50983,28.99115],[-113.50991,28.99095],[-113.50999,28.99076],[-113.51,28.99065],[-113.51005,28.99059],[-113.51012,28.99056],[-113.51027,28.99058],[-113.51038,28.99058],[-113.51041,28.99054],[-113.51043,28.99048],[-113.51046,28.99037],[-113.51053,28.99031],[-113.51065,28.99024],[-113.51068,28.99014],[-113.51077,28.99001],[-113.51084,28.98993],[-113.51087,28.98987],[-113.5109,28.98982],[-113.5109,28.98974],[-113.51095,28.9896],[-113.51124,28.98918],[-113.51129,28.98876],[-113.51135,28.98873],[-113.51144,28.98872],[-113.51157,28.98875],[-113.51185,28.98897],[-113.51192,28.98942],[-113.51238,28.98984],[-113.51304,28.99078],[-113.51333,28.99143],[-113.51344,28.99148],[-113.51352,28.99149],[-113.51363,28.99146],[-113.51385,28.99129],[-113.51397,28.99128],[-113.51407,28.99131],[-113.51421,28.99143],[-113.51428,28.99183],[-113.51441,28.99235],[-113.51454,28.99265],[-113.51459,28.99275],[-113.51469,28.99282],[-113.51492,28.99285],[-113.51499,28.99287],[-113.51506,28.99291],[-113.51544,28.99348],[-113.51558,28.99351],[-113.51574,28.99348],[-113.51609,28.99353],[-113.51635,28.99375],[-113.51654,28.99378],[-113.51676,28.99367],[-113.5169,28.9937],[-113.51696,28.99384],[-113.51692,28.99394],[-113.51664,28.99403],[-113.51635,28.99395],[-113.51627,28.99401],[-113.51615,28.99425],[-113.51604,28.9945],[-113.51594,28.99481],[-113.51594,28.99519],[-113.51606,28.99548],[-113.51611,28.99573],[-113.51604,28.9959],[-113.5158,28.99612],[-113.51567,28.9962],[-113.51562,28.99632],[-113.51562,28.99651],[-113.51579,28.9973],[-113.51563,28.99748],[-113.51554,28.99819],[-113.51554,28.99875],[-113.51543,28.99935],[-113.51537,28.99944],[-113.5152,28.99947],[-113.51506,28.99934],[-113.51484,28.99916],[-113.51413,28.99859],[-113.514,28.99855],[-113.51388,28.99857],[-113.51357,28.99874],[-113.51351,28.99876],[-113.51343,28.99876],[-113.51308,28.99867],[-113.51298,28.99868],[-113.51289,28.99872],[-113.51255,28.99911],[-113.51237,28.99946],[-113.5123,28.99984],[-113.51259,29.0001],[-113.51267,29.00035],[-113.51274,29.00045],[-113.51285,29.00053],[-113.51332,29.00069],[-113.51381,29.00095],[-113.5143,29.00141],[-113.51441,29.00145],[-113.51451,29.00146],[-113.51488,29.0014],[-113.51496,29.00141],[-113.51503,29.00145],[-113.51521,29.00162],[-113.51541,29.0018],[-113.51555,29.00191],[-113.51557,29.00202],[-113.51547,29.00213],[-113.51523,29.00225],[-113.51498,29.00239],[-113.51478,29.00245],[-113.51457,29.00245],[-113.51429,29.0025],[-113.51396,29.0026],[-113.51366,29.00281],[-113.51353,29.00299],[-113.51334,29.00311],[-113.51304,29.0031],[-113.51254,29.00272]]],[[[-113.52228,29.00664],[-113.52225,29.00662],[-113.5222,29.00662],[-113.52212,29.00663],[-113.52201,29.00667],[-113.52197,29.0067],[-113.52196,29.00673],[-113.52196,29.00675],[-113.52198,29.00677],[-113.52202,29.00678],[-113.52206,29.00679],[-113.5221,29.00681],[-113.52211,29.00685],[-113.52211,29.00689],[-113.5221,29.00691],[-113.52207,29.00693],[-113.52203,29.00693],[-113.52194,29.00695],[-113.52188,29.00697],[-113.52184,29.00698],[-113.52181,29.00697],[-113.5218,29.00699],[-113.52179,29.00702],[-113.52177,29.00706],[-113.52175,29.00708],[-113.52173,29.0071],[-113.52167,29.00711],[-113.52164,29.00711],[-113.5216,29.0071],[-113.52158,29.00708],[-113.52156,29.00701],[-113.52157,29.00696],[-113.52158,29.00694],[-113.52159,29.00692],[-113.5216,29.00691],[-113.52161,29.00689],[-113.52159,29.00682],[-113.52158,29.0068],[-113.52155,29.00679],[-113.52152,29.00679],[-113.5215,29.00679],[-113.5215,29.0068],[-113.52152,29.00683],[-113.52154,29.00689],[-113.52154,29.00693],[-113.52153,29.00695],[-113.5215,29.00695],[-113.52147,29.00695],[-113.52142,29.00697],[-113.52138,29.00698],[-113.52135,29.00698],[-113.52132,29.00697],[-113.5213,29.00693],[-113.5213,29.00688],[-113.52131,29.00683],[-113.52132,29.00681],[-113.52135,29.00679],[-113.52137,29.00675],[-113.52138,29.00673],[-113.52138,29.00671],[-113.52138,29.00669],[-113.52138,29.00668],[-113.52137,29.00667],[-113.52136,29.00666],[-113.52134,29.00666],[-113.52132,29.00665],[-113.5213,29.00663],[-113.52129,29.00661],[-113.5213,29.00655],[-113.52131,29.00652],[-113.52131,29.0065],[-113.52129,29.00648],[-113.52128,29.00643],[-113.52126,29.00632],[-113.52125,29.0063],[-113.52122,29.00629],[-113.52121,29.00629],[-113.52118,29.00628],[-113.52116,29.00624],[-113.52116,29.00622],[-113.52114,29.0062],[-113.52113,29.00617],[-113.52112,29.00612],[-113.52109,29.00608],[-113.52106,29.00605],[-113.52106,29.00601],[-113.52105,29.00597],[-113.52103,29.00594],[-113.52103,29.0059],[-113.52101,29.00585],[-113.52098,29.00578],[-113.52097,29.00571],[-113.52098,29.00565],[-113.52099,29.00561],[-113.52106,29.00551],[-113.52111,29.00543],[-113.52112,29.0054],[-113.52111,29.00538],[-113.52111,29.00535],[-113.5211,29.00534],[-113.5211,29.00531],[-113.52111,29.00528],[-113.52113,29.00526],[-113.52114,29.00524],[-113.52115,29.0052],[-113.52117,29.00517],[-113.5212,29.00514],[-113.52122,29.00509],[-113.52122,29.00506],[-113.52122,29.00503],[-113.52125,29.00495],[-113.52129,29.00485],[-113.5213,29.00482],[-113.52133,29.0048],[-113.52134,29.00477],[-113.52134,29.00475],[-113.52134,29.00473],[-113.52136,29.0047],[-113.5214,29.00467],[-113.52142,29.00466],[-113.52143,29.00463],[-113.52144,29.00458],[-113.52144,29.00454],[-113.52148,29.00449],[-113.52153,29.00446],[-113.52159,29.00442],[-113.52164,29.00439],[-113.52172,29.00433],[-113.5218,29.00428],[-113.52184,29.00422],[-113.52188,29.00416],[-113.52202,29.00409],[-113.52209,29.00405],[-113.52214,29.00404],[-113.5222,29.00405],[-113.52226,29.00405],[-113.52235,29.00403],[-113.52243,29.004],[-113.5225,29.00399],[-113.52255,29.00401],[-113.52259,29.00402],[-113.52272,29.00398],[-113.5229,29.00388],[-113.52301,29.00379],[-113.52304,29.00374],[-113.52304,29.00371],[-113.52303,29.00365],[-113.52305,29.00358],[-113.52307,29.0035],[-113.52305,29.00342],[-113.52305,29.00338],[-113.52305,29.00332],[-113.52309,29.00324],[-113.52315,29.00309],[-113.52316,29.00304],[-113.52315,29.00301],[-113.52313,29.00299],[-113.52305,29.00295],[-113.52303,29.00287],[-113.52302,29.00277],[-113.52303,29.00271],[-113.52307,29.00265],[-113.52317,29.00261],[-113.52325,29.0026],[-113.52332,29.00261],[-113.52339,29.00263],[-113.52347,29.00266],[-113.52355,29.00267],[-113.52362,29.00263],[-113.52369,29.00257],[-113.52378,29.00251],[-113.52391,29.00243],[-113.52406,29.00235],[-113.52411,29.0023],[-113.52414,29.00224],[-113.52416,29.00218],[-113.52416,29.00211],[-113.52415,29.00204],[-113.52415,29.00198],[-113.52419,29.00191],[-113.52419,29.00187],[-113.52418,29.00183],[-113.52418,29.00177],[-113.52419,29.00174],[-113.5242,29.00169],[-113.52421,29.00165],[-113.52423,29.00162],[-113.52426,29.0016],[-113.52429,29.0016],[-113.52431,29.0016],[-113.52432,29.00164],[-113.52433,29.00174],[-113.52434,29.00183],[-113.52436,29.00189],[-113.52437,29.00197],[-113.52437,29.00205],[-113.52434,29.00218],[-113.52433,29.00224],[-113.52435,29.0023],[-113.5244,29.00238],[-113.52443,29.00243],[-113.52444,29.00248],[-113.52444,29.00255],[-113.52447,29.00263],[-113.5245,29.00274],[-113.52447,29.00279],[-113.52444,29.00281],[-113.52438,29.00285],[-113.52427,29.00293],[-113.52423,29.00296],[-113.52424,29.00299],[-113.52425,29.00303],[-113.5243,29.00306],[-113.52435,29.00311],[-113.52435,29.00317],[-113.52433,29.00327],[-113.5243,29.00333],[-113.52431,29.00337],[-113.52431,29.00343],[-113.52432,29.00347],[-113.52435,29.00348],[-113.52437,29.0035],[-113.5244,29.00353],[-113.52446,29.00354],[-113.52449,29.00357],[-113.52449,29.00362],[-113.52445,29.00367],[-113.52441,29.00372],[-113.52439,29.00376],[-113.52437,29.00385],[-113.52436,29.00388],[-113.52431,29.00389],[-113.52428,29.00388],[-113.52426,29.00387],[-113.52421,29.00384],[-113.52415,29.00384],[-113.52411,29.00385],[-113.52408,29.00382],[-113.52405,29.00382],[-113.52399,29.00381],[-113.52395,29.00382],[-113.52394,29.00384],[-113.52396,29.00387],[-113.52402,29.00389],[-113.52404,29.0039],[-113.52407,29.00393],[-113.52412,29.00395],[-113.52417,29.00396],[-113.52419,29.00399],[-113.5242,29.00405],[-113.52421,29.00412],[-113.5242,29.00419],[-113.52418,29.00423],[-113.52411,29.00438],[-113.5241,29.0044],[-113.52409,29.00448],[-113.5241,29.00455],[-113.52412,29.00471],[-113.52409,29.00478],[-113.52404,29.00481],[-113.52398,29.00481],[-113.52388,29.00474],[-113.52377,29.00464],[-113.52368,29.00449],[-113.52358,29.00439],[-113.52351,29.00435],[-113.52346,29.00434],[-113.52342,29.00435],[-113.52338,29.00438],[-113.52337,29.00443],[-113.52337,29.00448],[-113.52344,29.00456],[-113.52356,29.00466],[-113.52366,29.00478],[-113.52372,29.00488],[-113.52377,29.00496],[-113.52377,29.00502],[-113.52382,29.00514],[-113.52386,29.00522],[-113.52387,29.00533],[-113.52392,29.00538],[-113.52393,29.00546],[-113.52392,29.00549],[-113.5239,29.00551],[-113.52386,29.00551],[-113.52383,29.00552],[-113.52381,29.00553],[-113.52381,29.00559],[-113.5238,29.00568],[-113.52374,29.00578],[-113.52373,29.00581],[-113.5237,29.00583],[-113.52365,29.00583],[-113.52362,29.00575],[-113.5236,29.00572],[-113.52357,29.0057],[-113.52355,29.00568],[-113.52354,29.00566],[-113.52354,29.00563],[-113.52354,29.00561],[-113.52353,29.00558],[-113.52352,29.00556],[-113.52349,29.00555],[-113.52326,29.0054],[-113.52321,29.0054],[-113.52317,29.00544],[-113.52314,29.00546],[-113.52307,29.00547],[-113.52303,29.00548],[-113.52303,29.00552],[-113.52307,29.00556],[-113.52316,29.00563],[-113.52324,29.00568],[-113.52334,29.00575],[-113.52342,29.0058],[-113.52348,29.00583],[-113.52352,29.00585],[-113.52352,29.00589],[-113.5235,29.00591],[-113.52347,29.00594],[-113.52347,29.00598],[-113.52348,29.00603],[-113.5235,29.00607],[-113.52354,29.00612],[-113.52356,29.00617],[-113.52356,29.00624],[-113.52348,29.00641],[-113.52343,29.00657],[-113.52333,29.00679],[-113.52326,29.00687],[-113.52324,29.0069],[-113.5232,29.00692],[-113.52315,29.00695],[-113.52308,29.00695],[-113.52303,29.00697],[-113.52299,29.00699],[-113.52297,29.00703],[-113.52295,29.00708],[-113.52295,29.00711],[-113.52291,29.00715],[-113.52287,29.00721],[-113.52286,29.00722],[-113.52284,29.00724],[-113.5228,29.00725],[-113.52277,29.00725],[-113.52275,29.00725],[-113.52272,29.00722],[-113.5227,29.0072],[-113.52267,29.00719],[-113.52262,29.00716],[-113.52258,29.00712],[-113.52256,29.0071],[-113.52256,29.00706],[-113.52256,29.00701],[-113.52256,29.00698],[-113.52254,29.00696],[-113.52252,29.00693],[-113.52251,29.00689],[-113.52248,29.00686],[-113.52241,29.00684],[-113.52239,29.00683],[-113.52236,29.00679],[-113.52236,29.00676],[-113.52235,29.00673],[-113.52231,29.00672],[-113.5223,29.0067],[-113.5223,29.00668],[-113.5223,29.00665],[-113.52228,29.00664]]],[[[-113.51107,29.01177],[-113.51097,29.01177],[-113.51086,29.0118],[-113.51083,29.01179],[-113.51076,29.01173],[-113.51073,29.01166],[-113.51073,29.01159],[-113.51079,29.01155],[-113.51083,29.01153],[-113.5109,29.01148],[-113.51091,29.01142],[-113.5111,29.01121],[-113.5113,29.01108],[-113.51152,29.011],[-113.51188,29.01089],[-113.51213,29.01078],[-113.51222,29.01075],[-113.5124,29.01074],[-113.51256,29.01073],[-113.51273,29.01069],[-113.51291,29.01062],[-113.51314,29.01047],[-113.51356,29.01009],[-113.51395,29.00979],[-113.51407,29.00973],[-113.51422,29.0097],[-113.5144,29.00969],[-113.51473,29.00962],[-113.5149,29.0096],[-113.51513,29.00959],[-113.51526,29.00957],[-113.51538,29.00955],[-113.51555,29.00956],[-113.51573,29.00961],[-113.51587,29.00971],[-113.51593,29.00986],[-113.51594,29.01008],[-113.51594,29.01039],[-113.516,29.0105],[-113.51606,29.0106],[-113.51608,29.0107],[-113.51603,29.01079],[-113.51587,29.01091],[-113.51577,29.011],[-113.51568,29.01109],[-113.51552,29.01115],[-113.51546,29.01128],[-113.51536,29.0114],[-113.51527,29.01147],[-113.51523,29.01155],[-113.51517,29.01161],[-113.51505,29.01166],[-113.51478,29.01172],[-113.51456,29.01172],[-113.51431,29.01168],[-113.51413,29.01165],[-113.51393,29.01158],[-113.5139,29.01156],[-113.51379,29.01155],[-113.51367,29.01157],[-113.51359,29.01156],[-113.51336,29.01144],[-113.51329,29.01147],[-113.51321,29.01151],[-113.51308,29.01149],[-113.51293,29.01145],[-113.51283,29.0114],[-113.51281,29.0114],[-113.51279,29.0114],[-113.51275,29.01148],[-113.5127,29.01153],[-113.51266,29.01153],[-113.51261,29.01153],[-113.51259,29.01152],[-113.51253,29.01145],[-113.51251,29.01143],[-113.51246,29.01141],[-113.51239,29.01139],[-113.51236,29.01137],[-113.51231,29.01129],[-113.51227,29.01124],[-113.51223,29.01122],[-113.51215,29.01122],[-113.51212,29.01126],[-113.51208,29.01133],[-113.51206,29.01142],[-113.51198,29.01148],[-113.51189,29.0115],[-113.51176,29.01151],[-113.51171,29.01151],[-113.51166,29.01151],[-113.51157,29.01159],[-113.51136,29.01166],[-113.51133,29.01169],[-113.51131,29.01172],[-113.51133,29.01178],[-113.51138,29.01183],[-113.51145,29.01185],[-113.51197,29.01186],[-113.51203,29.01188],[-113.51206,29.01192],[-113.51206,29.01204],[-113.51207,29.01209],[-113.51205,29.01212],[-113.51142,29.01212],[-113.51137,29.01211],[-113.51132,29.01209],[-113.51117,29.01188],[-113.51113,29.01182],[-113.51107,29.01177]]],[[[-113.52437,29.01333],[-113.52433,29.01325],[-113.52431,29.0132],[-113.52428,29.01315],[-113.52424,29.01309],[-113.52421,29.01295],[-113.52418,29.01285],[-113.52417,29.01275],[-113.52414,29.01258],[-113.52413,29.01253],[-113.52411,29.0125],[-113.52409,29.01247],[-113.52407,29.01243],[-113.52406,29.01239],[-113.52405,29.01234],[-113.52406,29.01224],[-113.52408,29.01218],[-113.5241,29.01212],[-113.52411,29.01208],[-113.5241,29.01205],[-113.5241,29.01203],[-113.52409,29.012],[-113.52409,29.01195],[-113.52413,29.01184],[-113.52415,29.01177],[-113.52419,29.01172],[-113.52425,29.01164],[-113.52434,29.01155],[-113.52439,29.01149],[-113.52458,29.01121],[-113.52464,29.01114],[-113.52468,29.01109],[-113.5247,29.01103],[-113.52471,29.01099],[-113.52471,29.01086],[-113.52475,29.01078],[-113.52479,29.01074],[-113.52485,29.01073],[-113.52493,29.01072],[-113.525,29.01072],[-113.52503,29.01074],[-113.52505,29.01077],[-113.52506,29.01082],[-113.52507,29.01091],[-113.52507,29.011],[-113.52508,29.01103],[-113.52509,29.01105],[-113.52514,29.01105],[-113.52516,29.01108],[-113.52518,29.01118],[-113.52521,29.01122],[-113.52525,29.01128],[-113.52527,29.01138],[-113.52528,29.01144],[-113.52526,29.01154],[-113.52525,29.01162],[-113.52525,29.01165],[-113.52528,29.01169],[-113.52531,29.01173],[-113.52531,29.01179],[-113.52532,29.01187],[-113.52531,29.0119],[-113.52529,29.01191],[-113.52525,29.01192],[-113.52523,29.01192],[-113.52521,29.01194],[-113.52521,29.01195],[-113.52522,29.01198],[-113.52523,29.01201],[-113.5252,29.01204],[-113.5251,29.01206],[-113.52507,29.01205],[-113.52502,29.01203],[-113.525,29.012],[-113.52496,29.01197],[-113.52493,29.01194],[-113.52489,29.01193],[-113.52485,29.01195],[-113.52483,29.01196],[-113.52482,29.01198],[-113.52483,29.01202],[-113.52483,29.01208],[-113.52483,29.01212],[-113.52483,29.01215],[-113.52485,29.01217],[-113.52489,29.01217],[-113.52495,29.01216],[-113.52499,29.01217],[-113.52502,29.01221],[-113.52504,29.01227],[-113.52504,29.01231],[-113.52502,29.01233],[-113.525,29.01235],[-113.52498,29.01237],[-113.52493,29.01238],[-113.52488,29.01238],[-113.52483,29.01239],[-113.52477,29.01239],[-113.52472,29.01243],[-113.52471,29.01245],[-113.5247,29.01246],[-113.52471,29.01247],[-113.52475,29.01249],[-113.52483,29.01255],[-113.52489,29.01261],[-113.52494,29.01272],[-113.52495,29.01283],[-113.52492,29.01291],[-113.52491,29.01295],[-113.52494,29.01299],[-113.525,29.01307],[-113.52502,29.0131],[-113.52505,29.01313],[-113.52505,29.01321],[-113.52505,29.01329],[-113.52502,29.01332],[-113.52496,29.01335],[-113.52493,29.01334],[-113.5249,29.01332],[-113.52488,29.01327],[-113.52487,29.01325],[-113.52485,29.01325],[-113.52484,29.01326],[-113.52481,29.01329],[-113.52476,29.01332],[-113.52471,29.01334],[-113.52466,29.01335],[-113.52463,29.01336],[-113.52461,29.01338],[-113.52462,29.01341],[-113.52463,29.01344],[-113.52464,29.01347],[-113.52463,29.01349],[-113.52461,29.01351],[-113.52457,29.01352],[-113.52453,29.01351],[-113.52448,29.01348],[-113.52445,29.01346],[-113.52442,29.01343],[-113.5244,29.01338],[-113.52437,29.01333]]],[[[-113.50608,29.01366],[-113.50614,29.01364],[-113.50618,29.01365],[-113.50644,29.01369],[-113.50651,29.01371],[-113.50655,29.01376],[-113.50655,29.0138],[-113.50653,29.01387],[-113.5065,29.0139],[-113.50636,29.01393],[-113.50631,29.01396],[-113.50624,29.01401],[-113.50591,29.01432],[-113.50583,29.01436],[-113.5058,29.01439],[-113.50574,29.01443],[-113.5057,29.01447],[-113.50568,29.01452],[-113.50566,29.0146],[-113.50563,29.01465],[-113.50532,29.01493],[-113.50526,29.01494],[-113.50517,29.01494],[-113.50511,29.01493],[-113.50506,29.01489],[-113.505,29.01482],[-113.50498,29.01476],[-113.50495,29.01456],[-113.50496,29.01448],[-113.50497,29.0144],[-113.50501,29.01428],[-113.50506,29.0142],[-113.5052,29.0141],[-113.50539,29.01402],[-113.50559,29.01391],[-113.50578,29.01382],[-113.50593,29.01372],[-113.50608,29.01366]]],[[[-113.51432,29.01631],[-113.51421,29.01631],[-113.51417,29.01631],[-113.51414,29.0163],[-113.51413,29.0163],[-113.51408,29.01631],[-113.51404,29.01632],[-113.51399,29.01632],[-113.51394,29.0163],[-113.51391,29.0163],[-113.51389,29.0163],[-113.51386,29.01629],[-113.51384,29.01628],[-113.51382,29.01626],[-113.51381,29.01623],[-113.51381,29.0162],[-113.51382,29.01618],[-113.51384,29.01616],[-113.51385,29.01614],[-113.51385,29.01613],[-113.51385,29.01611],[-113.51385,29.01609],[-113.51384,29.01604],[-113.51383,29.01599],[-113.51385,29.01593],[-113.51387,29.0159],[-113.51388,29.01588],[-113.51386,29.01584],[-113.51386,29.01581],[-113.51382,29.01576],[-113.51376,29.01572],[-113.51372,29.01567],[-113.51367,29.01565],[-113.51363,29.01563],[-113.51352,29.01562],[-113.51347,29.01561],[-113.51346,29.01561],[-113.51345,29.01559],[-113.51347,29.01556],[-113.51347,29.0155],[-113.51345,29.01546],[-113.51342,29.01544],[-113.51338,29.01544],[-113.51335,29.01545],[-113.51331,29.01547],[-113.51325,29.01549],[-113.51322,29.01551],[-113.51321,29.01554],[-113.5132,29.01556],[-113.51317,29.01558],[-113.51315,29.01559],[-113.51312,29.01558],[-113.5131,29.01557],[-113.51308,29.01556],[-113.51308,29.01551],[-113.51313,29.01546],[-113.51321,29.01538],[-113.51324,29.01537],[-113.51327,29.01535],[-113.51331,29.01534],[-113.51335,29.01534],[-113.51335,29.01532],[-113.51335,29.0153],[-113.5133,29.01527],[-113.51325,29.01525],[-113.51318,29.01523],[-113.51312,29.01522],[-113.51308,29.0152],[-113.51302,29.01517],[-113.51299,29.01512],[-113.51297,29.01506],[-113.51296,29.01495],[-113.51296,29.01488],[-113.51296,29.01483],[-113.51293,29.01477],[-113.5129,29.01469],[-113.5129,29.01465],[-113.51291,29.01459],[-113.513,29.01451],[-113.51302,29.01449],[-113.51303,29.01447],[-113.51302,29.01445],[-113.51299,29.01444],[-113.51295,29.01443],[-113.51293,29.01441],[-113.51291,29.0144],[-113.51287,29.01438],[-113.51281,29.01438],[-113.51271,29.0144],[-113.51242,29.01441],[-113.5123,29.0144],[-113.51223,29.01436],[-113.51204,29.01432],[-113.51199,29.0143],[-113.51192,29.01429],[-113.51186,29.01428],[-113.51179,29.01426],[-113.51174,29.01425],[-113.51171,29.01425],[-113.51165,29.01426],[-113.51156,29.01427],[-113.5115,29.01425],[-113.51142,29.01422],[-113.51131,29.01418],[-113.51118,29.0142],[-113.51104,29.01419],[-113.51097,29.01418],[-113.51093,29.01412],[-113.51089,29.01409],[-113.51085,29.01407],[-113.51079,29.01407],[-113.51076,29.01402],[-113.51074,29.01389],[-113.51076,29.01377],[-113.51092,29.01358],[-113.51109,29.01336],[-113.51122,29.01327],[-113.51139,29.01319],[-113.51153,29.01316],[-113.51169,29.01314],[-113.5119,29.01314],[-113.51203,29.01317],[-113.51213,29.01323],[-113.51218,29.01332],[-113.51224,29.01355],[-113.51227,29.01362],[-113.5123,29.01367],[-113.51234,29.01369],[-113.51239,29.01368],[-113.51251,29.01368],[-113.51255,29.01367],[-113.51262,29.01365],[-113.51272,29.01357],[-113.51289,29.01349],[-113.513,29.01347],[-113.51311,29.01349],[-113.51325,29.01351],[-113.51335,29.01352],[-113.5134,29.01351],[-113.51349,29.01347],[-113.51384,29.0132],[-113.51392,29.01316],[-113.51405,29.01311],[-113.51415,29.0131],[-113.51422,29.01311],[-113.51429,29.01313],[-113.51441,29.01315],[-113.51449,29.01318],[-113.51455,29.01322],[-113.51459,29.01325],[-113.51468,29.01328],[-113.51478,29.01331],[-113.51486,29.01332],[-113.51495,29.01331],[-113.51501,29.01329],[-113.51505,29.01327],[-113.51516,29.01322],[-113.5152,29.01319],[-113.51524,29.01316],[-113.51529,29.01314],[-113.51536,29.01311],[-113.51545,29.01309],[-113.5155,29.01308],[-113.51564,29.01309],[-113.51575,29.01313],[-113.51586,29.01319],[-113.51594,29.01322],[-113.51601,29.01326],[-113.51615,29.01328],[-113.51626,29.01334],[-113.51635,29.01341],[-113.51641,29.01351],[-113.51642,29.01361],[-113.51644,29.01374],[-113.51652,29.0139],[-113.51653,29.014],[-113.51652,29.01406],[-113.51649,29.0141],[-113.51649,29.01416],[-113.51649,29.01422],[-113.51647,29.01425],[-113.51642,29.01427],[-113.51637,29.01428],[-113.51633,29.01428],[-113.5163,29.01428],[-113.51627,29.01432],[-113.51623,29.01433],[-113.51611,29.01431],[-113.51606,29.01431],[-113.51604,29.01433],[-113.51605,29.01436],[-113.51609,29.01438],[-113.51611,29.0144],[-113.51612,29.01444],[-113.51615,29.01448],[-113.51621,29.01449],[-113.51623,29.01452],[-113.51624,29.01455],[-113.51624,29.0146],[-113.5162,29.01464],[-113.51615,29.01465],[-113.51605,29.01465],[-113.51601,29.01466],[-113.51598,29.01467],[-113.51597,29.0147],[-113.51596,29.0148],[-113.51594,29.01486],[-113.51591,29.01493],[-113.51591,29.01496],[-113.51592,29.015],[-113.51593,29.01503],[-113.51593,29.01505],[-113.51593,29.01507],[-113.51592,29.0151],[-113.51588,29.01511],[-113.51579,29.01514],[-113.51576,29.01516],[-113.51572,29.01519],[-113.51571,29.01522],[-113.51571,29.01531],[-113.51571,29.0154],[-113.51571,29.01544],[-113.51568,29.01546],[-113.51563,29.01548],[-113.51558,29.01549],[-113.51555,29.01551],[-113.51553,29.01553],[-113.5155,29.01557],[-113.51544,29.01562],[-113.51537,29.01563],[-113.51531,29.01563],[-113.51522,29.01561],[-113.51516,29.01562],[-113.51507,29.01563],[-113.51502,29.01567],[-113.51495,29.01575],[-113.51491,29.01581],[-113.51485,29.01586],[-113.51473,29.01592],[-113.5145,29.01607],[-113.51448,29.01609],[-113.51447,29.0161],[-113.51447,29.01611],[-113.51449,29.01613],[-113.51453,29.01614],[-113.51457,29.01617],[-113.5146,29.01619],[-113.51462,29.01623],[-113.51462,29.01627],[-113.51462,29.0163],[-113.5146,29.01633],[-113.51458,29.01636],[-113.51456,29.01638],[-113.51453,29.0164],[-113.51449,29.01642],[-113.51446,29.01642],[-113.51444,29.0164],[-113.51442,29.01638],[-113.51441,29.01635],[-113.51439,29.01634],[-113.51436,29.01633],[-113.51432,29.01631]]],[[[-113.46941,29.02418],[-113.46935,29.02418],[-113.46931,29.02418],[-113.46927,29.02421],[-113.46912,29.02416],[-113.46899,29.02413],[-113.46887,29.02411],[-113.46876,29.02414],[-113.4686,29.02418],[-113.46853,29.02418],[-113.46847,29.02409],[-113.46831,29.024],[-113.46807,29.02382],[-113.46787,29.02375],[-113.4677,29.02375],[-113.46761,29.02375],[-113.46753,29.0238],[-113.46749,29.02377],[-113.46744,29.02374],[-113.46741,29.02365],[-113.46737,29.0236],[-113.46743,29.02354],[-113.46743,29.02348],[-113.46741,29.0234],[-113.46739,29.02335],[-113.46733,29.02331],[-113.46724,29.0233],[-113.46713,29.02328],[-113.46707,29.02326],[-113.46701,29.02322],[-113.46686,29.02323],[-113.46669,29.02319],[-113.46627,29.02312],[-113.46604,29.02308],[-113.46597,29.02306],[-113.46592,29.023],[-113.4659,29.02295],[-113.46566,29.02284],[-113.4654,29.02261],[-113.46504,29.02223],[-113.46482,29.02204],[-113.46458,29.02188],[-113.46451,29.02177],[-113.46437,29.02168],[-113.46424,29.02159],[-113.46422,29.02154],[-113.4642,29.02147],[-113.46417,29.02142],[-113.46413,29.02135],[-113.46412,29.0213],[-113.46413,29.02122],[-113.46412,29.02115],[-113.46413,29.02111],[-113.4642,29.02105],[-113.46423,29.02079],[-113.46424,29.02052],[-113.46421,29.02027],[-113.46407,29.02002],[-113.46394,29.01979],[-113.46371,29.01951],[-113.46337,29.01914],[-113.46327,29.019],[-113.46312,29.01862],[-113.46292,29.01826],[-113.46228,29.01756],[-113.46174,29.01702],[-113.46105,29.01633],[-113.46107,29.01617],[-113.46106,29.01578],[-113.46102,29.01553],[-113.46098,29.01532],[-113.46086,29.01506],[-113.46064,29.01483],[-113.46047,29.01462],[-113.46023,29.01449],[-113.46013,29.01441],[-113.46011,29.0143],[-113.46015,29.01419],[-113.46024,29.0141],[-113.46024,29.01387],[-113.46025,29.01357],[-113.46029,29.0135],[-113.46031,29.01347],[-113.46027,29.0134],[-113.46025,29.01329],[-113.46031,29.0132],[-113.46045,29.01314],[-113.46058,29.01315],[-113.46065,29.01323],[-113.4607,29.0133],[-113.46087,29.01338],[-113.46103,29.01336],[-113.46122,29.01332],[-113.46141,29.01319],[-113.46151,29.01311],[-113.46163,29.0131],[-113.46173,29.0131],[-113.46186,29.01308],[-113.46208,29.0129],[-113.46219,29.0128],[-113.46235,29.01264],[-113.46248,29.01254],[-113.46252,29.01249],[-113.46255,29.01243],[-113.4626,29.0124],[-113.46272,29.0123],[-113.46281,29.01219],[-113.46288,29.0121],[-113.46291,29.01207],[-113.46294,29.01203],[-113.46294,29.01198],[-113.46291,29.01193],[-113.4629,29.01187],[-113.46293,29.01181],[-113.46299,29.01177],[-113.46302,29.01172],[-113.4631,29.01169],[-113.46321,29.01165],[-113.4633,29.01166],[-113.46337,29.01172],[-113.46339,29.01177],[-113.46351,29.01183],[-113.46359,29.0119],[-113.46381,29.01229],[-113.46392,29.01251],[-113.46403,29.01284],[-113.46418,29.01311],[-113.46427,29.01331],[-113.46439,29.01341],[-113.4645,29.01348],[-113.46467,29.01355],[-113.46489,29.01358],[-113.46538,29.01355],[-113.46558,29.01357],[-113.46567,29.01364],[-113.46579,29.01372],[-113.46593,29.01376],[-113.46611,29.01384],[-113.46628,29.01394],[-113.46678,29.01456],[-113.46698,29.01486],[-113.46714,29.01521],[-113.46714,29.01543],[-113.46712,29.01571],[-113.46706,29.01602],[-113.46708,29.01618],[-113.46717,29.01635],[-113.46747,29.01659],[-113.46761,29.01675],[-113.46765,29.01689],[-113.46769,29.01706],[-113.46771,29.01712],[-113.46777,29.0172],[-113.46783,29.01746],[-113.46781,29.01755],[-113.46784,29.01769],[-113.46787,29.01779],[-113.46794,29.01794],[-113.46805,29.01815],[-113.46814,29.01829],[-113.46819,29.01843],[-113.46823,29.01857],[-113.46832,29.01864],[-113.46838,29.01866],[-113.46844,29.01874],[-113.46848,29.01884],[-113.4685,29.01892],[-113.46859,29.01901],[-113.46867,29.01909],[-113.46875,29.01925],[-113.46884,29.01956],[-113.46884,29.01971],[-113.4688,29.01976],[-113.46878,29.0198],[-113.46878,29.01983],[-113.46878,29.01986],[-113.46877,29.01988],[-113.46874,29.0199],[-113.46872,29.01991],[-113.46871,29.01993],[-113.4687,29.01996],[-113.46871,29.02],[-113.46873,29.02003],[-113.46873,29.02006],[-113.46872,29.02009],[-113.46868,29.02012],[-113.46866,29.02017],[-113.46866,29.0202],[-113.46865,29.02026],[-113.46866,29.02032],[-113.46865,29.02038],[-113.46861,29.02041],[-113.4686,29.02044],[-113.46854,29.02047],[-113.4685,29.02053],[-113.46849,29.02061],[-113.4685,29.0207],[-113.4685,29.02075],[-113.46848,29.02089],[-113.46848,29.02096],[-113.46853,29.02109],[-113.46885,29.02165],[-113.46905,29.02197],[-113.46917,29.02217],[-113.46926,29.02227],[-113.46929,29.02239],[-113.46929,29.0225],[-113.46926,29.02259],[-113.4693,29.02266],[-113.46936,29.02268],[-113.46941,29.02271],[-113.46945,29.02274],[-113.46945,29.02278],[-113.46945,29.02283],[-113.46944,29.02286],[-113.46941,29.02289],[-113.46936,29.02293],[-113.46932,29.02306],[-113.46932,29.02321],[-113.46937,29.02338],[-113.46942,29.02349],[-113.46946,29.02362],[-113.46949,29.02366],[-113.46955,29.02373],[-113.46962,29.0238],[-113.46968,29.02387],[-113.46972,29.02395],[-113.46975,29.02407],[-113.46975,29.02412],[-113.46984,29.02415],[-113.46989,29.02423],[-113.46997,29.02428],[-113.47002,29.0243],[-113.47007,29.0243],[-113.47011,29.02434],[-113.4701,29.02439],[-113.47004,29.02442],[-113.47002,29.02443],[-113.46999,29.02443],[-113.46997,29.02446],[-113.46997,29.02448],[-113.46991,29.0245],[-113.46981,29.02447],[-113.46976,29.02446],[-113.46972,29.0244],[-113.46972,29.02436],[-113.46966,29.02434],[-113.46956,29.02433],[-113.46953,29.02428],[-113.46952,29.02425],[-113.46952,29.02422],[-113.46948,29.02419],[-113.46941,29.02418]]],[[[-113.49891,29.02783],[-113.49888,29.02783],[-113.49881,29.02785],[-113.49878,29.02785],[-113.49875,29.02784],[-113.49872,29.02781],[-113.4987,29.02778],[-113.49867,29.02778],[-113.49862,29.02778],[-113.49859,29.02777],[-113.49857,29.02774],[-113.49856,29.02769],[-113.49855,29.02763],[-113.49856,29.02761],[-113.49858,29.02759],[-113.49858,29.02758],[-113.49857,29.02757],[-113.49853,29.02757],[-113.49848,29.02757],[-113.49845,29.02755],[-113.49844,29.02752],[-113.49843,29.02752],[-113.49839,29.02751],[-113.49837,29.02749],[-113.49835,29.02746],[-113.49834,29.02745],[-113.4983,29.02744],[-113.49828,29.02744],[-113.49827,29.02742],[-113.49824,29.02732],[-113.49824,29.02724],[-113.49827,29.02718],[-113.49831,29.02713],[-113.49837,29.02709],[-113.49843,29.02709],[-113.49848,29.0271],[-113.49853,29.02711],[-113.49856,29.02713],[-113.49858,29.02715],[-113.49861,29.02719],[-113.49866,29.02721],[-113.49877,29.02726],[-113.49887,29.02732],[-113.499,29.02739],[-113.49905,29.02747],[-113.49911,29.02756],[-113.49912,29.02765],[-113.49912,29.02773],[-113.49912,29.02779],[-113.49911,29.02782],[-113.49907,29.02784],[-113.49898,29.02785],[-113.49891,29.02783]]],[[[-113.08345,29.0689],[-113.08311,29.06869],[-113.08297,29.06864],[-113.08285,29.06852],[-113.0824,29.06777],[-113.08244,29.06736],[-113.08236,29.06705],[-113.08254,29.06663],[-113.08281,29.06599],[-113.08325,29.06539],[-113.0835,29.06516],[-113.08452,29.0637],[-113.08485,29.06315],[-113.08522,29.06303],[-113.08569,29.06273],[-113.08658,29.06231],[-113.08703,29.06214],[-113.08767,29.06204],[-113.08825,29.06208],[-113.08902,29.06219],[-113.08984,29.06247],[-113.09086,29.06259],[-113.09172,29.06279],[-113.09194,29.06283],[-113.09258,29.06291],[-113.09327,29.06274],[-113.09508,29.06195],[-113.09542,29.06188],[-113.09599,29.06196],[-113.09711,29.06169],[-113.09731,29.06156],[-113.0975,29.06183],[-113.09724,29.06177],[-113.09701,29.06207],[-113.09674,29.06227],[-113.09637,29.06233],[-113.09588,29.06236],[-113.09534,29.06228],[-113.09507,29.06228],[-113.0948,29.06235],[-113.09432,29.06255],[-113.09369,29.06289],[-113.09317,29.0631],[-113.09278,29.06329],[-113.09256,29.06356],[-113.09238,29.06388],[-113.09227,29.06412],[-113.09222,29.06432],[-113.09224,29.06445],[-113.09236,29.06457],[-113.09255,29.0647],[-113.09316,29.06491],[-113.09388,29.06502],[-113.09427,29.06516],[-113.09481,29.06533],[-113.09508,29.06537],[-113.09522,29.06532],[-113.09536,29.06523],[-113.09548,29.06518],[-113.09572,29.06512],[-113.09594,29.0651],[-113.09618,29.06511],[-113.09637,29.06519],[-113.09652,29.06524],[-113.09659,29.06519],[-113.09667,29.0651],[-113.09667,29.06505],[-113.09684,29.06428],[-113.09685,29.06407],[-113.09684,29.06394],[-113.09678,29.06373],[-113.09665,29.0636],[-113.09664,29.06347],[-113.09663,29.06323],[-113.09666,29.06319],[-113.09673,29.06317],[-113.09683,29.0632],[-113.09699,29.06319],[-113.09724,29.06317],[-113.09741,29.06313],[-113.09755,29.06308],[-113.09771,29.06303],[-113.09784,29.06301],[-113.09795,29.06309],[-113.09805,29.06324],[-113.09806,29.06354],[-113.09776,29.06518],[-113.09749,29.06552],[-113.09706,29.06595],[-113.09671,29.06619],[-113.0961,29.06646],[-113.09599,29.06668],[-113.09592,29.06678],[-113.09585,29.06679],[-113.09578,29.06675],[-113.09576,29.06667],[-113.09572,29.0665],[-113.0957,29.06638],[-113.09565,29.06635],[-113.09558,29.06636],[-113.09552,29.06639],[-113.09541,29.06642],[-113.09529,29.06677],[-113.09494,29.06706],[-113.09388,29.06713],[-113.0936,29.06734],[-113.09316,29.06761],[-113.09289,29.06763],[-113.0928,29.06749],[-113.09274,29.06751],[-113.09267,29.06752],[-113.09261,29.06751],[-113.09252,29.06742],[-113.09242,29.06762],[-113.09239,29.0674],[-113.09232,29.06742],[-113.09225,29.06751],[-113.09221,29.06753],[-113.09213,29.06754],[-113.09186,29.06748],[-113.09147,29.0677],[-113.0905,29.06778],[-113.08999,29.06787],[-113.08958,29.06824],[-113.08937,29.0683],[-113.0891,29.0683],[-113.08869,29.06835],[-113.08738,29.06829],[-113.08687,29.06864],[-113.0867,29.06851],[-113.08655,29.06859],[-113.08638,29.06857],[-113.08623,29.06849],[-113.08345,29.0689]]],[[[-114.61591,28.96547],[-114.61597,28.9652],[-114.61619,28.96531],[-114.61624,28.96536],[-114.61628,28.96545],[-114.61628,28.96553],[-114.61626,28.96563],[-114.61621,28.96573],[-114.61613,28.96577],[-114.61602,28.96577],[-114.61591,28.96575],[-114.6158,28.96571],[-114.61573,28.96553],[-114.61591,28.96547]]],[[[-113.51251,29.06208],[-113.5125,29.06197],[-113.5125,29.06195],[-113.51249,29.06194],[-113.51247,29.06193],[-113.51237,29.06192],[-113.51234,29.06191],[-113.51233,29.06191],[-113.51232,29.0619],[-113.51232,29.06182],[-113.51233,29.0618],[-113.51235,29.06178],[-113.51237,29.06177],[-113.51245,29.06176],[-113.51247,29.06171],[-113.51251,29.0617],[-113.51257,29.06166],[-113.51258,29.06164],[-113.51257,29.06154],[-113.51256,29.06146],[-113.51256,29.06143],[-113.51254,29.06135],[-113.51254,29.06132],[-113.51252,29.0613],[-113.51246,29.06127],[-113.51244,29.06123],[-113.51244,29.0612],[-113.51244,29.06115],[-113.51246,29.06112],[-113.51249,29.06111],[-113.51254,29.0611],[-113.51259,29.06109],[-113.51267,29.06111],[-113.51286,29.06122],[-113.51296,29.06131],[-113.51299,29.06135],[-113.513,29.06138],[-113.513,29.06142],[-113.51299,29.06145],[-113.51297,29.06147],[-113.51294,29.06148],[-113.51293,29.06149],[-113.51293,29.06151],[-113.51294,29.06155],[-113.51292,29.06157],[-113.51289,29.06158],[-113.51286,29.0616],[-113.51285,29.06163],[-113.51283,29.06165],[-113.51279,29.06169],[-113.51277,29.06172],[-113.51274,29.06174],[-113.51271,29.06174],[-113.51267,29.06175],[-113.51265,29.06177],[-113.51264,29.06179],[-113.51265,29.06181],[-113.51266,29.06182],[-113.51274,29.06184],[-113.51277,29.06185],[-113.51279,29.06187],[-113.51279,29.06193],[-113.51277,29.06202],[-113.51274,29.06203],[-113.51271,29.06203],[-113.51269,29.06202],[-113.51266,29.06198],[-113.51265,29.06198],[-113.51263,29.06198],[-113.51262,29.06199],[-113.51263,29.06205],[-113.51261,29.06212],[-113.51259,29.06213],[-113.51257,29.06214],[-113.51254,29.06214],[-113.51251,29.06213],[-113.51251,29.06208]]],[[[-113.51927,29.06898],[-113.51916,29.06899],[-113.51909,29.06899],[-113.51903,29.06899],[-113.51899,29.06895],[-113.51897,29.0689],[-113.51896,29.06882],[-113.51895,29.06873],[-113.51889,29.06858],[-113.51867,29.06839],[-113.51862,29.06831],[-113.51857,29.06825],[-113.51848,29.0682],[-113.51837,29.06815],[-113.51834,29.06811],[-113.51833,29.06805],[-113.51829,29.068],[-113.51822,29.06797],[-113.51809,29.06796],[-113.51794,29.06788],[-113.51778,29.06778],[-113.51772,29.06772],[-113.51761,29.06771],[-113.51752,29.06771],[-113.51744,29.06773],[-113.51732,29.06774],[-113.5172,29.06775],[-113.5171,29.06774],[-113.51691,29.06769],[-113.51629,29.06752],[-113.51619,29.06749],[-113.51604,29.06738],[-113.51587,29.06722],[-113.51575,29.06702],[-113.51571,29.06691],[-113.51568,29.06678],[-113.51567,29.06672],[-113.51564,29.06669],[-113.51557,29.06668],[-113.51552,29.06666],[-113.51547,29.06666],[-113.51545,29.06664],[-113.51543,29.06661],[-113.51541,29.06659],[-113.51539,29.06658],[-113.51537,29.06654],[-113.51536,29.06651],[-113.51536,29.06649],[-113.51535,29.06646],[-113.51535,29.06643],[-113.51536,29.0664],[-113.51539,29.06637],[-113.51541,29.06633],[-113.51545,29.0661],[-113.51544,29.06609],[-113.51544,29.06608],[-113.51543,29.06608],[-113.51543,29.06607],[-113.51541,29.06607],[-113.51535,29.06608],[-113.51534,29.06608],[-113.51533,29.06607],[-113.51533,29.06604],[-113.51533,29.06602],[-113.51533,29.066],[-113.51534,29.06599],[-113.51534,29.06598],[-113.51533,29.06597],[-113.51532,29.06596],[-113.51529,29.06595],[-113.51528,29.06595],[-113.51527,29.06594],[-113.51527,29.06588],[-113.51527,29.06584],[-113.51529,29.06582],[-113.51529,29.0658],[-113.51527,29.06578],[-113.51523,29.06577],[-113.51519,29.06577],[-113.51518,29.06573],[-113.51519,29.06555],[-113.51521,29.06551],[-113.51522,29.06544],[-113.51521,29.06537],[-113.51518,29.0653],[-113.51515,29.06525],[-113.51506,29.06512],[-113.5149,29.06489],[-113.51488,29.06485],[-113.51488,29.06483],[-113.51489,29.06482],[-113.51495,29.06482],[-113.51501,29.06481],[-113.51504,29.06482],[-113.51515,29.06486],[-113.5153,29.06486],[-113.51548,29.06483],[-113.51555,29.0648],[-113.51563,29.06477],[-113.51573,29.06478],[-113.5159,29.0648],[-113.51612,29.0648],[-113.51623,29.06479],[-113.5165,29.06473],[-113.51683,29.06471],[-113.51711,29.06476],[-113.51738,29.06483],[-113.51758,29.06492],[-113.51784,29.06507],[-113.51811,29.06526],[-113.51827,29.06545],[-113.51853,29.0659],[-113.51886,29.06638],[-113.51906,29.06678],[-113.51918,29.06696],[-113.51928,29.06724],[-113.51952,29.06762],[-113.51974,29.06789],[-113.52002,29.0681],[-113.52025,29.06828],[-113.52047,29.06844],[-113.52073,29.06853],[-113.52092,29.0686],[-113.52113,29.06866],[-113.52126,29.06872],[-113.52136,29.06879],[-113.52142,29.06887],[-113.52147,29.06899],[-113.52148,29.0691],[-113.52147,29.0692],[-113.5215,29.06928],[-113.52155,29.06935],[-113.52164,29.06939],[-113.5217,29.06941],[-113.52176,29.06942],[-113.52181,29.06945],[-113.52184,29.06951],[-113.52185,29.06957],[-113.52185,29.06964],[-113.52182,29.06968],[-113.52175,29.06971],[-113.5217,29.06971],[-113.52166,29.0697],[-113.52163,29.0697],[-113.52158,29.06969],[-113.52155,29.06968],[-113.52152,29.06966],[-113.52145,29.06966],[-113.52141,29.06965],[-113.5214,29.06963],[-113.5214,29.06961],[-113.52139,29.06958],[-113.52139,29.06955],[-113.52141,29.06954],[-113.52147,29.06953],[-113.52149,29.06953],[-113.5215,29.06951],[-113.52149,29.06948],[-113.52148,29.06946],[-113.5214,29.06941],[-113.52135,29.06938],[-113.52129,29.06934],[-113.52123,29.06926],[-113.52122,29.06923],[-113.52116,29.06918],[-113.52105,29.06915],[-113.52085,29.06914],[-113.52041,29.06908],[-113.52023,29.06908],[-113.52013,29.06904],[-113.51977,29.06903],[-113.51927,29.06898]]],[[[-113.52464,29.09552],[-113.50234,29.09042],[-113.50273,29.04983],[-113.48918,29.03769],[-113.51379,29.0521],[-113.52464,29.09552]]],[[[-113.5282,29.09891],[-113.52817,29.09891],[-113.52815,29.09892],[-113.52811,29.09892],[-113.52808,29.09892],[-113.52806,29.0989],[-113.52805,29.09886],[-113.52804,29.09881],[-113.52803,29.09878],[-113.52798,29.09875],[-113.52775,29.09867],[-113.52764,29.09866],[-113.52754,29.09863],[-113.52743,29.09859],[-113.52739,29.09856],[-113.52733,29.0985],[-113.52727,29.09842],[-113.52724,29.09832],[-113.52724,29.09824],[-113.52724,29.09817],[-113.52728,29.0981],[-113.52742,29.09801],[-113.52773,29.09782],[-113.52841,29.09743],[-113.52886,29.09719],[-113.52906,29.09709],[-113.52916,29.09701],[-113.52925,29.097],[-113.52932,29.09702],[-113.52942,29.09707],[-113.52948,29.09709],[-113.52952,29.09712],[-113.52957,29.09712],[-113.5296,29.09709],[-113.52961,29.09706],[-113.5296,29.097],[-113.52958,29.09693],[-113.52948,29.09686],[-113.52932,29.09671],[-113.52921,29.09662],[-113.5291,29.09657],[-113.52906,29.09652],[-113.529,29.09646],[-113.52898,29.0964],[-113.529,29.09635],[-113.52904,29.09632],[-113.5291,29.09632],[-113.5293,29.09627],[-113.52949,29.09622],[-113.5298,29.09619],[-113.53007,29.09614],[-113.53033,29.09615],[-113.53052,29.09614],[-113.53071,29.09614],[-113.53085,29.09617],[-113.53087,29.0962],[-113.53089,29.09628],[-113.53087,29.09638],[-113.53081,29.09648],[-113.53074,29.09658],[-113.53069,29.09665],[-113.53066,29.09673],[-113.53065,29.09679],[-113.53066,29.09693],[-113.53066,29.09703],[-113.53065,29.09715],[-113.53061,29.09724],[-113.53058,29.09731],[-113.53051,29.09741],[-113.53045,29.09745],[-113.5304,29.09749],[-113.53035,29.09756],[-113.53032,29.09763],[-113.5303,29.09769],[-113.53024,29.09773],[-113.53018,29.09774],[-113.53014,29.09776],[-113.53013,29.09779],[-113.53015,29.0981],[-113.53012,29.09827],[-113.53009,29.09833],[-113.53007,29.09838],[-113.53007,29.09842],[-113.53004,29.09846],[-113.53002,29.09848],[-113.52996,29.09849],[-113.52992,29.09847],[-113.52987,29.09843],[-113.5298,29.09841],[-113.52968,29.09841],[-113.52958,29.0984],[-113.52951,29.09841],[-113.52944,29.09842],[-113.52937,29.09846],[-113.52933,29.09852],[-113.52922,29.09859],[-113.52917,29.09861],[-113.52904,29.09865],[-113.52901,29.09867],[-113.52895,29.09871],[-113.52886,29.09876],[-113.5288,29.09881],[-113.52878,29.09888],[-113.52875,29.09893],[-113.5287,29.09896],[-113.52864,29.09896],[-113.52838,29.09896],[-113.52832,29.09896],[-113.52827,29.09894],[-113.5282,29.09891]]],[[[-113.60671,29.16829],[-113.60671,29.16824],[-113.60669,29.1682],[-113.60667,29.16814],[-113.60666,29.16808],[-113.60663,29.16802],[-113.60659,29.16794],[-113.60658,29.16789],[-113.6066,29.16784],[-113.60664,29.16783],[-113.60668,29.16781],[-113.60668,29.16776],[-113.60667,29.1677],[-113.60671,29.1676],[-113.60673,29.16753],[-113.60676,29.16743],[-113.60678,29.16727],[-113.60679,29.16713],[-113.60686,29.16696],[-113.60693,29.16676],[-113.60702,29.16662],[-113.60712,29.16648],[-113.6072,29.1664],[-113.60732,29.16636],[-113.60744,29.16631],[-113.6076,29.16627],[-113.6077,29.16627],[-113.60774,29.16626],[-113.60777,29.16624],[-113.60783,29.16616],[-113.608,29.16604],[-113.60806,29.16604],[-113.60802,29.16617],[-113.60799,29.16632],[-113.60797,29.16643],[-113.60794,29.16659],[-113.60795,29.16666],[-113.60795,29.16673],[-113.60803,29.16688],[-113.60813,29.16704],[-113.60816,29.16717],[-113.60817,29.16737],[-113.60813,29.1675],[-113.60813,29.16754],[-113.60814,29.16759],[-113.60819,29.16767],[-113.60824,29.16775],[-113.60822,29.1678],[-113.60821,29.16783],[-113.60822,29.16787],[-113.60824,29.16791],[-113.60825,29.168],[-113.60824,29.16808],[-113.60821,29.16813],[-113.60814,29.16818],[-113.60811,29.16817],[-113.60809,29.16813],[-113.60808,29.1681],[-113.60805,29.16808],[-113.60802,29.16809],[-113.60797,29.16812],[-113.60794,29.1682],[-113.60792,29.16824],[-113.60783,29.16824],[-113.60781,29.16822],[-113.60769,29.16824],[-113.60756,29.16825],[-113.60742,29.16824],[-113.60727,29.16825],[-113.60718,29.16826],[-113.60715,29.16829],[-113.60715,29.16837],[-113.60713,29.1684],[-113.60706,29.16841],[-113.60703,29.1684],[-113.60702,29.16833],[-113.60701,29.16826],[-113.607,29.16824],[-113.60697,29.16825],[-113.60695,29.16829],[-113.60694,29.16836],[-113.60692,29.16842],[-113.60687,29.16844],[-113.6068,29.16841],[-113.60676,29.16836],[-113.60671,29.16829]]],[[[-113.51391,29.55148],[-113.39336,29.45925],[-113.35204,29.38735],[-113.37614,29.34951],[-113.36679,29.30785],[-113.29444,29.28125],[-113.18354,29.28955],[-113.16759,29.27889],[-113.17456,29.12778],[-113.14837,29.06619],[-113.1002,29.05623],[-113.11615,28.98699],[-113.24395,29.06713],[-113.30069,29.1451],[-113.40441,29.20947],[-113.44282,29.27568],[-113.49692,29.28379],[-113.50729,29.32319],[-113.58822,29.40892],[-113.59226,29.45103],[-113.56362,29.5052],[-113.57212,29.53836],[-113.5455,29.53399],[-113.51391,29.55148]]],[[[-113.55679,29.55188],[-113.55741,29.5492],[-113.55755,29.54876],[-113.55784,29.54849],[-113.55806,29.54829],[-113.55831,29.54794],[-113.5584,29.54755],[-113.5586,29.54716],[-113.55887,29.54648],[-113.55903,29.5461],[-113.55907,29.5462],[-113.55906,29.54643],[-113.55901,29.54715],[-113.55896,29.54816],[-113.559,29.54864],[-113.55915,29.54902],[-113.55927,29.54921],[-113.55952,29.54937],[-113.55978,29.54948],[-113.55991,29.5497],[-113.56003,29.54978],[-113.56008,29.5498],[-113.56015,29.54979],[-113.56027,29.54971],[-113.56036,29.54968],[-113.56046,29.54968],[-113.5605,29.5497],[-113.56054,29.54975],[-113.56054,29.54985],[-113.56007,29.55035],[-113.56006,29.55055],[-113.56006,29.55079],[-113.56,29.55097],[-113.55992,29.55104],[-113.55984,29.55106],[-113.55977,29.55105],[-113.55973,29.55101],[-113.5597,29.55091],[-113.55966,29.55082],[-113.55958,29.55079],[-113.5595,29.55077],[-113.55905,29.55086],[-113.55891,29.55093],[-113.55886,29.55097],[-113.55884,29.55104],[-113.55884,29.55123],[-113.55879,29.55158],[-113.55867,29.5519],[-113.55857,29.55211],[-113.55855,29.55231],[-113.5585,29.55259],[-113.55849,29.55288],[-113.5585,29.55295],[-113.55854,29.55304],[-113.55877,29.55328],[-113.55889,29.55349],[-113.55892,29.55361],[-113.55892,29.55379],[-113.5589,29.55393],[-113.55884,29.5541],[-113.55871,29.55426],[-113.55859,29.55431],[-113.55829,29.55436],[-113.55809,29.55441],[-113.55791,29.55447],[-113.55777,29.55446],[-113.5576,29.55434],[-113.55734,29.55377],[-113.55712,29.55347],[-113.55707,29.55324],[-113.55698,29.55301],[-113.55688,29.55277],[-113.55674,29.5526],[-113.5567,29.55244],[-113.55679,29.55188]]],[[[-113.53828,29.56546],[-113.53783,29.56526],[-113.53748,29.56504],[-113.53715,29.56483],[-113.53661,29.56456],[-113.53644,29.56451],[-113.53625,29.56449],[-113.53603,29.56451],[-113.53562,29.56447],[-113.53539,29.5644],[-113.53532,29.56436],[-113.53527,29.56436],[-113.53521,29.56438],[-113.53512,29.56438],[-113.53503,29.56435],[-113.53493,29.56429],[-113.53471,29.56409],[-113.53464,29.56395],[-113.53465,29.5637],[-113.53463,29.56363],[-113.53463,29.56358],[-113.53462,29.56354],[-113.53459,29.5635],[-113.53452,29.56346],[-113.53447,29.56341],[-113.53442,29.56335],[-113.53432,29.56286],[-113.53424,29.56256],[-113.53424,29.56222],[-113.53436,29.56201],[-113.53454,29.56187],[-113.53463,29.56186],[-113.53474,29.56186],[-113.53488,29.5619],[-113.53509,29.56202],[-113.53517,29.56212],[-113.5354,29.56275],[-113.53549,29.56288],[-113.53567,29.563],[-113.53614,29.56319],[-113.53626,29.56321],[-113.53635,29.56317],[-113.53649,29.56296],[-113.53658,29.56285],[-113.53674,29.56283],[-113.53696,29.56284],[-113.53708,29.56288],[-113.53717,29.56299],[-113.53724,29.56304],[-113.53735,29.56306],[-113.53757,29.56305],[-113.53779,29.56309],[-113.53816,29.56322],[-113.53837,29.56343],[-113.53864,29.56355],[-113.53891,29.56365],[-113.53921,29.56381],[-113.53935,29.56384],[-113.5395,29.56382],[-113.53961,29.56381],[-113.53981,29.56384],[-113.54006,29.56388],[-113.54032,29.56394],[-113.5405,29.56399],[-113.54057,29.56399],[-113.54062,29.56396],[-113.54063,29.56388],[-113.54066,29.56383],[-113.54072,29.56381],[-113.5408,29.56379],[-113.5409,29.56379],[-113.5412,29.56383],[-113.54151,29.56391],[-113.54165,29.56393],[-113.5418,29.56396],[-113.54194,29.56394],[-113.54228,29.56388],[-113.54242,29.56385],[-113.54256,29.56385],[-113.5427,29.56389],[-113.54291,29.56397],[-113.54313,29.56415],[-113.54323,29.56419],[-113.54331,29.56419],[-113.54341,29.56416],[-113.54355,29.56408],[-113.54372,29.56386],[-113.54384,29.56376],[-113.54392,29.56373],[-113.54405,29.56373],[-113.54418,29.56376],[-113.54425,29.56381],[-113.54432,29.56385],[-113.54437,29.56393],[-113.5444,29.56404],[-113.54439,29.56448],[-113.54442,29.56455],[-113.54452,29.56469],[-113.54497,29.56499],[-113.54521,29.56518],[-113.54528,29.56528],[-113.5453,29.56541],[-113.54529,29.56554],[-113.54523,29.56564],[-113.54515,29.56571],[-113.54508,29.56574],[-113.54419,29.56581],[-113.54396,29.56579],[-113.54363,29.56572],[-113.54318,29.56567],[-113.54296,29.56562],[-113.54284,29.56554],[-113.54261,29.56538],[-113.54231,29.56525],[-113.54209,29.56518],[-113.54186,29.56518],[-113.54132,29.5652],[-113.54068,29.56534],[-113.54018,29.56552],[-113.54002,29.56563],[-113.53995,29.56571],[-113.53993,29.56583],[-113.53993,29.56611],[-113.53989,29.56635],[-113.53986,29.56639],[-113.53978,29.5664],[-113.53966,29.56635],[-113.53949,29.56622],[-113.53924,29.566],[-113.5391,29.56586],[-113.53896,29.56572],[-113.53878,29.56564],[-113.53862,29.5656],[-113.53828,29.56546]]],[[[-113.56536,29.56401],[-113.5757,29.54599],[-113.57934,29.56099],[-113.56536,29.56401]]],[[[-118.26148,29.18485],[-118.28745,29.13306],[-118.28239,29.10861],[-118.22807,29.06199],[-118.22097,28.96257],[-118.24823,28.891],[-118.29575,28.87948],[-118.28251,28.89625],[-118.29841,28.93575],[-118.29092,28.96768],[-118.31355,28.98004],[-118.305,29.00446],[-118.31711,29.03784],[-118.36465,29.07755],[-118.35119,29.11461],[-118.36526,29.14637],[-118.33396,29.16945],[-118.26148,29.18485]]],[[[-115.49967,29.61436],[-115.49966,29.61427],[-115.49965,29.61419],[-115.49965,29.61409],[-115.49965,29.61406],[-115.49967,29.61404],[-115.49969,29.61403],[-115.49973,29.61403],[-115.49975,29.61403],[-115.49977,29.61404],[-115.49978,29.61407],[-115.49978,29.61415],[-115.49982,29.61416],[-115.49984,29.61419],[-115.49986,29.61421],[-115.49988,29.61421],[-115.49993,29.61421],[-115.49996,29.61422],[-115.49999,29.61425],[-115.50001,29.61426],[-115.50003,29.61427],[-115.50007,29.61428],[-115.50015,29.61427],[-115.50017,29.61429],[-115.50017,29.61431],[-115.50016,29.61434],[-115.50011,29.61435],[-115.50008,29.61436],[-115.50007,29.61439],[-115.50008,29.61441],[-115.5001,29.61444],[-115.50011,29.61447],[-115.50012,29.61448],[-115.5002,29.61448],[-115.50026,29.61447],[-115.50028,29.61448],[-115.50029,29.6145],[-115.50029,29.61453],[-115.50028,29.61455],[-115.50026,29.61456],[-115.50014,29.61458],[-115.5001,29.61459],[-115.50009,29.6146],[-115.50009,29.61464],[-115.50006,29.61472],[-115.50004,29.61477],[-115.49998,29.61484],[-115.49993,29.61488],[-115.49975,29.61499],[-115.4997,29.61501],[-115.49966,29.61502],[-115.49964,29.615],[-115.49963,29.61493],[-115.49963,29.61485],[-115.49964,29.61472],[-115.49964,29.61468],[-115.49966,29.61465],[-115.49967,29.61455],[-115.49967,29.61436]]],[[[-114.3821,29.8226],[-114.36957,29.80634],[-114.3923,29.8098],[-114.3821,29.8226]]],[[[-115.79135,29.79716],[-115.79102,29.797],[-115.79094,29.79696],[-115.79083,29.79694],[-115.79077,29.79691],[-115.79065,29.7968],[-115.79063,29.79676],[-115.7906,29.79673],[-115.79056,29.7967],[-115.7905,29.79667],[-115.79045,29.79665],[-115.79039,29.79666],[-115.79028,29.79666],[-115.79013,29.79667],[-115.79004,29.79668],[-115.79001,29.79668],[-115.78999,29.7967],[-115.78997,29.79673],[-115.78996,29.79688],[-115.78994,29.79691],[-115.78992,29.79692],[-115.78989,29.79692],[-115.78983,29.79693],[-115.78979,29.79693],[-115.78977,29.79693],[-115.78975,29.79692],[-115.78974,29.79691],[-115.78971,29.7969],[-115.78969,29.79687],[-115.78967,29.79686],[-115.78965,29.79686],[-115.78957,29.79687],[-115.78955,29.79688],[-115.78954,29.79687],[-115.78952,29.79685],[-115.78952,29.79683],[-115.78952,29.7968],[-115.78953,29.79678],[-115.78956,29.79676],[-115.7896,29.79676],[-115.78961,29.79675],[-115.78962,29.79674],[-115.78961,29.79672],[-115.78961,29.79664],[-115.78961,29.79662],[-115.78963,29.7966],[-115.78966,29.79659],[-115.78968,29.79659],[-115.78972,29.79654],[-115.78978,29.79651],[-115.78981,29.79647],[-115.78981,29.79641],[-115.7898,29.79636],[-115.78974,29.79631],[-115.7897,29.79626],[-115.78965,29.7962],[-115.78962,29.79613],[-115.78958,29.79602],[-115.7895,29.79596],[-115.78945,29.79595],[-115.78939,29.79595],[-115.78931,29.79596],[-115.78906,29.79599],[-115.78899,29.79599],[-115.78893,29.79598],[-115.78891,29.79597],[-115.78888,29.79595],[-115.78887,29.79592],[-115.78884,29.7957],[-115.78883,29.79568],[-115.78881,29.79567],[-115.78878,29.79566],[-115.78877,29.79566],[-115.78875,29.79565],[-115.78874,29.79563],[-115.78873,29.79561],[-115.78872,29.7956],[-115.78872,29.79558],[-115.78872,29.79556],[-115.78872,29.79555],[-115.78877,29.79551],[-115.78883,29.79547],[-115.78891,29.79542],[-115.78905,29.79537],[-115.78909,29.79533],[-115.78911,29.79529],[-115.7891,29.79521],[-115.78909,29.79513],[-115.78911,29.79507],[-115.78915,29.79503],[-115.78922,29.79494],[-115.78924,29.79487],[-115.78925,29.79477],[-115.78923,29.79468],[-115.78922,29.79461],[-115.78919,29.79456],[-115.78913,29.7945],[-115.78904,29.79437],[-115.78899,29.79428],[-115.78891,29.79418],[-115.78885,29.79412],[-115.7888,29.79404],[-115.78878,29.79398],[-115.78877,29.79393],[-115.78873,29.79387],[-115.78872,29.79384],[-115.78866,29.79382],[-115.78857,29.79383],[-115.78853,29.79382],[-115.7885,29.79381],[-115.78848,29.79379],[-115.78846,29.79375],[-115.78845,29.79369],[-115.78845,29.79364],[-115.78843,29.79359],[-115.7884,29.79357],[-115.78832,29.79353],[-115.78827,29.79351],[-115.78822,29.79349],[-115.7882,29.79348],[-115.78819,29.79344],[-115.78819,29.79338],[-115.78821,29.79333],[-115.78826,29.79329],[-115.78832,29.79326],[-115.78839,29.79323],[-115.78855,29.79314],[-115.78864,29.79305],[-115.78871,29.79296],[-115.78866,29.79283],[-115.78865,29.79275],[-115.78875,29.79265],[-115.78895,29.79254],[-115.78921,29.79242],[-115.78931,29.79231],[-115.78941,29.79211],[-115.78961,29.79186],[-115.78991,29.79158],[-115.79005,29.79134],[-115.79027,29.79114],[-115.79041,29.79083],[-115.79058,29.79046],[-115.7907,29.79027],[-115.79086,29.79012],[-115.79117,29.78993],[-115.7914,29.78975],[-115.79168,29.78955],[-115.7918,29.7893],[-115.79182,29.78906],[-115.79182,29.78851],[-115.79184,29.78831],[-115.79194,29.78815],[-115.79214,29.788],[-115.79241,29.78786],[-115.7926,29.78778],[-115.79275,29.78761],[-115.79297,29.78725],[-115.79307,29.78719],[-115.7932,29.78715],[-115.7933,29.7871],[-115.79335,29.78703],[-115.79343,29.78698],[-115.79355,29.78696],[-115.79374,29.78698],[-115.79393,29.78693],[-115.79419,29.78689],[-115.79438,29.78679],[-115.79453,29.78673],[-115.79463,29.78668],[-115.79473,29.78661],[-115.79481,29.78658],[-115.7949,29.78656],[-115.795,29.78656],[-115.7951,29.78656],[-115.79515,29.78659],[-115.79517,29.78664],[-115.79515,29.78669],[-115.79501,29.78682],[-115.79498,29.78689],[-115.79491,29.78695],[-115.79477,29.78701],[-115.79467,29.78712],[-115.79465,29.78722],[-115.79462,29.78733],[-115.79464,29.78743],[-115.7947,29.7875],[-115.79481,29.78756],[-115.79499,29.78758],[-115.79505,29.78762],[-115.79508,29.78769],[-115.79507,29.78776],[-115.79501,29.78779],[-115.79509,29.78783],[-115.79512,29.78788],[-115.7951,29.78795],[-115.79504,29.78802],[-115.79488,29.78815],[-115.7947,29.7882],[-115.79446,29.78825],[-115.79436,29.78839],[-115.79427,29.78845],[-115.79412,29.78853],[-115.7941,29.78865],[-115.79405,29.78876],[-115.79392,29.78883],[-115.7938,29.78886],[-115.79365,29.789],[-115.79353,29.78912],[-115.79339,29.78933],[-115.79334,29.78948],[-115.79332,29.78972],[-115.79336,29.78991],[-115.79346,29.79005],[-115.79359,29.79014],[-115.79391,29.79024],[-115.79404,29.79027],[-115.7941,29.79031],[-115.79415,29.79038],[-115.79431,29.79062],[-115.79443,29.79071],[-115.79447,29.79081],[-115.79446,29.79088],[-115.79436,29.79092],[-115.79418,29.79093],[-115.79401,29.79096],[-115.79396,29.79101],[-115.79396,29.79113],[-115.79401,29.79124],[-115.79418,29.79141],[-115.79422,29.79153],[-115.79419,29.79166],[-115.79415,29.79174],[-115.79415,29.79181],[-115.79417,29.79192],[-115.79421,29.79199],[-115.79424,29.79203],[-115.79424,29.79207],[-115.79419,29.79212],[-115.79418,29.79217],[-115.7942,29.79225],[-115.79424,29.79231],[-115.79428,29.79237],[-115.79438,29.79242],[-115.79456,29.79245],[-115.79473,29.79252],[-115.79483,29.79255],[-115.79486,29.79261],[-115.7948,29.79266],[-115.79473,29.79269],[-115.79453,29.79266],[-115.79444,29.79266],[-115.79439,29.79267],[-115.79437,29.79272],[-115.7943,29.79274],[-115.79424,29.79275],[-115.79419,29.79273],[-115.79406,29.79275],[-115.79386,29.79276],[-115.79375,29.79277],[-115.79368,29.79281],[-115.79365,29.79284],[-115.79363,29.7929],[-115.79366,29.79301],[-115.79367,29.79306],[-115.79361,29.79315],[-115.79352,29.7932],[-115.7932,29.79325],[-115.79262,29.79338],[-115.79246,29.79343],[-115.79234,29.79352],[-115.79228,29.7936],[-115.79222,29.79372],[-115.79213,29.79374],[-115.79206,29.79377],[-115.79196,29.79391],[-115.79198,29.79404],[-115.79193,29.79424],[-115.79192,29.79445],[-115.79193,29.79471],[-115.79196,29.79484],[-115.79203,29.79492],[-115.7922,29.79499],[-115.79236,29.79503],[-115.79241,29.79507],[-115.79243,29.79511],[-115.79242,29.79518],[-115.79233,29.79519],[-115.79223,29.79525],[-115.79221,29.7953],[-115.79221,29.79535],[-115.79222,29.79541],[-115.7922,29.79547],[-115.79208,29.79555],[-115.792,29.79563],[-115.79193,29.79573],[-115.79192,29.79602],[-115.79191,29.79634],[-115.79191,29.79642],[-115.79196,29.79653],[-115.79215,29.79667],[-115.79244,29.79682],[-115.79257,29.79685],[-115.7926,29.79688],[-115.7926,29.79691],[-115.79253,29.79693],[-115.79248,29.79694],[-115.79245,29.79698],[-115.79239,29.79701],[-115.79235,29.79701],[-115.79234,29.797],[-115.79229,29.79699],[-115.79224,29.797],[-115.79212,29.79709],[-115.79205,29.7971],[-115.792,29.79709],[-115.79196,29.79707],[-115.79193,29.79704],[-115.79189,29.79701],[-115.79183,29.79697],[-115.7918,29.79696],[-115.79174,29.79696],[-115.7917,29.79698],[-115.79172,29.79707],[-115.79172,29.79713],[-115.79176,29.7972],[-115.79181,29.79724],[-115.79174,29.79727],[-115.79162,29.79729],[-115.79153,29.79728],[-115.79143,29.79725],[-115.79135,29.79716]]],[[[-114.41746,29.98801],[-114.39169,29.96184],[-114.41532,29.94866],[-114.41746,29.98801]]],[[[-114.38979,29.99491],[-114.38969,29.99491],[-114.38962,29.99491],[-114.38954,29.9949],[-114.38945,29.99491],[-114.38941,29.99488],[-114.38941,29.99487],[-114.38936,29.99484],[-114.38931,29.99482],[-114.38928,29.99479],[-114.38927,29.99474],[-114.38926,29.99465],[-114.38925,29.99456],[-114.38926,29.99448],[-114.38921,29.9944],[-114.38921,29.99428],[-114.38922,29.9942],[-114.38922,29.99411],[-114.38923,29.99402],[-114.38923,29.994],[-114.38922,29.994],[-114.38923,29.99398],[-114.38923,29.99393],[-114.38926,29.99386],[-114.38927,29.99384],[-114.38912,29.99376],[-114.38911,29.99361],[-114.3891,29.99351],[-114.3891,29.99342],[-114.38918,29.99328],[-114.38917,29.99324],[-114.38917,29.99319],[-114.38913,29.99315],[-114.38914,29.99312],[-114.38915,29.99307],[-114.38915,29.993],[-114.38911,29.99291],[-114.38911,29.99288],[-114.38906,29.99284],[-114.38905,29.99281],[-114.38905,29.99278],[-114.38908,29.99274],[-114.38904,29.99263],[-114.38903,29.99254],[-114.38901,29.99238],[-114.38898,29.99236],[-114.38896,29.9923],[-114.38897,29.99224],[-114.38891,29.99214],[-114.38888,29.99205],[-114.38878,29.99196],[-114.38868,29.99183],[-114.38858,29.99179],[-114.38846,29.99176],[-114.38833,29.99176],[-114.3882,29.99175],[-114.38806,29.99173],[-114.38787,29.99166],[-114.38778,29.99154],[-114.38771,29.9915],[-114.38766,29.9915],[-114.38761,29.99153],[-114.38756,29.9916],[-114.38752,29.99168],[-114.38747,29.99175],[-114.38746,29.99183],[-114.38747,29.99189],[-114.38746,29.99194],[-114.38747,29.99202],[-114.38745,29.99212],[-114.38745,29.99214],[-114.38745,29.99232],[-114.38739,29.99237],[-114.38733,29.99236],[-114.38722,29.99235],[-114.38718,29.99232],[-114.38716,29.99225],[-114.38714,29.99221],[-114.38706,29.99219],[-114.38701,29.99211],[-114.38701,29.99204],[-114.38701,29.99197],[-114.38705,29.99189],[-114.38709,29.99182],[-114.3871,29.99175],[-114.3871,29.99166],[-114.38708,29.99163],[-114.38705,29.99161],[-114.38706,29.99151],[-114.38705,29.99147],[-114.38707,29.99145],[-114.3871,29.99141],[-114.38719,29.99138],[-114.38717,29.99136],[-114.38717,29.99131],[-114.38717,29.99124],[-114.38715,29.99123],[-114.38716,29.99116],[-114.38719,29.99114],[-114.38726,29.99108],[-114.38724,29.99106],[-114.38721,29.99098],[-114.38721,29.99094],[-114.3872,29.99088],[-114.38721,29.99084],[-114.38722,29.99079],[-114.38726,29.99073],[-114.38725,29.99072],[-114.38724,29.99068],[-114.38724,29.99065],[-114.38726,29.99062],[-114.3873,29.99058],[-114.38731,29.99055],[-114.38732,29.99052],[-114.38734,29.99047],[-114.38733,29.99041],[-114.38733,29.99039],[-114.38736,29.99034],[-114.38736,29.99029],[-114.38738,29.99027],[-114.38738,29.99023],[-114.38742,29.99017],[-114.38749,29.99009],[-114.38755,29.99002],[-114.38767,29.98997],[-114.38768,29.98992],[-114.38783,29.98972],[-114.38796,29.98951],[-114.38801,29.98946],[-114.38801,29.98946],[-114.38807,29.98939],[-114.38816,29.98932],[-114.38824,29.98924],[-114.38826,29.98925],[-114.38827,29.98932],[-114.38826,29.98943],[-114.38827,29.98948],[-114.38826,29.98958],[-114.38829,29.98965],[-114.38836,29.98972],[-114.3884,29.98974],[-114.38843,29.9897],[-114.38847,29.98966],[-114.38851,29.98962],[-114.38855,29.98961],[-114.38864,29.98952],[-114.38863,29.98947],[-114.38866,29.98945],[-114.38868,29.9894],[-114.38867,29.98937],[-114.38868,29.98929],[-114.38869,29.98923],[-114.38867,29.98921],[-114.38863,29.98918],[-114.38862,29.98912],[-114.38866,29.98907],[-114.38868,29.98903],[-114.38872,29.98896],[-114.38873,29.98895],[-114.38885,29.98891],[-114.38887,29.98886],[-114.38889,29.98882],[-114.38898,29.98878],[-114.38906,29.98877],[-114.3891,29.98877],[-114.38913,29.98875],[-114.38921,29.98876],[-114.38925,29.98875],[-114.38932,29.98872],[-114.38938,29.98871],[-114.38957,29.98868],[-114.38968,29.98869],[-114.38981,29.98874],[-114.38986,29.98876],[-114.3899,29.98881],[-114.3899,29.98884],[-114.38987,29.98888],[-114.38989,29.98893],[-114.3899,29.98898],[-114.38993,29.98916],[-114.38993,29.98916],[-114.38994,29.98919],[-114.38994,29.98934],[-114.38998,29.98945],[-114.39004,29.98953],[-114.39008,29.98961],[-114.39004,29.98988],[-114.39003,29.99017],[-114.38999,29.99059],[-114.3898,29.99115],[-114.38962,29.99163],[-114.38961,29.99185],[-114.3896,29.99202],[-114.38972,29.99209],[-114.38989,29.99218],[-114.39001,29.99218],[-114.39002,29.99221],[-114.39006,29.99227],[-114.39017,29.9923],[-114.39026,29.99236],[-114.39028,29.99249],[-114.39029,29.9926],[-114.39028,29.99281],[-114.39028,29.99286],[-114.39066,29.99297],[-114.3908,29.99308],[-114.39086,29.99327],[-114.39088,29.99344],[-114.39081,29.99365],[-114.39076,29.99373],[-114.39069,29.99379],[-114.39067,29.99391],[-114.39062,29.99399],[-114.39054,29.99406],[-114.39045,29.99413],[-114.39038,29.99428],[-114.3902,29.99445],[-114.39012,29.99455],[-114.39006,29.99461],[-114.39,29.99471],[-114.38993,29.9948],[-114.38986,29.99487],[-114.38979,29.99491]]],[[[-114.47361,30.02282],[-114.4736,30.02258],[-114.4736,30.0224],[-114.47366,30.02225],[-114.47371,30.02209],[-114.47374,30.02196],[-114.47373,30.02183],[-114.4737,30.02161],[-114.47374,30.02151],[-114.47378,30.0214],[-114.47382,30.02131],[-114.47367,30.02082],[-114.47374,30.02066],[-114.47367,30.02034],[-114.47374,30.01999],[-114.47399,30.01991],[-114.47371,30.01969],[-114.47361,30.01937],[-114.47369,30.01904],[-114.47366,30.01847],[-114.4736,30.01832],[-114.47359,30.0182],[-114.47361,30.01808],[-114.47356,30.01775],[-114.47363,30.01728],[-114.47364,30.017],[-114.47388,30.01685],[-114.47367,30.01612],[-114.47368,30.01574],[-114.47363,30.01537],[-114.47359,30.01517],[-114.47335,30.01437],[-114.4733,30.01421],[-114.47338,30.01375],[-114.47349,30.01352],[-114.4736,30.0134],[-114.47378,30.01327],[-114.47433,30.01303],[-114.47451,30.01294],[-114.47472,30.01294],[-114.47498,30.01295],[-114.47518,30.01301],[-114.47549,30.01316],[-114.47562,30.01342],[-114.47567,30.0137],[-114.4757,30.01406],[-114.47583,30.01428],[-114.47598,30.01458],[-114.47599,30.0149],[-114.47603,30.01503],[-114.4761,30.01513],[-114.47604,30.0152],[-114.47587,30.0153],[-114.47553,30.01547],[-114.47547,30.01561],[-114.47549,30.01573],[-114.47555,30.01585],[-114.4757,30.01594],[-114.47604,30.01602],[-114.47621,30.01603],[-114.4763,30.01611],[-114.47634,30.01626],[-114.47635,30.01639],[-114.47642,30.01645],[-114.4766,30.01659],[-114.47676,30.01674],[-114.47688,30.0168],[-114.47703,30.01678],[-114.47712,30.01679],[-114.47714,30.01685],[-114.47697,30.01695],[-114.47691,30.01702],[-114.47698,30.0171],[-114.4772,30.01719],[-114.47735,30.01727],[-114.47736,30.0174],[-114.47736,30.01755],[-114.47738,30.01767],[-114.47747,30.01795],[-114.47752,30.01802],[-114.47761,30.01805],[-114.47772,30.01804],[-114.47797,30.01803],[-114.47816,30.01808],[-114.47825,30.0181],[-114.47827,30.01813],[-114.47827,30.01819],[-114.47812,30.01826],[-114.47817,30.01828],[-114.47827,30.01828],[-114.47833,30.01831],[-114.47835,30.01839],[-114.47824,30.01847],[-114.47799,30.01854],[-114.47783,30.01859],[-114.47774,30.01864],[-114.47783,30.01868],[-114.47803,30.0186],[-114.47817,30.01859],[-114.47841,30.01868],[-114.47852,30.01876],[-114.47853,30.01887],[-114.47862,30.01905],[-114.47873,30.01912],[-114.47893,30.01917],[-114.47916,30.01916],[-114.47929,30.01919],[-114.47938,30.0193],[-114.47947,30.01937],[-114.47935,30.01943],[-114.47914,30.0195],[-114.47887,30.01956],[-114.47928,30.01958],[-114.47943,30.0196],[-114.47969,30.01952],[-114.47982,30.01972],[-114.4799,30.01987],[-114.47991,30.01995],[-114.47988,30.02008],[-114.47989,30.02014],[-114.47991,30.02017],[-114.47994,30.02019],[-114.47996,30.02024],[-114.47992,30.02028],[-114.47984,30.02036],[-114.47977,30.02038],[-114.4797,30.02039],[-114.47972,30.02042],[-114.47974,30.02043],[-114.47975,30.02046],[-114.47971,30.02054],[-114.47963,30.02063],[-114.47943,30.0207],[-114.4794,30.02072],[-114.4794,30.02077],[-114.47934,30.02081],[-114.47927,30.02082],[-114.47922,30.02084],[-114.47914,30.02082],[-114.47902,30.02079],[-114.47887,30.02078],[-114.47879,30.0208],[-114.47874,30.02085],[-114.47874,30.02089],[-114.47882,30.02097],[-114.47888,30.02102],[-114.47888,30.02106],[-114.47872,30.02109],[-114.47864,30.0212],[-114.4786,30.02126],[-114.47861,30.02137],[-114.47867,30.02141],[-114.47874,30.02144],[-114.47875,30.02148],[-114.47868,30.02156],[-114.47852,30.02161],[-114.47835,30.02164],[-114.47824,30.02171],[-114.4781,30.02181],[-114.47801,30.02186],[-114.47798,30.02193],[-114.47797,30.02201],[-114.47789,30.02202],[-114.47782,30.022],[-114.47773,30.02203],[-114.47744,30.02203],[-114.47724,30.02204],[-114.47713,30.02208],[-114.47709,30.02218],[-114.47701,30.02228],[-114.47687,30.02235],[-114.47669,30.02235],[-114.47657,30.02236],[-114.47655,30.02239],[-114.47649,30.02251],[-114.47655,30.02255],[-114.47655,30.02261],[-114.47648,30.02274],[-114.47648,30.02283],[-114.47636,30.02285],[-114.47624,30.02286],[-114.47607,30.02319],[-114.47582,30.02342],[-114.47544,30.02356],[-114.4751,30.02364],[-114.47459,30.02363],[-114.47428,30.02357],[-114.47409,30.02341],[-114.47386,30.02332],[-114.47378,30.02317],[-114.47373,30.02314],[-114.47375,30.02298],[-114.47362,30.02295],[-114.47361,30.02282]]],[[[-114.49108,30.04744],[-114.49131,30.04727],[-114.49153,30.04744],[-114.49132,30.0478],[-114.49078,30.0483],[-114.49074,30.04901],[-114.49116,30.04969],[-114.49132,30.05004],[-114.49102,30.05073],[-114.4908,30.05161],[-114.49118,30.05206],[-114.49132,30.05245],[-114.4912,30.053],[-114.49126,30.05334],[-114.49111,30.05335],[-114.491,30.05357],[-114.49059,30.05431],[-114.49003,30.05468],[-114.48924,30.05472],[-114.48851,30.05449],[-114.48816,30.05423],[-114.48766,30.05363],[-114.48714,30.05314],[-114.48699,30.05265],[-114.48667,30.05187],[-114.48652,30.05125],[-114.48679,30.05052],[-114.48748,30.04986],[-114.48811,30.04956],[-114.48848,30.04907],[-114.48897,30.04854],[-114.48964,30.04816],[-114.49006,30.04794],[-114.49036,30.0477],[-114.49084,30.04761],[-114.49108,30.04744]]],[[[-114.55038,30.09397],[-114.5503,30.0939],[-114.55017,30.09375],[-114.55008,30.09362],[-114.54986,30.09347],[-114.54977,30.09341],[-114.54968,30.09336],[-114.54965,30.09326],[-114.54961,30.09321],[-114.54955,30.0932],[-114.54933,30.09322],[-114.54924,30.0932],[-114.54919,30.09311],[-114.54919,30.09305],[-114.54914,30.093],[-114.54903,30.09299],[-114.54868,30.093],[-114.5485,30.09298],[-114.54818,30.09285],[-114.54809,30.09277],[-114.54798,30.0927],[-114.54788,30.09267],[-114.54774,30.09266],[-114.5474,30.09266],[-114.54686,30.09272],[-114.5467,30.09279],[-114.54656,30.09282],[-114.54629,30.09282],[-114.54503,30.09233],[-114.54451,30.09243],[-114.54371,30.09229],[-114.54258,30.0921],[-114.54253,30.09211],[-114.5425,30.09211],[-114.54245,30.09215],[-114.54242,30.09218],[-114.54237,30.09228],[-114.54233,30.09231],[-114.54227,30.09231],[-114.54219,30.09231],[-114.54209,30.09227],[-114.54119,30.09169],[-114.54105,30.09159],[-114.54088,30.09156],[-114.54072,30.09158],[-114.54058,30.09164],[-114.54045,30.09177],[-114.54043,30.09187],[-114.54047,30.09208],[-114.54042,30.09226],[-114.54038,30.09236],[-114.54026,30.09226],[-114.54013,30.09225],[-114.53996,30.09205],[-114.53963,30.09168],[-114.5396,30.0916],[-114.53952,30.09127],[-114.53951,30.09112],[-114.53932,30.09106],[-114.53906,30.09082],[-114.53875,30.09066],[-114.5384,30.09025],[-114.53838,30.09007],[-114.53833,30.08986],[-114.53823,30.08966],[-114.53806,30.08927],[-114.53789,30.08907],[-114.53757,30.08887],[-114.53737,30.08871],[-114.53723,30.08852],[-114.53711,30.08825],[-114.53703,30.08808],[-114.53692,30.08796],[-114.53619,30.08742],[-114.536,30.08719],[-114.5359,30.08699],[-114.53581,30.08671],[-114.53559,30.08628],[-114.53541,30.08583],[-114.53516,30.08551],[-114.53497,30.08524],[-114.53484,30.08502],[-114.53473,30.08475],[-114.53469,30.08435],[-114.53479,30.08397],[-114.53496,30.08362],[-114.53518,30.08326],[-114.53553,30.08299],[-114.53585,30.08283],[-114.5361,30.08271],[-114.53645,30.08256],[-114.53676,30.08245],[-114.53701,30.08239],[-114.53725,30.08234],[-114.53768,30.08237],[-114.53795,30.08238],[-114.53826,30.08248],[-114.53874,30.08276],[-114.53987,30.08366],[-114.54012,30.08378],[-114.54033,30.08385],[-114.54054,30.08383],[-114.54078,30.08377],[-114.54095,30.08367],[-114.54107,30.08332],[-114.54129,30.08331],[-114.54148,30.08336],[-114.54178,30.08347],[-114.54201,30.08373],[-114.54208,30.08401],[-114.54204,30.08418],[-114.54169,30.08481],[-114.54165,30.08499],[-114.54167,30.08521],[-114.54187,30.08579],[-114.54208,30.08607],[-114.54225,30.08623],[-114.54241,30.08631],[-114.54278,30.08632],[-114.54307,30.08638],[-114.54329,30.08637],[-114.54343,30.08632],[-114.54372,30.0862],[-114.54395,30.08603],[-114.54415,30.08581],[-114.54422,30.08575],[-114.54432,30.08574],[-114.54439,30.0858],[-114.54455,30.08594],[-114.54467,30.08611],[-114.5447,30.08633],[-114.54474,30.08646],[-114.54479,30.08653],[-114.54488,30.08658],[-114.54516,30.08659],[-114.54533,30.08666],[-114.54557,30.08667],[-114.54573,30.08686],[-114.54577,30.08704],[-114.54583,30.08726],[-114.54574,30.08749],[-114.54555,30.0877],[-114.54533,30.08791],[-114.54515,30.08805],[-114.54514,30.08817],[-114.54517,30.08827],[-114.54535,30.08837],[-114.54543,30.08847],[-114.54582,30.08928],[-114.54595,30.08942],[-114.54612,30.08948],[-114.54628,30.08951],[-114.54667,30.08953],[-114.54683,30.08965],[-114.54689,30.08975],[-114.54687,30.08985],[-114.5467,30.09007],[-114.5467,30.09018],[-114.54677,30.09026],[-114.54681,30.09032],[-114.54692,30.09039],[-114.54714,30.09042],[-114.54764,30.09035],[-114.5479,30.09032],[-114.54813,30.09017],[-114.54891,30.08961],[-114.54928,30.08947],[-114.54969,30.08935],[-114.55029,30.08924],[-114.55101,30.08912],[-114.5512,30.08914],[-114.55127,30.08922],[-114.55131,30.0893],[-114.55139,30.08958],[-114.55143,30.08998],[-114.55149,30.09009],[-114.55157,30.09017],[-114.5517,30.09021],[-114.55187,30.09021],[-114.55201,30.09018],[-114.55219,30.09014],[-114.55272,30.08994],[-114.55303,30.08981],[-114.55357,30.08973],[-114.55378,30.08974],[-114.55389,30.08976],[-114.55394,30.0898],[-114.55396,30.08983],[-114.55397,30.08989],[-114.55396,30.09002],[-114.55393,30.09065],[-114.55395,30.09087],[-114.554,30.091],[-114.55405,30.09112],[-114.55412,30.0913],[-114.55418,30.09178],[-114.55416,30.09193],[-114.5541,30.09196],[-114.55402,30.09202],[-114.55399,30.09208],[-114.55399,30.09217],[-114.55391,30.09245],[-114.55384,30.09275],[-114.55379,30.09285],[-114.55368,30.09294],[-114.55354,30.09297],[-114.55345,30.093],[-114.55338,30.09306],[-114.55334,30.09313],[-114.5533,30.09318],[-114.55325,30.09321],[-114.5531,30.09319],[-114.55286,30.09319],[-114.5528,30.09321],[-114.55276,30.09323],[-114.55276,30.09333],[-114.55273,30.0934],[-114.55269,30.09345],[-114.5526,30.09349],[-114.55248,30.09348],[-114.55237,30.09348],[-114.5523,30.09351],[-114.55226,30.09356],[-114.55223,30.09367],[-114.55216,30.09371],[-114.55209,30.09373],[-114.55202,30.09374],[-114.55181,30.09366],[-114.55174,30.09357],[-114.55174,30.09347],[-114.55171,30.09344],[-114.55166,30.09345],[-114.55157,30.09348],[-114.55153,30.09352],[-114.55153,30.0936],[-114.5515,30.09372],[-114.55146,30.09377],[-114.55138,30.09379],[-114.55125,30.09381],[-114.5512,30.09385],[-114.55116,30.09391],[-114.55109,30.09393],[-114.55103,30.09393],[-114.55086,30.09392],[-114.55079,30.0939],[-114.55065,30.09392],[-114.55058,30.09396],[-114.55052,30.094],[-114.55046,30.094],[-114.55038,30.09397]]],[[[-114.62656,30.12899],[-114.62686,30.12894],[-114.62717,30.12908],[-114.62713,30.12972],[-114.62717,30.13015],[-114.62725,30.13039],[-114.62711,30.1308],[-114.62694,30.13107],[-114.62684,30.13114],[-114.62651,30.13143],[-114.62584,30.1313],[-114.62554,30.13118],[-114.62556,30.13103],[-114.62587,30.13078],[-114.62593,30.13047],[-114.62582,30.13022],[-114.62589,30.12976],[-114.62583,30.12927],[-114.62596,30.12908],[-114.62656,30.12899]]],[[[-116.11257,30.4973],[-116.10169,30.48308],[-116.123,30.48466],[-116.11257,30.4973]]],[[[-114.74652,31.80186],[-114.73444,31.76975],[-114.66867,31.71878],[-114.65064,31.67987],[-114.66817,31.67629],[-114.71164,31.71032],[-114.6897,31.68172],[-114.7175,31.68118],[-114.7911,31.73],[-114.79994,31.81264],[-114.7697,31.81683],[-114.74652,31.80186]]],[[[-116.79603,31.80655],[-116.79544,31.80644],[-116.79465,31.80662],[-116.79446,31.80656],[-116.79414,31.80669],[-116.79391,31.80625],[-116.7935,31.80617],[-116.79306,31.80646],[-116.79292,31.80672],[-116.79263,31.80695],[-116.7922,31.80655],[-116.7918,31.80634],[-116.79137,31.80598],[-116.7906,31.80568],[-116.78993,31.8057],[-116.78954,31.80576],[-116.78917,31.8059],[-116.78879,31.80659],[-116.78879,31.80626],[-116.78878,31.80621],[-116.7889,31.80589],[-116.78893,31.8056],[-116.78898,31.80523],[-116.78861,31.80511],[-116.78836,31.80531],[-116.78812,31.80516],[-116.78795,31.80485],[-116.78836,31.80458],[-116.78873,31.80424],[-116.78892,31.80381],[-116.78842,31.80355],[-116.78841,31.80334],[-116.78834,31.80306],[-116.78809,31.80346],[-116.78766,31.80354],[-116.78758,31.8033],[-116.78751,31.80307],[-116.78769,31.8029],[-116.78829,31.80289],[-116.78849,31.80268],[-116.78848,31.8024],[-116.78797,31.8021],[-116.78768,31.80186],[-116.78738,31.80202],[-116.78717,31.80188],[-116.78719,31.80175],[-116.78779,31.80171],[-116.78767,31.80147],[-116.78723,31.80098],[-116.7872,31.80018],[-116.7875,31.79966],[-116.78712,31.79948],[-116.78665,31.79945],[-116.78695,31.79898],[-116.78682,31.79848],[-116.78653,31.79829],[-116.78659,31.79787],[-116.78668,31.79751],[-116.78689,31.79721],[-116.7871,31.7969],[-116.78744,31.79663],[-116.78752,31.79631],[-116.78721,31.79602],[-116.78705,31.79578],[-116.78726,31.79544],[-116.78714,31.79507],[-116.78753,31.7949],[-116.78786,31.7947],[-116.78805,31.79422],[-116.78772,31.7939],[-116.78755,31.79364],[-116.78771,31.79356],[-116.78746,31.79333],[-116.78778,31.79321],[-116.78782,31.7931],[-116.78739,31.793],[-116.78713,31.79289],[-116.78699,31.79269],[-116.78714,31.79246],[-116.78691,31.79241],[-116.7866,31.79247],[-116.78638,31.79225],[-116.78614,31.792],[-116.78604,31.79186],[-116.78617,31.79172],[-116.7864,31.79154],[-116.78632,31.79136],[-116.78669,31.79156],[-116.78675,31.79178],[-116.78681,31.79192],[-116.78701,31.79189],[-116.78693,31.79164],[-116.787,31.79154],[-116.78718,31.79141],[-116.78703,31.79118],[-116.78694,31.79097],[-116.78721,31.79098],[-116.78744,31.79106],[-116.78744,31.79126],[-116.78734,31.79141],[-116.78758,31.79136],[-116.78769,31.79148],[-116.78792,31.79161],[-116.78822,31.79174],[-116.78838,31.79194],[-116.78866,31.79201],[-116.78898,31.79216],[-116.78888,31.79224],[-116.78863,31.79217],[-116.78871,31.79249],[-116.7887,31.79275],[-116.78864,31.79304],[-116.78873,31.79337],[-116.78873,31.7935],[-116.78908,31.79381],[-116.78907,31.79398],[-116.7888,31.79384],[-116.78871,31.79398],[-116.7889,31.79425],[-116.78884,31.79443],[-116.7888,31.79462],[-116.78869,31.79466],[-116.78893,31.79512],[-116.78935,31.79518],[-116.78983,31.79519],[-116.78989,31.79538],[-116.79014,31.79556],[-116.79034,31.79581],[-116.79055,31.79581],[-116.79077,31.79604],[-116.79094,31.79631],[-116.79073,31.79644],[-116.79063,31.79649],[-116.79064,31.79661],[-116.79046,31.79672],[-116.79045,31.79695],[-116.79054,31.79698],[-116.79078,31.79694],[-116.79115,31.79697],[-116.79126,31.79686],[-116.79167,31.79676],[-116.79164,31.79704],[-116.79177,31.79714],[-116.79194,31.79709],[-116.7921,31.79716],[-116.79212,31.79728],[-116.79194,31.79736],[-116.79231,31.79757],[-116.79269,31.79774],[-116.79273,31.798],[-116.79308,31.7982],[-116.79333,31.79834],[-116.79338,31.79849],[-116.79352,31.79861],[-116.79362,31.79889],[-116.7933,31.79903],[-116.79304,31.79908],[-116.79295,31.79917],[-116.79323,31.79934],[-116.79314,31.79944],[-116.79333,31.79981],[-116.79329,31.80009],[-116.79344,31.80027],[-116.79341,31.80041],[-116.79318,31.80036],[-116.79294,31.80072],[-116.79272,31.80092],[-116.7928,31.80115],[-116.79309,31.80112],[-116.79289,31.80125],[-116.79307,31.80155],[-116.79336,31.80133],[-116.79355,31.80141],[-116.79347,31.80167],[-116.79366,31.80169],[-116.79383,31.8018],[-116.79421,31.80187],[-116.79433,31.80204],[-116.79457,31.80221],[-116.79486,31.80232],[-116.79518,31.80229],[-116.79536,31.80205],[-116.79553,31.80203],[-116.79571,31.80198],[-116.79595,31.80209],[-116.79609,31.80235],[-116.79622,31.80252],[-116.79625,31.80278],[-116.79654,31.80288],[-116.79647,31.80319],[-116.79655,31.80332],[-116.7968,31.80315],[-116.79705,31.80314],[-116.79717,31.80341],[-116.79707,31.80365],[-116.79711,31.80384],[-116.79739,31.80396],[-116.79734,31.8041],[-116.79754,31.80419],[-116.79746,31.80437],[-116.79744,31.80453],[-116.79772,31.80482],[-116.79782,31.80506],[-116.79768,31.80533],[-116.79763,31.80553],[-116.79779,31.80573],[-116.79791,31.80575],[-116.79803,31.80603],[-116.79817,31.80593],[-116.7983,31.80577],[-116.79843,31.80613],[-116.79848,31.80635],[-116.79843,31.80649],[-116.79852,31.80683],[-116.79826,31.80691],[-116.79816,31.8069],[-116.79809,31.80683],[-116.79748,31.80687],[-116.79683,31.80678],[-116.79603,31.80655]]],[[[-116.80604,31.81322],[-116.80566,31.81321],[-116.80542,31.81333],[-116.8051,31.81344],[-116.80479,31.81342],[-116.80444,31.81347],[-116.80399,31.81336],[-116.80385,31.81305],[-116.80377,31.81294],[-116.80366,31.81272],[-116.80326,31.81257],[-116.80286,31.81262],[-116.8024,31.8127],[-116.80219,31.81283],[-116.80209,31.81282],[-116.80196,31.81278],[-116.80183,31.81268],[-116.80121,31.81198],[-116.80105,31.81168],[-116.801,31.81147],[-116.80079,31.81118],[-116.80085,31.81093],[-116.8009,31.81067],[-116.80109,31.81054],[-116.80122,31.81047],[-116.80126,31.80992],[-116.80128,31.80953],[-116.80122,31.80923],[-116.80118,31.8091],[-116.80122,31.80892],[-116.80116,31.80874],[-116.80115,31.80867],[-116.80115,31.8086],[-116.80111,31.80854],[-116.80102,31.80853],[-116.8009,31.80857],[-116.8008,31.80866],[-116.80074,31.80869],[-116.8007,31.80864],[-116.80065,31.80852],[-116.80058,31.8083],[-116.80056,31.80813],[-116.80043,31.80789],[-116.80044,31.8076],[-116.80052,31.80733],[-116.80097,31.80714],[-116.80096,31.80693],[-116.80103,31.80673],[-116.80117,31.80658],[-116.80113,31.80647],[-116.80127,31.80631],[-116.80131,31.80625],[-116.80141,31.80609],[-116.80141,31.8059],[-116.80164,31.8059],[-116.80182,31.80596],[-116.80196,31.8059],[-116.80212,31.80597],[-116.80233,31.80628],[-116.80244,31.80644],[-116.8025,31.80682],[-116.80253,31.80687],[-116.80253,31.80693],[-116.80252,31.80714],[-116.80246,31.80729],[-116.80242,31.80737],[-116.80243,31.80742],[-116.80246,31.80751],[-116.80244,31.80758],[-116.8024,31.80765],[-116.80236,31.80774],[-116.80235,31.80782],[-116.80236,31.80791],[-116.80228,31.80853],[-116.80222,31.80881],[-116.80203,31.80926],[-116.80196,31.80936],[-116.80214,31.80946],[-116.80241,31.80966],[-116.80269,31.80982],[-116.80321,31.80966],[-116.80349,31.80956],[-116.80404,31.80949],[-116.80424,31.80947],[-116.80492,31.80953],[-116.80493,31.80964],[-116.80498,31.80976],[-116.80517,31.8099],[-116.80551,31.80992],[-116.80594,31.81015],[-116.80614,31.81036],[-116.80642,31.81045],[-116.80666,31.81036],[-116.80689,31.81043],[-116.80705,31.81025],[-116.80736,31.8101],[-116.80766,31.80992],[-116.808,31.8098],[-116.80838,31.80982],[-116.80873,31.80991],[-116.80928,31.80989],[-116.80896,31.81031],[-116.80892,31.81044],[-116.80892,31.81063],[-116.80894,31.81141],[-116.80889,31.81161],[-116.80874,31.81184],[-116.80863,31.81208],[-116.8085,31.81233],[-116.80842,31.81253],[-116.80835,31.81272],[-116.80825,31.81283],[-116.80781,31.813],[-116.8073,31.81322],[-116.80699,31.81329],[-116.80663,31.81328],[-116.80625,31.81326],[-116.80604,31.81322]]],[[[-117.24565,32.4139],[-117.24569,32.41384],[-117.24573,32.4138],[-117.24584,32.41375],[-117.24595,32.41374],[-117.24603,32.41373],[-117.24602,32.4137],[-117.24601,32.41367],[-117.24594,32.41362],[-117.24588,32.41361],[-117.24575,32.41362],[-117.24561,32.41364],[-117.24553,32.41369],[-117.24547,32.41372],[-117.2454,32.41372],[-117.24533,32.41372],[-117.24529,32.41369],[-117.24523,32.41363],[-117.24513,32.41358],[-117.24504,32.41355],[-117.245,32.41349],[-117.24497,32.41344],[-117.24492,32.41344],[-117.24484,32.41346],[-117.24478,32.41351],[-117.24468,32.41365],[-117.24444,32.4142],[-117.24431,32.41446],[-117.2443,32.41457],[-117.24436,32.41465],[-117.24436,32.41474],[-117.24431,32.41482],[-117.2441,32.41505],[-117.24402,32.41507],[-117.24397,32.41503],[-117.24389,32.41502],[-117.24381,32.41504],[-117.24375,32.41506],[-117.24369,32.41504],[-117.24365,32.415],[-117.24359,32.41496],[-117.24356,32.41493],[-117.24347,32.41453],[-117.24341,32.41409],[-117.24336,32.41388],[-117.24337,32.41372],[-117.24341,32.41362],[-117.24339,32.41339],[-117.24334,32.41309],[-117.24328,32.41281],[-117.24324,32.41275],[-117.24317,32.41267],[-117.24301,32.41235],[-117.24287,32.41212],[-117.24287,32.41204],[-117.24293,32.41196],[-117.24292,32.41188],[-117.24288,32.41181],[-117.24276,32.41177],[-117.24252,32.41172],[-117.24235,32.41159],[-117.24225,32.41152],[-117.2422,32.41144],[-117.24218,32.41132],[-117.24223,32.41121],[-117.24232,32.41109],[-117.24241,32.4109],[-117.24248,32.41058],[-117.24248,32.4103],[-117.24249,32.41014],[-117.24248,32.41003],[-117.24246,32.40994],[-117.24243,32.40983],[-117.24237,32.40975],[-117.2423,32.40969],[-117.24216,32.40949],[-117.24209,32.40935],[-117.2421,32.40913],[-117.2421,32.40885],[-117.2421,32.40871],[-117.24207,32.40858],[-117.24211,32.40844],[-117.24222,32.40828],[-117.24225,32.40821],[-117.24223,32.40812],[-117.24222,32.40803],[-117.24221,32.40795],[-117.24224,32.40789],[-117.24231,32.40782],[-117.24232,32.40777],[-117.24232,32.40767],[-117.2424,32.40757],[-117.24265,32.40699],[-117.24269,32.40687],[-117.24267,32.40676],[-117.24262,32.40667],[-117.24252,32.40661],[-117.24249,32.40659],[-117.24248,32.4065],[-117.24251,32.40637],[-117.24253,32.40629],[-117.24251,32.4062],[-117.24246,32.40604],[-117.24244,32.4058],[-117.24248,32.40551],[-117.24246,32.40538],[-117.24239,32.40532],[-117.24226,32.40523],[-117.24217,32.40515],[-117.24214,32.40506],[-117.24212,32.40497],[-117.24211,32.40479],[-117.2421,32.40466],[-117.24206,32.40456],[-117.24197,32.40447],[-117.24191,32.40441],[-117.24187,32.40433],[-117.24181,32.40415],[-117.2418,32.40403],[-117.24177,32.40393],[-117.24175,32.40386],[-117.2417,32.40379],[-117.24163,32.40372],[-117.24155,32.40364],[-117.24147,32.40352],[-117.24118,32.40294],[-117.24105,32.40278],[-117.24095,32.40264],[-117.24093,32.40242],[-117.24093,32.40202],[-117.2409,32.40181],[-117.24088,32.40161],[-117.24087,32.40141],[-117.24084,32.40115],[-117.2408,32.40074],[-117.2408,32.40047],[-117.24068,32.4003],[-117.24055,32.39996],[-117.24055,32.39974],[-117.24047,32.39955],[-117.24032,32.39933],[-117.24024,32.39919],[-117.24024,32.39903],[-117.2402,32.39878],[-117.24012,32.3986],[-117.24001,32.39841],[-117.23983,32.39819],[-117.23975,32.39804],[-117.23969,32.39793],[-117.23968,32.3978],[-117.23966,32.39762],[-117.23967,32.39748],[-117.23972,32.39738],[-117.23971,32.3973],[-117.23958,32.39709],[-117.23948,32.39691],[-117.2394,32.39677],[-117.23937,32.39659],[-117.23933,32.39633],[-117.23931,32.39613],[-117.23925,32.39576],[-117.23921,32.39549],[-117.23925,32.39519],[-117.23931,32.39499],[-117.23951,32.39462],[-117.23955,32.39441],[-117.23956,32.39418],[-117.23962,32.39396],[-117.23966,32.39378],[-117.23964,32.39364],[-117.23961,32.39352],[-117.23958,32.39333],[-117.23956,32.39319],[-117.23959,32.3931],[-117.23963,32.39291],[-117.23963,32.3925],[-117.23966,32.3924],[-117.23966,32.39218],[-117.23969,32.39204],[-117.23967,32.39195],[-117.23963,32.39187],[-117.23963,32.39175],[-117.23965,32.39171],[-117.23964,32.39165],[-117.23961,32.39156],[-117.23957,32.39143],[-117.23954,32.39129],[-117.23957,32.39124],[-117.23963,32.39122],[-117.23967,32.3912],[-117.23972,32.39119],[-117.23981,32.39118],[-117.23985,32.39114],[-117.23997,32.39109],[-117.24008,32.39107],[-117.2402,32.39108],[-117.24029,32.39115],[-117.24039,32.39124],[-117.24047,32.39125],[-117.24051,32.39123],[-117.24055,32.39117],[-117.24071,32.39111],[-117.24083,32.3911],[-117.24093,32.39109],[-117.24098,32.39112],[-117.24109,32.39117],[-117.24115,32.39117],[-117.2412,32.39115],[-117.24123,32.39109],[-117.24126,32.391],[-117.24135,32.39089],[-117.24143,32.39081],[-117.24153,32.39077],[-117.24157,32.3908],[-117.24162,32.39086],[-117.24169,32.39095],[-117.24177,32.39099],[-117.24188,32.39102],[-117.24196,32.39107],[-117.24196,32.39111],[-117.24192,32.39113],[-117.24183,32.39113],[-117.24179,32.39116],[-117.24181,32.39119],[-117.24186,32.39125],[-117.24204,32.3914],[-117.24206,32.39148],[-117.24206,32.39154],[-117.24211,32.39158],[-117.24217,32.39164],[-117.24219,32.39171],[-117.2422,32.39181],[-117.24219,32.39192],[-117.24221,32.39198],[-117.24226,32.39201],[-117.24232,32.39206],[-117.24236,32.39211],[-117.24236,32.39215],[-117.24237,32.39221],[-117.24235,32.39226],[-117.24238,32.39235],[-117.24243,32.39242],[-117.24246,32.39247],[-117.24246,32.39254],[-117.24248,32.39265],[-117.24249,32.3927],[-117.24252,32.39272],[-117.24257,32.39272],[-117.2426,32.39272],[-117.24261,32.3927],[-117.24262,32.39267],[-117.24259,32.39263],[-117.24255,32.3926],[-117.24255,32.39257],[-117.24257,32.39255],[-117.24262,32.39255],[-117.24263,32.39256],[-117.24267,32.39258],[-117.24272,32.39256],[-117.24275,32.39258],[-117.24276,32.39261],[-117.24277,32.39267],[-117.2428,32.39271],[-117.24284,32.39274],[-117.24283,32.39277],[-117.24282,32.39278],[-117.24277,32.39279],[-117.24276,32.3928],[-117.24277,32.39285],[-117.2428,32.39288],[-117.24285,32.39294],[-117.24288,32.393],[-117.24291,32.39305],[-117.24294,32.3931],[-117.24301,32.3931],[-117.2431,32.39311],[-117.24313,32.39315],[-117.24316,32.3932],[-117.24316,32.39325],[-117.24312,32.39331],[-117.24308,32.39336],[-117.24307,32.39339],[-117.24307,32.39342],[-117.24309,32.39346],[-117.24314,32.39352],[-117.24318,32.39353],[-117.24328,32.39356],[-117.24332,32.3936],[-117.24332,32.39368],[-117.24341,32.39384],[-117.24353,32.39404],[-117.24374,32.39427],[-117.24376,32.39435],[-117.24386,32.39446],[-117.24388,32.39456],[-117.24386,32.39461],[-117.24381,32.39465],[-117.24381,32.39469],[-117.24383,32.39476],[-117.24386,32.39478],[-117.24391,32.39479],[-117.24405,32.39478],[-117.24407,32.39482],[-117.2441,32.39486],[-117.24414,32.39493],[-117.24422,32.39495],[-117.2443,32.39501],[-117.24432,32.39505],[-117.2443,32.39505],[-117.24427,32.39503],[-117.2442,32.39502],[-117.24413,32.39501],[-117.24409,32.39502],[-117.24408,32.39504],[-117.24409,32.39507],[-117.24412,32.3951],[-117.24417,32.39514],[-117.24426,32.39516],[-117.2443,32.39518],[-117.24431,32.39521],[-117.24432,32.3953],[-117.24433,32.39537],[-117.24437,32.3954],[-117.24443,32.39547],[-117.24444,32.39554],[-117.24445,32.39557],[-117.24448,32.39563],[-117.24448,32.39565],[-117.24447,32.39569],[-117.2445,32.39595],[-117.2445,32.39603],[-117.24448,32.39605],[-117.24444,32.39608],[-117.24443,32.39613],[-117.24443,32.39617],[-117.24447,32.39623],[-117.24453,32.3963],[-117.24456,32.39635],[-117.24463,32.39657],[-117.24464,32.39666],[-117.24463,32.39673],[-117.24463,32.39682],[-117.24465,32.39692],[-117.2447,32.39698],[-117.24478,32.39713],[-117.24482,32.39735],[-117.24489,32.39742],[-117.24494,32.39755],[-117.24496,32.39774],[-117.24494,32.39787],[-117.24497,32.39796],[-117.24504,32.39801],[-117.24507,32.39807],[-117.24513,32.3982],[-117.24516,32.39835],[-117.24518,32.39851],[-117.24519,32.39869],[-117.24519,32.39882],[-117.24513,32.39895],[-117.24507,32.39907],[-117.24499,32.39914],[-117.24491,32.39919],[-117.24488,32.39927],[-117.24489,32.39936],[-117.24492,32.39939],[-117.24494,32.39943],[-117.245,32.39959],[-117.24501,32.39966],[-117.24503,32.39975],[-117.24507,32.39988],[-117.2451,32.40001],[-117.24511,32.40013],[-117.24512,32.4002],[-117.24511,32.40029],[-117.24512,32.40038],[-117.24512,32.4005],[-117.24509,32.40056],[-117.24504,32.40063],[-117.24502,32.40067],[-117.24503,32.40075],[-117.24505,32.40081],[-117.24514,32.40095],[-117.2453,32.40122],[-117.24535,32.40146],[-117.24538,32.40156],[-117.24541,32.40161],[-117.24542,32.40167],[-117.24542,32.40171],[-117.24537,32.40173],[-117.24525,32.40171],[-117.24519,32.40173],[-117.24516,32.40177],[-117.24513,32.40187],[-117.24508,32.40204],[-117.24504,32.40218],[-117.24501,32.40228],[-117.24493,32.40239],[-117.24488,32.4025],[-117.24484,32.40261],[-117.24485,32.40278],[-117.24479,32.4029],[-117.24477,32.40297],[-117.24477,32.4031],[-117.24471,32.40322],[-117.24466,32.4033],[-117.24463,32.40346],[-117.24462,32.4036],[-117.24456,32.40374],[-117.24452,32.40388],[-117.24453,32.40399],[-117.24451,32.40415],[-117.2445,32.40431],[-117.24448,32.40441],[-117.24444,32.40453],[-117.24442,32.4046],[-117.24441,32.4047],[-117.24436,32.4048],[-117.24432,32.40491],[-117.2443,32.40499],[-117.24437,32.40508],[-117.24445,32.40529],[-117.24455,32.40568],[-117.24458,32.40583],[-117.24463,32.40591],[-117.24469,32.40598],[-117.24473,32.40603],[-117.24486,32.40608],[-117.24493,32.40611],[-117.24496,32.40614],[-117.24494,32.40619],[-117.24492,32.40628],[-117.24493,32.40632],[-117.24499,32.4064],[-117.24511,32.40654],[-117.24516,32.40658],[-117.24516,32.4066],[-117.24509,32.40661],[-117.24505,32.40662],[-117.24505,32.40666],[-117.24506,32.4067],[-117.24511,32.40673],[-117.24514,32.40678],[-117.24515,32.40683],[-117.24517,32.40688],[-117.24519,32.40693],[-117.24523,32.40696],[-117.24528,32.40697],[-117.24534,32.40697],[-117.2454,32.40702],[-117.24545,32.40706],[-117.24548,32.40712],[-117.24547,32.40716],[-117.24544,32.40719],[-117.24539,32.40725],[-117.24538,32.40733],[-117.24534,32.40742],[-117.24533,32.40745],[-117.24533,32.40749],[-117.24534,32.4075],[-117.2454,32.40758],[-117.24543,32.40764],[-117.24544,32.40769],[-117.24544,32.40777],[-117.24543,32.40785],[-117.24544,32.40792],[-117.24547,32.40796],[-117.24549,32.40802],[-117.2455,32.40807],[-117.24548,32.40812],[-117.24546,32.40822],[-117.24546,32.40829],[-117.24546,32.40834],[-117.24548,32.40839],[-117.24553,32.40851],[-117.24559,32.40893],[-117.24564,32.40899],[-117.24575,32.40908],[-117.24583,32.40916],[-117.2459,32.40923],[-117.24602,32.40928],[-117.24621,32.40937],[-117.24636,32.40947],[-117.24652,32.40954],[-117.24663,32.40957],[-117.24673,32.40957],[-117.24694,32.40955],[-117.24709,32.4095],[-117.24716,32.4094],[-117.24719,32.40928],[-117.24718,32.40919],[-117.24721,32.40903],[-117.24721,32.40894],[-117.24725,32.40885],[-117.24732,32.40881],[-117.2474,32.40879],[-117.24748,32.40874],[-117.24757,32.40874],[-117.24761,32.40879],[-117.24773,32.40891],[-117.24781,32.409],[-117.24786,32.40906],[-117.2479,32.40912],[-117.24789,32.40918],[-117.2479,32.40929],[-117.24792,32.40933],[-117.24798,32.40936],[-117.248,32.40944],[-117.248,32.40953],[-117.24801,32.40958],[-117.24806,32.40964],[-117.24811,32.40965],[-117.24816,32.40965],[-117.24831,32.40968],[-117.24836,32.40971],[-117.24839,32.4098],[-117.24844,32.40984],[-117.24847,32.40991],[-117.24851,32.40998],[-117.24851,32.41005],[-117.24854,32.4101],[-117.24857,32.41011],[-117.24862,32.4101],[-117.24867,32.41011],[-117.2487,32.41011],[-117.24875,32.41011],[-117.24875,32.41014],[-117.24877,32.41024],[-117.24879,32.41027],[-117.24883,32.41028],[-117.24888,32.41033],[-117.24892,32.4104],[-117.24893,32.41048],[-117.24896,32.41051],[-117.24898,32.41057],[-117.249,32.41073],[-117.24902,32.41074],[-117.24906,32.41074],[-117.24913,32.41076],[-117.2492,32.41081],[-117.24922,32.41085],[-117.24921,32.41091],[-117.24919,32.41095],[-117.24919,32.41102],[-117.24919,32.41113],[-117.24921,32.41147],[-117.24923,32.41154],[-117.24926,32.41158],[-117.24927,32.41164],[-117.24927,32.41174],[-117.24928,32.41182],[-117.24931,32.41188],[-117.24937,32.41191],[-117.24947,32.41191],[-117.24947,32.41195],[-117.24945,32.412],[-117.24945,32.41205],[-117.24941,32.41209],[-117.24934,32.41216],[-117.24931,32.41222],[-117.2493,32.4123],[-117.24931,32.41244],[-117.24936,32.4125],[-117.24946,32.41255],[-117.24953,32.4126],[-117.24954,32.41266],[-117.24955,32.41282],[-117.24954,32.4129],[-117.2495,32.41294],[-117.24946,32.413],[-117.24952,32.41328],[-117.24954,32.41341],[-117.24954,32.41348],[-117.24953,32.41351],[-117.24951,32.41353],[-117.24948,32.41355],[-117.24944,32.41355],[-117.24941,32.41355],[-117.24938,32.41355],[-117.24936,32.41356],[-117.24936,32.41358],[-117.24937,32.41365],[-117.24939,32.41367],[-117.24944,32.41368],[-117.24946,32.41371],[-117.24946,32.41374],[-117.24945,32.41403],[-117.24946,32.41411],[-117.24947,32.41416],[-117.24946,32.41424],[-117.24945,32.41433],[-117.24946,32.41454],[-117.24945,32.4147],[-117.24943,32.41486],[-117.24947,32.41588],[-117.24944,32.41611],[-117.24945,32.41624],[-117.24948,32.41635],[-117.24954,32.41644],[-117.24961,32.41649],[-117.24964,32.4168],[-117.24969,32.41705],[-117.24964,32.41733],[-117.2496,32.41751],[-117.24963,32.41769],[-117.24967,32.41779],[-117.24976,32.41792],[-117.24979,32.41802],[-117.24982,32.41814],[-117.24988,32.41827],[-117.25006,32.41849],[-117.25033,32.41878],[-117.25047,32.41902],[-117.25054,32.41916],[-117.25065,32.41924],[-117.25083,32.41942],[-117.25084,32.41953],[-117.25082,32.41961],[-117.25077,32.41968],[-117.25072,32.41973],[-117.25063,32.4198],[-117.25049,32.41983],[-117.25024,32.41983],[-117.25002,32.41982],[-117.24985,32.41977],[-117.24959,32.41962],[-117.24912,32.41939],[-117.24884,32.41923],[-117.24878,32.41916],[-117.24874,32.41905],[-117.24864,32.41869],[-117.24854,32.41846],[-117.24836,32.41823],[-117.24813,32.41788],[-117.24791,32.41757],[-117.24771,32.41726],[-117.24765,32.41716],[-117.24752,32.41705],[-117.24739,32.41693],[-117.24724,32.41689],[-117.24708,32.41686],[-117.24689,32.41674],[-117.24678,32.41662],[-117.24664,32.41661],[-117.24644,32.41662],[-117.24633,32.41662],[-117.24622,32.41656],[-117.24615,32.41647],[-117.24612,32.4164],[-117.24607,32.41634],[-117.24604,32.41627],[-117.24602,32.41598],[-117.24599,32.41583],[-117.24595,32.41571],[-117.24596,32.41564],[-117.24598,32.41558],[-117.24605,32.41547],[-117.24614,32.41534],[-117.24611,32.41524],[-117.24608,32.41513],[-117.24612,32.415],[-117.24613,32.41496],[-117.24612,32.4149],[-117.24611,32.41487],[-117.24606,32.41484],[-117.246,32.41483],[-117.24596,32.4148],[-117.24596,32.41475],[-117.24597,32.4147],[-117.24601,32.41469],[-117.24604,32.41467],[-117.24607,32.41464],[-117.2461,32.41458],[-117.2461,32.41453],[-117.24608,32.41436],[-117.24603,32.41424],[-117.24586,32.41411],[-117.24573,32.41402],[-117.2457,32.414],[-117.24566,32.41396],[-117.24565,32.4139]]],[[[-117.25978,32.41888],[-117.2597,32.41887],[-117.2596,32.41888],[-117.25953,32.41892],[-117.25943,32.41898],[-117.25938,32.41905],[-117.25935,32.41909],[-117.25935,32.41914],[-117.25941,32.4192],[-117.25947,32.41929],[-117.25951,32.4194],[-117.25953,32.41954],[-117.25954,32.41958],[-117.25958,32.4196],[-117.25961,32.41963],[-117.25961,32.41969],[-117.25956,32.41971],[-117.25951,32.41975],[-117.25947,32.41979],[-117.25939,32.4198],[-117.25931,32.41978],[-117.25926,32.41972],[-117.25921,32.41968],[-117.25921,32.41963],[-117.25925,32.41958],[-117.25925,32.41952],[-117.25916,32.41924],[-117.25909,32.41907],[-117.25904,32.41899],[-117.25895,32.41895],[-117.25889,32.41896],[-117.25856,32.41898],[-117.25829,32.41896],[-117.25826,32.41898],[-117.25823,32.41901],[-117.25813,32.41911],[-117.258,32.41927],[-117.25795,32.41931],[-117.2579,32.41935],[-117.25787,32.41936],[-117.25782,32.41936],[-117.25777,32.41933],[-117.25772,32.41927],[-117.25771,32.41922],[-117.25771,32.41907],[-117.2577,32.41887],[-117.25769,32.41881],[-117.25766,32.41879],[-117.25763,32.41879],[-117.25758,32.41879],[-117.25752,32.4188],[-117.25744,32.41882],[-117.25737,32.41882],[-117.25733,32.41879],[-117.25731,32.41875],[-117.2573,32.41869],[-117.25728,32.4185],[-117.25734,32.41845],[-117.25741,32.41839],[-117.2575,32.41837],[-117.25762,32.41839],[-117.25769,32.41842],[-117.25782,32.41847],[-117.25795,32.41854],[-117.25806,32.41862],[-117.25812,32.41864],[-117.25824,32.41865],[-117.2583,32.41864],[-117.25838,32.41862],[-117.25842,32.41862],[-117.25847,32.41865],[-117.25857,32.41875],[-117.2587,32.41877],[-117.25882,32.41876],[-117.25889,32.41877],[-117.25892,32.41879],[-117.25895,32.41885],[-117.259,32.41888],[-117.25906,32.4189],[-117.25913,32.41889],[-117.25932,32.41888],[-117.25941,32.41885],[-117.25946,32.41877],[-117.25952,32.4186],[-117.25958,32.41813],[-117.25962,32.41796],[-117.25963,32.41791],[-117.25958,32.41788],[-117.25957,32.41783],[-117.25959,32.41775],[-117.25958,32.41771],[-117.25956,32.41762],[-117.25954,32.41753],[-117.25951,32.4175],[-117.2595,32.41744],[-117.25952,32.41737],[-117.25961,32.41724],[-117.25963,32.41719],[-117.25963,32.41714],[-117.25964,32.41705],[-117.25964,32.417],[-117.25969,32.41697],[-117.2597,32.41691],[-117.25969,32.41686],[-117.2597,32.41675],[-117.25972,32.41669],[-117.2598,32.41643],[-117.25981,32.41638],[-117.2598,32.41635],[-117.25978,32.41633],[-117.25972,32.41631],[-117.25961,32.41628],[-117.25958,32.41625],[-117.25954,32.41616],[-117.25949,32.41609],[-117.25949,32.41601],[-117.25946,32.41593],[-117.25944,32.41585],[-117.25947,32.41581],[-117.25954,32.4158],[-117.2596,32.41582],[-117.25968,32.41582],[-117.25972,32.4158],[-117.25973,32.41578],[-117.2597,32.41573],[-117.25965,32.41569],[-117.25954,32.41562],[-117.25943,32.41553],[-117.25939,32.41546],[-117.25933,32.41539],[-117.25928,32.41538],[-117.25925,32.41537],[-117.25923,32.41532],[-117.25922,32.41528],[-117.25926,32.41524],[-117.25929,32.41521],[-117.25937,32.41521],[-117.25943,32.41523],[-117.25948,32.41522],[-117.25952,32.41519],[-117.25955,32.41515],[-117.25955,32.41509],[-117.25955,32.41499],[-117.25954,32.41496],[-117.25949,32.41491],[-117.25945,32.41488],[-117.25943,32.41485],[-117.25945,32.4148],[-117.25953,32.41473],[-117.25961,32.41471],[-117.25966,32.41473],[-117.25969,32.41478],[-117.25978,32.4148],[-117.25982,32.41489],[-117.2598,32.41495],[-117.25977,32.415],[-117.25979,32.41505],[-117.25985,32.41508],[-117.25999,32.41506],[-117.2601,32.41507],[-117.26018,32.41523],[-117.26023,32.41544],[-117.26036,32.41568],[-117.26041,32.41581],[-117.26041,32.41592],[-117.26044,32.41601],[-117.26049,32.41608],[-117.26054,32.41617],[-117.26059,32.41626],[-117.26061,32.41639],[-117.26062,32.41645],[-117.26064,32.41652],[-117.26072,32.41657],[-117.26078,32.41659],[-117.26083,32.41656],[-117.26085,32.41648],[-117.26088,32.41645],[-117.26094,32.41641],[-117.26107,32.4164],[-117.26108,32.41671],[-117.26108,32.4168],[-117.26116,32.41683],[-117.26127,32.41682],[-117.26138,32.41677],[-117.26142,32.41672],[-117.2615,32.41675],[-117.26157,32.41681],[-117.26156,32.41694],[-117.26153,32.41702],[-117.26155,32.41707],[-117.26156,32.41711],[-117.26155,32.41717],[-117.26154,32.41722],[-117.2615,32.41728],[-117.26146,32.41733],[-117.2614,32.41738],[-117.26132,32.41742],[-117.26117,32.41752],[-117.2611,32.41757],[-117.26113,32.4176],[-117.2612,32.41756],[-117.26128,32.41752],[-117.26135,32.41752],[-117.26137,32.41753],[-117.26138,32.41755],[-117.26141,32.41779],[-117.26145,32.41811],[-117.26146,32.41823],[-117.26146,32.41832],[-117.26144,32.41834],[-117.26139,32.41838],[-117.2614,32.41849],[-117.26137,32.41856],[-117.26135,32.41859],[-117.26136,32.41864],[-117.26133,32.41874],[-117.26128,32.41886],[-117.26115,32.41901],[-117.26108,32.41911],[-117.261,32.41916],[-117.26096,32.41922],[-117.26093,32.4193],[-117.26087,32.41951],[-117.26079,32.41964],[-117.2607,32.41973],[-117.26067,32.41981],[-117.26063,32.41996],[-117.2606,32.42009],[-117.26057,32.42015],[-117.26055,32.42016],[-117.26052,32.42016],[-117.26048,32.42015],[-117.26038,32.4201],[-117.26025,32.42],[-117.26011,32.41981],[-117.26,32.41958],[-117.25991,32.41936],[-117.25982,32.41895],[-117.25978,32.41888]]],[[[-117.29894,32.44553],[-117.29884,32.44552],[-117.29872,32.44554],[-117.29861,32.44559],[-117.29854,32.44561],[-117.29848,32.44562],[-117.2984,32.44562],[-117.29831,32.44557],[-117.29825,32.44548],[-117.29817,32.44543],[-117.29812,32.44542],[-117.29804,32.44541],[-117.29798,32.44535],[-117.29796,32.44527],[-117.29795,32.44518],[-117.2979,32.44508],[-117.29779,32.44504],[-117.29771,32.44496],[-117.29759,32.44483],[-117.29751,32.4448],[-117.29745,32.44475],[-117.29723,32.4444],[-117.29706,32.44428],[-117.29698,32.4439],[-117.29674,32.44368],[-117.29664,32.44324],[-117.2967,32.44299],[-117.29692,32.44253],[-117.29693,32.44244],[-117.29689,32.44237],[-117.29677,32.44231],[-117.29675,32.4422],[-117.29683,32.44199],[-117.29679,32.44191],[-117.29664,32.44191],[-117.29648,32.44201],[-117.29639,32.442],[-117.29628,32.4419],[-117.29602,32.44136],[-117.29592,32.44128],[-117.29562,32.44071],[-117.29533,32.43982],[-117.2953,32.43957],[-117.29527,32.43931],[-117.29531,32.43838],[-117.2951,32.43785],[-117.29519,32.43719],[-117.29518,32.4368],[-117.29494,32.436],[-117.29456,32.43559],[-117.29437,32.43521],[-117.29435,32.43507],[-117.29439,32.43495],[-117.29449,32.43473],[-117.29442,32.43466],[-117.29428,32.43467],[-117.29419,32.43464],[-117.29402,32.43449],[-117.29399,32.43437],[-117.29406,32.43418],[-117.29406,32.43414],[-117.29405,32.43407],[-117.29402,32.43388],[-117.29402,32.43378],[-117.29408,32.43372],[-117.29416,32.43371],[-117.29427,32.43373],[-117.2944,32.4338],[-117.29454,32.43391],[-117.29469,32.43413],[-117.29475,32.43425],[-117.29484,32.43429],[-117.2949,32.43428],[-117.29497,32.43424],[-117.29506,32.43415],[-117.29519,32.43411],[-117.29542,32.43421],[-117.29567,32.43441],[-117.29593,32.43469],[-117.29604,32.43476],[-117.29619,32.43479],[-117.29639,32.43484],[-117.2965,32.43489],[-117.29652,32.43495],[-117.29654,32.43514],[-117.29657,32.43525],[-117.29665,32.43541],[-117.29667,32.4355],[-117.29672,32.43556],[-117.29681,32.43555],[-117.29685,32.43551],[-117.29685,32.4354],[-117.29685,32.43533],[-117.29687,32.43528],[-117.29698,32.43529],[-117.29706,32.43534],[-117.29707,32.43544],[-117.29706,32.43555],[-117.29709,32.43561],[-117.29721,32.43569],[-117.29716,32.43572],[-117.29717,32.43576],[-117.29719,32.4358],[-117.29723,32.43581],[-117.29724,32.43586],[-117.29722,32.4359],[-117.29725,32.43594],[-117.29727,32.43597],[-117.29731,32.43598],[-117.29735,32.43598],[-117.2974,32.43595],[-117.29743,32.43595],[-117.29744,32.43598],[-117.29742,32.43602],[-117.29741,32.43609],[-117.29742,32.43612],[-117.29743,32.43613],[-117.2975,32.43613],[-117.29754,32.43613],[-117.29759,32.43612],[-117.29762,32.43614],[-117.29763,32.43618],[-117.29763,32.43624],[-117.29758,32.43629],[-117.29757,32.43633],[-117.29758,32.43636],[-117.2976,32.43637],[-117.29769,32.43642],[-117.29772,32.4365],[-117.29771,32.43655],[-117.29768,32.43659],[-117.29766,32.43663],[-117.29766,32.43666],[-117.29768,32.43673],[-117.29768,32.43678],[-117.29767,32.43693],[-117.2977,32.43702],[-117.29772,32.43705],[-117.2978,32.43707],[-117.29788,32.43709],[-117.29791,32.43713],[-117.29791,32.43715],[-117.29788,32.43717],[-117.29786,32.4372],[-117.29787,32.43726],[-117.29787,32.43735],[-117.29787,32.43741],[-117.29783,32.4375],[-117.29785,32.43754],[-117.29793,32.43758],[-117.29799,32.43764],[-117.29801,32.43771],[-117.298,32.43776],[-117.29792,32.43784],[-117.2979,32.4379],[-117.29788,32.43795],[-117.29792,32.43799],[-117.29797,32.43802],[-117.29798,32.43805],[-117.29797,32.43812],[-117.29797,32.43815],[-117.29801,32.43814],[-117.29804,32.43814],[-117.29807,32.43813],[-117.29812,32.43814],[-117.29813,32.43816],[-117.29815,32.43828],[-117.29816,32.43834],[-117.29813,32.4384],[-117.29805,32.43845],[-117.29799,32.43854],[-117.29799,32.43863],[-117.29805,32.43876],[-117.29812,32.4388],[-117.29818,32.4388],[-117.29823,32.4388],[-117.29833,32.43874],[-117.29838,32.43869],[-117.29843,32.43867],[-117.29846,32.43872],[-117.29848,32.43876],[-117.29843,32.43883],[-117.29838,32.4389],[-117.29837,32.43899],[-117.29845,32.43912],[-117.29865,32.43934],[-117.29873,32.43947],[-117.29875,32.43958],[-117.29881,32.43969],[-117.29884,32.43979],[-117.2989,32.4398],[-117.29893,32.43979],[-117.29892,32.4397],[-117.29893,32.4396],[-117.29896,32.43956],[-117.299,32.43954],[-117.29909,32.43955],[-117.29924,32.4396],[-117.29931,32.43965],[-117.29933,32.43982],[-117.29944,32.43986],[-117.2995,32.43986],[-117.29954,32.43985],[-117.29955,32.43981],[-117.29954,32.43976],[-117.29951,32.43971],[-117.29953,32.43967],[-117.29961,32.43967],[-117.29971,32.4397],[-117.29976,32.43972],[-117.29979,32.43988],[-117.29981,32.43996],[-117.29985,32.44],[-117.29987,32.44011],[-117.29993,32.44019],[-117.29998,32.44021],[-117.30001,32.44026],[-117.30004,32.44034],[-117.30005,32.44038],[-117.29997,32.44056],[-117.29995,32.4406],[-117.29995,32.44064],[-117.30019,32.44089],[-117.30021,32.44092],[-117.30023,32.44095],[-117.30021,32.44101],[-117.30014,32.44109],[-117.30008,32.44112],[-117.30003,32.44113],[-117.29995,32.44108],[-117.29989,32.44107],[-117.29987,32.44108],[-117.29986,32.44112],[-117.29985,32.4413],[-117.2998,32.44147],[-117.2998,32.44156],[-117.29978,32.44171],[-117.29977,32.44181],[-117.29983,32.44196],[-117.29997,32.44211],[-117.3,32.44222],[-117.30001,32.44236],[-117.3001,32.44254],[-117.3002,32.44269],[-117.30025,32.44285],[-117.30021,32.44302],[-117.30015,32.44318],[-117.30016,32.44325],[-117.3002,32.4433],[-117.30022,32.44339],[-117.30022,32.44353],[-117.30017,32.4438],[-117.30017,32.44395],[-117.30017,32.44402],[-117.30023,32.44403],[-117.30024,32.44408],[-117.30023,32.44415],[-117.30028,32.4442],[-117.30028,32.44427],[-117.30029,32.4444],[-117.30038,32.44445],[-117.30044,32.44455],[-117.30045,32.44463],[-117.30043,32.44471],[-117.30036,32.44473],[-117.30034,32.44476],[-117.30035,32.44483],[-117.30036,32.44493],[-117.30032,32.44498],[-117.30025,32.4451],[-117.30019,32.44516],[-117.30014,32.44516],[-117.30009,32.44522],[-117.30002,32.44531],[-117.2999,32.4454],[-117.29983,32.44541],[-117.29975,32.44543],[-117.29972,32.44551],[-117.29965,32.44563],[-117.29954,32.44564],[-117.2995,32.44567],[-117.29948,32.4457],[-117.29946,32.44596],[-117.29946,32.44604],[-117.29941,32.44605],[-117.29933,32.44604],[-117.29928,32.44597],[-117.29924,32.44586],[-117.29919,32.44574],[-117.29912,32.44565],[-117.29909,32.44561],[-117.29905,32.44559],[-117.29894,32.44553]]],[[[-117.10047,32.53656],[-114.71972,32.71865],[-114.76464,32.64317],[-114.80792,32.62035],[-114.81225,32.56223],[-114.79181,32.55785],[-114.81593,32.48298],[-114.935,32.48187],[-114.93194,32.4397],[-114.96845,32.39065],[-114.96659,32.33879],[-115.05302,32.24517],[-114.97532,32.178],[-114.98974,32.14638],[-114.957,32.03864],[-114.96548,31.91842],[-114.90969,31.86726],[-114.84319,31.86355],[-114.80688,31.81668],[-114.82169,31.73289],[-114.78363,31.63123],[-114.81414,31.6065],[-114.83589,31.61735],[-114.86867,31.52798],[-114.85391,31.42724],[-114.87032,31.42196],[-114.87377,31.40038],[-114.85278,31.38269],[-114.87854,31.34048],[-114.89469,31.26484],[-114.88143,31.26275],[-114.89094,31.15282],[-114.87031,31.09399],[-114.81417,31.05217],[-114.83264,31.02234],[-114.82955,30.99414],[-114.72021,30.937],[-114.70996,30.90624],[-114.69317,30.74433],[-114.70536,30.71229],[-114.69851,30.63214],[-114.63032,30.48942],[-114.63485,30.34949],[-114.65616,30.28423],[-114.63974,30.25847],[-114.66772,30.19142],[-114.63324,30.12641],[-114.60183,30.10492],[-114.53617,29.97026],[-114.48747,29.94877],[-114.47089,29.91353],[-114.41298,29.89069],[-114.41327,29.84812],[-114.39406,29.82798],[-114.40966,29.81597],[-114.39286,29.81012],[-114.38772,29.77865],[-114.32986,29.74269],[-114.29532,29.74256],[-114.28026,29.77251],[-114.20752,29.74382],[-114.18137,29.70808],[-114.06397,29.6295],[-114.04663,29.59685],[-113.98032,29.56686],[-113.89689,29.48487],[-113.83626,29.45622],[-113.8256,29.42929],[-113.7722,29.4097],[-113.63761,29.28371],[-113.62528,29.25329],[-113.6563,29.20932],[-113.5714,29.11659],[-113.53871,29.05803],[-113.53447,29.03235],[-113.5491,29.03996],[-113.56305,29.00734],[-113.54179,28.95578],[-113.55737,28.94675],[-113.52608,28.89307],[-113.4795,28.89434],[-113.47996,28.9478],[-113.44684,28.9512],[-113.44724,28.93967],[-113.4383,28.95979],[-113.41437,28.9237],[-113.38553,28.93958],[-113.39391,28.91505],[-113.36781,28.90387],[-113.38051,28.8938],[-113.35715,28.87389],[-113.37072,28.83716],[-113.35387,28.80551],[-113.312,28.80344],[-113.25155,28.84072],[-113.19644,28.79255],[-113.18932,28.73017],[-113.15883,28.66007],[-113.12879,28.63231],[-113.10381,28.50537],[-113.01535,28.45745],[-112.90305,28.47507],[-112.86672,28.42529],[-112.84652,28.44078],[-112.87319,28.28255],[-112.78662,28.19674],[-112.81181,28.13759],[-112.78884,28.06783],[-112.80463,28.02755],[-112.76478,28.0],[-114.20544,28.0],[-114.13626,28.0851],[-114.11603,28.07167],[-114.11509,28.04831],[-114.13542,28.02952],[-114.12746,28.01283],[-114.11851,28.03727],[-114.11071,28.02361],[-114.09337,28.03602],[-114.1014,28.01753],[-114.0612,28.04625],[-114.0992,28.05915],[-114.10989,28.11944],[-114.05929,28.20873],[-114.07614,28.115],[-114.06088,28.0822],[-114.04041,28.09073],[-114.05403,28.12332],[-114.03897,28.17074],[-114.05634,28.17276],[-114.0501,28.19048],[-114.0354,28.18539],[-114.06477,28.26044],[-114.07917,28.27107],[-114.07396,28.24841],[-114.08258,28.25712],[-114.10311,28.2388],[-114.12496,28.25684],[-114.04735,28.44263],[-114.06937,28.51443],[-114.11102,28.55606],[-114.16126,28.56912],[-114.1563,28.61948],[-114.17629,28.65249],[-114.22494,28.66666],[-114.24541,28.65291],[-114.26923,28.66003],[-114.28283,28.70394],[-114.34719,28.73089],[-114.34862,28.77231],[-114.37312,28.81137],[-114.39687,28.8162],[-114.41745,28.87952],[-114.43781,28.87583],[-114.44973,28.90655],[-114.48879,28.93204],[-114.52588,28.93188],[-114.53101,28.91775],[-114.56252,28.97036],[-114.59211,28.96976],[-114.62728,29.09023],[-114.67584,29.1132],[-114.71607,29.11006],[-114.74441,29.1824],[-114.81264,29.21355],[-114.96734,29.37514],[-115.0732,29.41645],[-115.18949,29.42808],[-115.25327,29.51623],[-115.37856,29.55812],[-115.45795,29.62512],[-115.50609,29.61707],[-115.58615,29.69299],[-115.61927,29.695],[-115.69933,29.75483],[-115.68477,29.83378],[-115.70189,29.89999],[-115.74288,29.9479],[-115.78835,29.95942],[-115.81349,29.94993],[-115.78131,30.09085],[-115.80229,30.13399],[-115.79527,30.23869],[-115.81174,30.30035],[-115.84888,30.35648],[-115.90645,30.39592],[-115.9436,30.40374],[-115.98733,30.38816],[-115.97161,30.41059],[-115.93718,30.41102],[-115.93367,30.45809],[-115.99281,30.49893],[-115.98916,30.51143],[-115.99958,30.49748],[-115.95732,30.43814],[-115.97824,30.42725],[-115.99531,30.45131],[-116.02728,30.45419],[-115.99472,30.40664],[-115.98452,30.35691],[-116.00753,30.36547],[-116.01196,30.41693],[-116.04806,30.47038],[-116.02812,30.66542],[-116.05678,30.7935],[-116.07474,30.81684],[-116.20064,30.88237],[-116.26965,30.96683],[-116.33056,30.95929],[-116.3387,30.98535],[-116.3095,31.15238],[-116.36351,31.24704],[-116.4555,31.32874],[-116.52174,31.43449],[-116.57098,31.46487],[-116.60246,31.46328],[-116.60867,31.49723],[-116.64846,31.51606],[-116.66917,31.55263],[-116.69111,31.55326],[-116.69208,31.57137],[-116.65157,31.58241],[-116.66762,31.61785],[-116.64993,31.66454],[-116.744,31.7439],[-116.66192,31.71913],[-116.61898,31.7755],[-116.65281,31.72027],[-116.64128,31.70941],[-116.60997,31.77092],[-116.61212,31.83959],[-116.62641,31.86016],[-116.62593,31.84033],[-116.63999,31.86016],[-116.66892,31.86143],[-116.69937,31.89478],[-116.74639,31.90213],[-116.76971,31.97165],[-116.85117,31.98543],[-116.88095,32.01868],[-116.88757,32.12915],[-116.92227,32.2259],[-116.95709,32.25189],[-117.02445,32.26871],[-117.09099,32.39779],[-117.12451,32.48538],[-117.1245,32.53426],[-117.10047,32.53656]]]]}},{"type":"Feature","properties":{"cve_ent":"03","estado":"Baja California Sur"},"geometry":{"type":"MultiPolygon","coordinates":[[[[-109.89451,22.87476],[-109.89463,22.87475],[-109.89469,22.87482],[-109.89468,22.87497],[-109.89472,22.87512],[-109.89468,22.87531],[-109.8946,22.8754],[-109.89449,22.8755],[-109.89431,22.87549],[-109.89419,22.87546],[-109.89423,22.87537],[-109.89429,22.8753],[-109.89429,22.87526],[-109.89426,22.87525],[-109.89422,22.87524],[-109.89421,22.87518],[-109.8942,22.87516],[-109.8942,22.87504],[-109.89425,22.87494],[-109.8944,22.87485],[-109.89451,22.87476]]],[[[-109.8929,22.87646],[-109.89283,22.87644],[-109.89281,22.87645],[-109.89279,22.87643],[-109.89278,22.8764],[-109.89277,22.87638],[-109.89275,22.87635],[-109.89275,22.87635],[-109.89275,22.87632],[-109.89276,22.87628],[-109.89277,22.87626],[-109.8928,22.87624],[-109.89283,22.87623],[-109.89284,22.87622],[-109.89285,22.87619],[-109.89285,22.87618],[-109.89287,22.87616],[-109.89288,22.87613],[-109.89288,22.87612],[-109.89291,22.87612],[-109.89293,22.87609],[-109.89293,22.87607],[-109.89294,22.87603],[-109.89293,22.876],[-109.89293,22.876],[-109.89294,22.87598],[-109.89296,22.87596],[-109.89295,22.87591],[-109.89295,22.8759],[-109.89298,22.87586],[-109.893,22.87583],[-109.89304,22.87578],[-109.89305,22.87576],[-109.89308,22.87574],[-109.89312,22.87574],[-109.89314,22.87575],[-109.8932,22.87574],[-109.89324,22.87574],[-109.89327,22.87573],[-109.89331,22.87573],[-109.89331,22.87574],[-109.89332,22.87576],[-109.89332,22.8758],[-109.89334,22.87582],[-109.89337,22.87584],[-109.8934,22.87584],[-109.89344,22.87589],[-109.89343,22.87593],[-109.89343,22.87597],[-109.89342,22.876],[-109.8934,22.87599],[-109.8934,22.87598],[-109.89338,22.876],[-109.89336,22.87603],[-109.89336,22.87605],[-109.89338,22.87605],[-109.89341,22.87607],[-109.89342,22.87609],[-109.89342,22.87611],[-109.89341,22.87613],[-109.89338,22.87614],[-109.89333,22.87615],[-109.89332,22.87617],[-109.89333,22.87619],[-109.89335,22.87618],[-109.89337,22.87617],[-109.89338,22.87617],[-109.89338,22.87617],[-109.8934,22.87619],[-109.8934,22.87621],[-109.89337,22.87623],[-109.89335,22.87625],[-109.89333,22.87626],[-109.89333,22.87627],[-109.89334,22.8763],[-109.89334,22.87632],[-109.89335,22.87634],[-109.89332,22.87635],[-109.89332,22.87636],[-109.89331,22.87638],[-109.8933,22.87639],[-109.89328,22.87639],[-109.89328,22.87639],[-109.89326,22.87637],[-109.89326,22.87636],[-109.89325,22.87637],[-109.89323,22.87639],[-109.89321,22.87641],[-109.89319,22.87642],[-109.89316,22.8764],[-109.89315,22.8764],[-109.89313,22.87641],[-109.8931,22.87643],[-109.89305,22.87645],[-109.89302,22.87644],[-109.893,22.87645],[-109.89298,22.87645],[-109.89294,22.87646],[-109.8929,22.87646]]],[[[-110.1489,24.25257],[-110.14888,24.25252],[-110.1488,24.25255],[-110.14875,24.25261],[-110.14865,24.2526],[-110.14867,24.25256],[-110.14867,24.25254],[-110.14858,24.25255],[-110.1485,24.25255],[-110.14849,24.25251],[-110.14842,24.2525],[-110.14842,24.25254],[-110.14837,24.25255],[-110.14833,24.25251],[-110.1483,24.25246],[-110.1483,24.25227],[-110.14839,24.25225],[-110.1484,24.25222],[-110.14844,24.25217],[-110.14846,24.25211],[-110.14846,24.25207],[-110.14848,24.25199],[-110.14855,24.25191],[-110.14861,24.25188],[-110.14866,24.25187],[-110.14866,24.25186],[-110.14872,24.25183],[-110.1488,24.25179],[-110.14889,24.25179],[-110.149,24.25179],[-110.14906,24.25182],[-110.14913,24.25182],[-110.14929,24.25187],[-110.14935,24.25189],[-110.14938,24.2519],[-110.14941,24.25192],[-110.14942,24.25192],[-110.14944,24.25193],[-110.14952,24.25193],[-110.14961,24.25195],[-110.1496,24.25202],[-110.14957,24.25202],[-110.14953,24.25203],[-110.14947,24.25209],[-110.1494,24.25225],[-110.14935,24.25226],[-110.14925,24.25227],[-110.14917,24.25231],[-110.14914,24.25237],[-110.14913,24.25242],[-110.14915,24.25252],[-110.14913,24.25255],[-110.14906,24.25255],[-110.14901,24.25256],[-110.14897,24.25261],[-110.14891,24.25264],[-110.1489,24.25257]]],[[[-110.33877,24.28914],[-110.33855,24.28909],[-110.33827,24.28911],[-110.33794,24.28895],[-110.33775,24.28885],[-110.33755,24.28868],[-110.33754,24.28867],[-110.33739,24.28856],[-110.33728,24.2885],[-110.33727,24.28837],[-110.33733,24.28834],[-110.33742,24.28833],[-110.33742,24.28832],[-110.33771,24.28817],[-110.33821,24.28761],[-110.33865,24.28716],[-110.33882,24.28712],[-110.33921,24.28692],[-110.33949,24.28674],[-110.33961,24.28656],[-110.33987,24.28638],[-110.33999,24.28639],[-110.34022,24.28624],[-110.34076,24.28617],[-110.34104,24.28598],[-110.34132,24.28588],[-110.34151,24.2859],[-110.34151,24.28602],[-110.34147,24.28616],[-110.34146,24.28626],[-110.34146,24.28644],[-110.34119,24.28662],[-110.3409,24.28696],[-110.34072,24.28711],[-110.34065,24.28722],[-110.34056,24.28732],[-110.34042,24.28744],[-110.34034,24.28755],[-110.3402,24.28787],[-110.34019,24.28788],[-110.34,24.28795],[-110.34007,24.28801],[-110.34007,24.2881],[-110.34009,24.28818],[-110.34005,24.28825],[-110.34004,24.28839],[-110.33996,24.28842],[-110.33996,24.28842],[-110.33982,24.28851],[-110.33973,24.28855],[-110.33967,24.28857],[-110.33962,24.28862],[-110.33961,24.28872],[-110.33959,24.28894],[-110.33961,24.28908],[-110.33952,24.28912],[-110.33944,24.28913],[-110.33932,24.2892],[-110.33911,24.2892],[-110.33891,24.28918],[-110.33877,24.28914]]],[[[-109.80042,24.15191],[-109.8025,24.13671],[-109.87363,24.15298],[-109.92196,24.26036],[-109.91829,24.29093],[-109.93947,24.32498],[-109.93425,24.37593],[-109.81974,24.20481],[-109.80042,24.15191]]],[[[-111.6147,24.37731],[-111.53194,24.36642],[-111.43794,24.32549],[-111.57859,24.3676],[-111.6701,24.35941],[-111.65494,24.37541],[-111.64469,24.36569],[-111.6147,24.37731]]],[[[-110.3836,24.45691],[-110.38379,24.45683],[-110.38398,24.45686],[-110.38411,24.45685],[-110.3843,24.4568],[-110.38449,24.45678],[-110.38468,24.45681],[-110.38479,24.45686],[-110.38483,24.45695],[-110.38485,24.45701],[-110.38488,24.45712],[-110.38486,24.45717],[-110.38477,24.45721],[-110.38451,24.45734],[-110.38423,24.45745],[-110.38386,24.45755],[-110.38371,24.45759],[-110.38359,24.45761],[-110.38338,24.45764],[-110.38312,24.45765],[-110.38298,24.45763],[-110.38295,24.45761],[-110.38297,24.45754],[-110.38305,24.45741],[-110.38324,24.45722],[-110.3836,24.45691]]],[[[-110.38317,24.46679],[-110.38285,24.46675],[-110.38251,24.46673],[-110.3824,24.46669],[-110.38228,24.46663],[-110.38215,24.46663],[-110.38209,24.46657],[-110.38206,24.46648],[-110.38209,24.46638],[-110.38214,24.46634],[-110.38227,24.46623],[-110.38239,24.4662],[-110.3825,24.46623],[-110.38283,24.46613],[-110.38306,24.46607],[-110.38355,24.46601],[-110.38396,24.46588],[-110.38412,24.46582],[-110.38443,24.4658],[-110.38473,24.46581],[-110.38493,24.46576],[-110.38537,24.46579],[-110.38569,24.46577],[-110.38591,24.46579],[-110.38609,24.46579],[-110.3862,24.46577],[-110.38647,24.4657],[-110.38705,24.46566],[-110.38741,24.46557],[-110.38758,24.46549],[-110.38776,24.46544],[-110.38793,24.4654],[-110.3881,24.46541],[-110.38825,24.46544],[-110.38838,24.46546],[-110.38849,24.46546],[-110.38851,24.46547],[-110.3885,24.46555],[-110.3884,24.46558],[-110.38829,24.46563],[-110.38818,24.46577],[-110.38806,24.46587],[-110.38797,24.46601],[-110.38786,24.46607],[-110.38702,24.46633],[-110.38664,24.46646],[-110.38632,24.46647],[-110.38581,24.46647],[-110.38531,24.46646],[-110.38502,24.46648],[-110.38485,24.46661],[-110.38467,24.46671],[-110.38425,24.46672],[-110.38374,24.46672],[-110.38365,24.46671],[-110.38359,24.46671],[-110.38353,24.46673],[-110.38345,24.46677],[-110.38335,24.46679],[-110.38317,24.46679]]],[[[-110.3991,24.48631],[-110.39889,24.48631],[-110.39865,24.48636],[-110.39846,24.4864],[-110.39835,24.48641],[-110.3983,24.48639],[-110.39817,24.48626],[-110.39813,24.48603],[-110.39815,24.48587],[-110.39841,24.48564],[-110.39892,24.48528],[-110.39914,24.48504],[-110.39938,24.48478],[-110.39953,24.48442],[-110.39984,24.48381],[-110.4001,24.48345],[-110.40036,24.48316],[-110.40044,24.48298],[-110.40048,24.48282],[-110.40083,24.48251],[-110.40131,24.48203],[-110.40179,24.48167],[-110.40228,24.48144],[-110.40297,24.48121],[-110.40372,24.48097],[-110.40443,24.48078],[-110.40488,24.48068],[-110.40505,24.48057],[-110.40542,24.48053],[-110.40589,24.48034],[-110.40635,24.48018],[-110.40675,24.48003],[-110.40726,24.47977],[-110.40748,24.47968],[-110.40791,24.47963],[-110.40813,24.47967],[-110.40837,24.47977],[-110.40847,24.47989],[-110.40848,24.47997],[-110.40839,24.48008],[-110.4083,24.48017],[-110.40826,24.48029],[-110.40827,24.48046],[-110.40832,24.48055],[-110.40835,24.48067],[-110.40831,24.48081],[-110.40845,24.48106],[-110.40887,24.48139],[-110.40925,24.48154],[-110.40935,24.48163],[-110.4094,24.48178],[-110.40933,24.48193],[-110.40921,24.48208],[-110.40898,24.48221],[-110.40845,24.48244],[-110.40818,24.48256],[-110.40769,24.48268],[-110.40699,24.48283],[-110.40652,24.48299],[-110.4061,24.48308],[-110.40571,24.48315],[-110.40546,24.4832],[-110.40509,24.48339],[-110.4047,24.48373],[-110.40456,24.48402],[-110.4045,24.48437],[-110.40458,24.48457],[-110.40478,24.48473],[-110.40481,24.48486],[-110.40479,24.48494],[-110.40464,24.48498],[-110.40443,24.48498],[-110.40419,24.48503],[-110.40407,24.48517],[-110.40396,24.48532],[-110.40381,24.48536],[-110.40349,24.48552],[-110.40341,24.48562],[-110.40334,24.48571],[-110.40303,24.48592],[-110.40263,24.48612],[-110.40241,24.48617],[-110.40229,24.48615],[-110.40215,24.4861],[-110.40202,24.48608],[-110.40182,24.48606],[-110.40149,24.48607],[-110.40144,24.48614],[-110.40139,24.4862],[-110.40133,24.4862],[-110.40126,24.48616],[-110.40113,24.48612],[-110.40099,24.48612],[-110.40077,24.48611],[-110.40069,24.48607],[-110.40061,24.48603],[-110.40057,24.48604],[-110.40058,24.48613],[-110.40055,24.48622],[-110.4005,24.4863],[-110.40041,24.48631],[-110.40034,24.48627],[-110.40027,24.48624],[-110.40014,24.48622],[-110.39998,24.48626],[-110.39978,24.48632],[-110.39946,24.48638],[-110.39927,24.48637],[-110.3991,24.48631]]],[[[-110.3541,24.53146],[-110.3055,24.50355],[-110.28911,24.47285],[-110.32764,24.40244],[-110.35158,24.4054],[-110.34963,24.43336],[-110.37048,24.42894],[-110.3786,24.44897],[-110.35451,24.45651],[-110.37119,24.45742],[-110.3564,24.46902],[-110.37652,24.46751],[-110.36348,24.48151],[-110.38649,24.47469],[-110.39325,24.49733],[-110.3804,24.50714],[-110.39944,24.51854],[-110.3541,24.53146]]],[[[-110.39122,24.59024],[-110.36131,24.55402],[-110.36794,24.53074],[-110.39906,24.53635],[-110.38312,24.55701],[-110.40987,24.54759],[-110.39236,24.5633],[-110.41449,24.56833],[-110.39122,24.59024]]],[[[-110.40306,24.599],[-110.40263,24.59899],[-110.40244,24.59908],[-110.40218,24.59909],[-110.40202,24.59906],[-110.40168,24.59908],[-110.40153,24.59912],[-110.40123,24.59911],[-110.40122,24.59909],[-110.40094,24.59905],[-110.40074,24.59901],[-110.40054,24.599],[-110.40036,24.59899],[-110.4,24.59893],[-110.40013,24.59874],[-110.3998,24.59885],[-110.39953,24.59881],[-110.3997,24.59863],[-110.40003,24.59857],[-110.40043,24.59852],[-110.40068,24.59854],[-110.40091,24.59878],[-110.40116,24.59893],[-110.4014,24.59891],[-110.40161,24.59885],[-110.40181,24.59876],[-110.4021,24.59868],[-110.40244,24.59861],[-110.40251,24.59857],[-110.40276,24.59839],[-110.40273,24.59836],[-110.40298,24.59829],[-110.40324,24.59819],[-110.40334,24.59812],[-110.40353,24.59805],[-110.40376,24.59796],[-110.40394,24.59792],[-110.40418,24.59781],[-110.4044,24.5978],[-110.40449,24.59808],[-110.40449,24.59843],[-110.40423,24.59871],[-110.40376,24.599],[-110.40332,24.59905],[-110.40306,24.599]]],[[[-111.99152,24.52554],[-111.84194,24.51346],[-111.81908,24.4672],[-111.74998,24.442],[-111.703,24.35642],[-111.68444,24.37972],[-111.71033,24.30482],[-111.7458,24.34826],[-111.86715,24.43408],[-112.00485,24.51123],[-111.99152,24.52554]]],[[[-110.56626,24.84008],[-110.56523,24.81422],[-110.58693,24.8282],[-110.56626,24.84008]]],[[[-110.60523,24.84314],[-110.60525,24.84313],[-110.60528,24.84314],[-110.60535,24.84319],[-110.60542,24.84332],[-110.6054,24.84336],[-110.6054,24.84337],[-110.60538,24.8434],[-110.60535,24.84342],[-110.60532,24.84345],[-110.6053,24.84346],[-110.60526,24.84347],[-110.60524,24.84349],[-110.60522,24.8435],[-110.6052,24.84348],[-110.60519,24.84346],[-110.60519,24.84343],[-110.60519,24.84341],[-110.60519,24.84336],[-110.60519,24.84332],[-110.60519,24.8433],[-110.60521,24.8433],[-110.60524,24.84329],[-110.60524,24.84329],[-110.60524,24.84328],[-110.60526,24.84328],[-110.60526,24.84326],[-110.60524,24.84324],[-110.60522,24.84322],[-110.60521,24.8432],[-110.60521,24.84318],[-110.60522,24.84314],[-110.60523,24.84314]]],[[[-110.58028,24.85351],[-110.58027,24.85347],[-110.58027,24.85338],[-110.58023,24.85338],[-110.58018,24.85337],[-110.58018,24.85334],[-110.5802,24.85329],[-110.58022,24.85323],[-110.58022,24.85323],[-110.5802,24.85321],[-110.58017,24.85319],[-110.58011,24.85319],[-110.58007,24.85319],[-110.58004,24.85315],[-110.58003,24.8531],[-110.58004,24.85303],[-110.58,24.85299],[-110.58009,24.85282],[-110.58013,24.8528],[-110.5802,24.85269],[-110.58023,24.85264],[-110.58026,24.85256],[-110.58059,24.85222],[-110.5806,24.8522],[-110.58063,24.85219],[-110.58064,24.85219],[-110.58067,24.8522],[-110.5807,24.85226],[-110.58071,24.85229],[-110.58072,24.85235],[-110.58073,24.85245],[-110.58089,24.85268],[-110.58092,24.8527],[-110.58094,24.85276],[-110.58095,24.85279],[-110.58119,24.85306],[-110.58121,24.85312],[-110.58109,24.85326],[-110.5809,24.85338],[-110.58089,24.85338],[-110.58084,24.85342],[-110.58084,24.85343],[-110.58081,24.85344],[-110.58074,24.85347],[-110.5807,24.85349],[-110.58064,24.85349],[-110.58056,24.8535],[-110.58051,24.8535],[-110.58047,24.8535],[-110.58045,24.85349],[-110.58044,24.85349],[-110.58044,24.85349],[-110.58042,24.85349],[-110.58038,24.85351],[-110.58034,24.85354],[-110.5803,24.85354],[-110.58028,24.85351]]],[[[-110.60319,24.87414],[-110.60335,24.87367],[-110.60356,24.87374],[-110.60364,24.87389],[-110.60377,24.8741],[-110.60384,24.87439],[-110.60392,24.87497],[-110.60375,24.87552],[-110.60378,24.87587],[-110.60391,24.87612],[-110.60386,24.87639],[-110.60371,24.87685],[-110.60362,24.87718],[-110.60349,24.87701],[-110.6035,24.8766],[-110.60341,24.87617],[-110.60339,24.87586],[-110.60334,24.87545],[-110.60322,24.87511],[-110.60323,24.87458],[-110.60319,24.87414]]],[[[-110.50963,25.11231],[-110.50955,25.11224],[-110.50939,25.1123],[-110.50927,25.11232],[-110.50914,25.1123],[-110.50913,25.11208],[-110.50916,25.11184],[-110.50926,25.11162],[-110.50928,25.1115],[-110.50938,25.11137],[-110.50953,25.1113],[-110.50965,25.11131],[-110.51024,25.11134],[-110.51027,25.11134],[-110.5106,25.11149],[-110.51077,25.11148],[-110.51086,25.11147],[-110.51096,25.11142],[-110.51116,25.11143],[-110.51132,25.11145],[-110.51143,25.11151],[-110.51141,25.11164],[-110.5113,25.11172],[-110.51107,25.11171],[-110.51096,25.1117],[-110.51079,25.11178],[-110.51075,25.11184],[-110.51065,25.11195],[-110.51063,25.11207],[-110.51069,25.11219],[-110.51082,25.11229],[-110.5109,25.11238],[-110.51106,25.1127],[-110.51106,25.11289],[-110.51102,25.11305],[-110.51091,25.11313],[-110.51087,25.11325],[-110.51087,25.11346],[-110.51102,25.11375],[-110.51125,25.11392],[-110.51142,25.11409],[-110.51149,25.11423],[-110.51149,25.11432],[-110.51138,25.11449],[-110.51126,25.11454],[-110.51119,25.11471],[-110.51109,25.11488],[-110.51096,25.11499],[-110.51085,25.11502],[-110.5107,25.115],[-110.51055,25.11492],[-110.51024,25.11483],[-110.50996,25.11483],[-110.50977,25.11483],[-110.50958,25.11483],[-110.50943,25.11474],[-110.5094,25.11465],[-110.50941,25.11457],[-110.50949,25.11445],[-110.5094,25.1141],[-110.50932,25.11387],[-110.50929,25.1137],[-110.5093,25.11349],[-110.50936,25.11321],[-110.50947,25.11305],[-110.50962,25.1127],[-110.50966,25.11247],[-110.50963,25.11231]]],[[[-110.70682,25.10502],[-110.66914,25.05249],[-110.60323,25.0396],[-110.57523,25.0161],[-110.57034,24.95414],[-110.53069,24.87733],[-110.58982,24.86499],[-110.5745,24.88834],[-110.64164,24.91434],[-110.63521,24.92883],[-110.67823,25.01715],[-110.71367,25.0316],[-110.70682,25.10502]]],[[[-110.86099,25.12953],[-110.86104,25.12943],[-110.86091,25.12942],[-110.8608,25.12933],[-110.86059,25.12919],[-110.86057,25.129],[-110.86043,25.12884],[-110.86029,25.12873],[-110.86033,25.12861],[-110.86045,25.12852],[-110.86062,25.1285],[-110.86075,25.12846],[-110.8607,25.12834],[-110.8606,25.12826],[-110.86062,25.12816],[-110.86076,25.1281],[-110.86098,25.12808],[-110.86122,25.12803],[-110.86138,25.12807],[-110.86149,25.12816],[-110.86169,25.12844],[-110.8617,25.12845],[-110.8618,25.12865],[-110.86165,25.12869],[-110.86158,25.12886],[-110.86163,25.12894],[-110.86173,25.12902],[-110.86187,25.12921],[-110.86194,25.1294],[-110.86191,25.12951],[-110.86178,25.1295],[-110.8616,25.12948],[-110.86144,25.12951],[-110.86146,25.12958],[-110.8615,25.12971],[-110.86149,25.12989],[-110.86145,25.12998],[-110.86123,25.13009],[-110.86121,25.13007],[-110.86093,25.12987],[-110.86089,25.12964],[-110.86099,25.12953]]],[[[-110.69498,25.20358],[-110.6945,25.20308],[-110.69504,25.20323],[-110.69503,25.2031],[-110.69529,25.20237],[-110.69544,25.20174],[-110.69541,25.20134],[-110.69524,25.20111],[-110.69508,25.20055],[-110.69516,25.19987],[-110.69557,25.19995],[-110.69564,25.19963],[-110.69549,25.19934],[-110.69589,25.19955],[-110.69591,25.19936],[-110.6961,25.19899],[-110.69622,25.19869],[-110.69703,25.19822],[-110.69709,25.19791],[-110.69752,25.19788],[-110.69875,25.1972],[-110.69978,25.19617],[-110.69986,25.19581],[-110.70032,25.19564],[-110.70058,25.19548],[-110.70047,25.19536],[-110.70088,25.19538],[-110.70116,25.19502],[-110.70163,25.19466],[-110.70224,25.19449],[-110.70324,25.19415],[-110.70386,25.19395],[-110.7045,25.19398],[-110.70468,25.19408],[-110.7043,25.19431],[-110.70375,25.19548],[-110.70313,25.19665],[-110.70247,25.19749],[-110.70189,25.19871],[-110.70049,25.20103],[-110.69939,25.20296],[-110.69911,25.20337],[-110.69857,25.20407],[-110.69767,25.20501],[-110.69747,25.20556],[-110.69688,25.20574],[-110.69635,25.2057],[-110.69641,25.2054],[-110.69624,25.20511],[-110.69583,25.20505],[-110.69562,25.20456],[-110.69554,25.20402],[-110.69548,25.20386],[-110.69498,25.20358]]],[[[-110.91546,25.21026],[-110.91536,25.21002],[-110.91579,25.20988],[-110.91617,25.20954],[-110.91622,25.20928],[-110.91657,25.20916],[-110.91668,25.20933],[-110.917,25.20961],[-110.91713,25.20994],[-110.91701,25.2101],[-110.91687,25.21014],[-110.91667,25.21017],[-110.91652,25.21023],[-110.91636,25.21013],[-110.91626,25.20995],[-110.9162,25.20987],[-110.91601,25.20988],[-110.91602,25.20999],[-110.916,25.2102],[-110.91592,25.2101],[-110.91582,25.21007],[-110.9157,25.21021],[-110.91561,25.21033],[-110.91546,25.21026]]],[[[-110.92151,25.24723],[-110.9214,25.24723],[-110.92134,25.24724],[-110.92126,25.24724],[-110.92115,25.24717],[-110.92103,25.24713],[-110.92093,25.24702],[-110.92081,25.247],[-110.92075,25.24693],[-110.92074,25.24679],[-110.92083,25.24663],[-110.92087,25.24662],[-110.92096,25.24664],[-110.92103,25.24663],[-110.92115,25.24669],[-110.92118,25.24672],[-110.92126,25.24677],[-110.92132,25.2468],[-110.92136,25.2468],[-110.9214,25.24675],[-110.9214,25.24672],[-110.92136,25.24666],[-110.92138,25.24664],[-110.92147,25.24665],[-110.92162,25.24662],[-110.92175,25.24664],[-110.92183,25.2466],[-110.92191,25.24663],[-110.92199,25.24663],[-110.92204,25.24659],[-110.92209,25.24654],[-110.92219,25.24653],[-110.92237,25.24661],[-110.92253,25.24664],[-110.92286,25.24671],[-110.9229,25.24675],[-110.9229,25.24683],[-110.92287,25.24693],[-110.92281,25.24706],[-110.92283,25.24723],[-110.9227,25.24727],[-110.9227,25.24732],[-110.92266,25.2474],[-110.92264,25.24748],[-110.9226,25.24755],[-110.92254,25.24762],[-110.92244,25.24765],[-110.92233,25.24766],[-110.92216,25.24768],[-110.92208,25.24763],[-110.92205,25.24756],[-110.922,25.24748],[-110.92196,25.24737],[-110.92186,25.24733],[-110.92174,25.24726],[-110.92164,25.24723],[-110.92151,25.24723]]],[[[-110.69174,25.30559],[-110.71084,25.26741],[-110.73018,25.26181],[-110.73155,25.29196],[-110.69174,25.30559]]],[[[-115.76588,24.95879],[-115.76586,24.95879],[-115.76585,24.9588],[-115.76584,24.9588],[-115.76581,24.95881],[-115.7658,24.9588],[-115.76579,24.9588],[-115.76578,24.95879],[-115.76577,24.95879],[-115.76575,24.95879],[-115.76574,24.95877],[-115.76573,24.95875],[-115.76571,24.95873],[-115.7657,24.95872],[-115.76569,24.9587],[-115.76569,24.95867],[-115.76568,24.95865],[-115.76567,24.95862],[-115.76566,24.9586],[-115.76564,24.95858],[-115.76562,24.95856],[-115.76561,24.95853],[-115.76561,24.95852],[-115.76565,24.95851],[-115.76566,24.95852],[-115.76568,24.95854],[-115.76571,24.95856],[-115.76572,24.95858],[-115.76573,24.95861],[-115.76575,24.95864],[-115.76576,24.95863],[-115.76578,24.95862],[-115.76579,24.9586],[-115.76578,24.95858],[-115.76578,24.95857],[-115.76578,24.95855],[-115.76578,24.95854],[-115.76579,24.95854],[-115.76581,24.95853],[-115.76582,24.95852],[-115.76584,24.95851],[-115.76586,24.95851],[-115.76589,24.95852],[-115.7659,24.95851],[-115.76593,24.95851],[-115.76594,24.95848],[-115.76594,24.95846],[-115.76593,24.95844],[-115.76591,24.95841],[-115.76593,24.95839],[-115.76594,24.95839],[-115.76593,24.95838],[-115.76594,24.95837],[-115.76595,24.95837],[-115.76595,24.95837],[-115.76597,24.95837],[-115.76597,24.95836],[-115.76596,24.95835],[-115.76595,24.95834],[-115.76595,24.95832],[-115.76593,24.95831],[-115.76591,24.9583],[-115.7659,24.95828],[-115.76591,24.95827],[-115.76595,24.95828],[-115.76598,24.95829],[-115.76601,24.95832],[-115.76603,24.95834],[-115.76606,24.95837],[-115.76609,24.9584],[-115.7661,24.95844],[-115.7661,24.95847],[-115.7661,24.95848],[-115.76609,24.9585],[-115.76607,24.95849],[-115.76606,24.95848],[-115.76606,24.95848],[-115.76605,24.95849],[-115.76604,24.9585],[-115.76605,24.95852],[-115.76606,24.95854],[-115.76607,24.95856],[-115.76608,24.95858],[-115.76609,24.9586],[-115.76608,24.95863],[-115.76607,24.95864],[-115.76606,24.95866],[-115.76606,24.95868],[-115.76606,24.9587],[-115.76606,24.95871],[-115.76605,24.95873],[-115.76605,24.95874],[-115.76607,24.95875],[-115.76606,24.95877],[-115.76606,24.95879],[-115.76605,24.95879],[-115.76602,24.9588],[-115.76599,24.95882],[-115.76597,24.95883],[-115.76595,24.95883],[-115.76593,24.95881],[-115.76591,24.9588],[-115.76588,24.95879]]],[[[-115.76466,24.95916],[-115.76463,24.95915],[-115.76461,24.95915],[-115.7646,24.95916],[-115.76458,24.95917],[-115.76456,24.95916],[-115.76456,24.95914],[-115.76457,24.95913],[-115.76459,24.95912],[-115.76459,24.9591],[-115.76457,24.95909],[-115.76455,24.95908],[-115.76454,24.95907],[-115.76453,24.95904],[-115.76452,24.95903],[-115.76451,24.95901],[-115.76449,24.959],[-115.76448,24.95898],[-115.76446,24.95897],[-115.76445,24.95899],[-115.76443,24.959],[-115.76442,24.95901],[-115.76442,24.95902],[-115.76442,24.95904],[-115.7644,24.95904],[-115.76439,24.95903],[-115.76436,24.95903],[-115.76435,24.95903],[-115.76433,24.95901],[-115.76432,24.959],[-115.7643,24.95898],[-115.7643,24.95897],[-115.76431,24.95896],[-115.76434,24.95896],[-115.76435,24.95896],[-115.76434,24.95895],[-115.76434,24.95893],[-115.76435,24.95892],[-115.76436,24.95891],[-115.76437,24.9589],[-115.76437,24.95889],[-115.76438,24.95887],[-115.76439,24.95887],[-115.7644,24.95886],[-115.76439,24.95885],[-115.76439,24.95884],[-115.76441,24.95883],[-115.76443,24.95882],[-115.76445,24.95883],[-115.76448,24.95884],[-115.76451,24.95886],[-115.76452,24.95888],[-115.76453,24.9589],[-115.76454,24.95891],[-115.76455,24.95891],[-115.76458,24.9589],[-115.76459,24.9589],[-115.76461,24.9589],[-115.76463,24.95891],[-115.76464,24.95894],[-115.76465,24.95896],[-115.76467,24.95898],[-115.76468,24.959],[-115.7647,24.95901],[-115.76472,24.95903],[-115.76473,24.95905],[-115.76472,24.95908],[-115.76472,24.9591],[-115.76473,24.95913],[-115.76473,24.95915],[-115.76472,24.95915],[-115.76471,24.95917],[-115.7647,24.95918],[-115.76468,24.95918],[-115.76466,24.95916]]],[[[-115.76484,24.96115],[-115.76482,24.96114],[-115.7648,24.96113],[-115.76479,24.96113],[-115.76478,24.96113],[-115.76478,24.96111],[-115.76477,24.9611],[-115.76476,24.96108],[-115.76476,24.96105],[-115.76475,24.96103],[-115.76475,24.96101],[-115.76476,24.96099],[-115.76476,24.96097],[-115.76477,24.96096],[-115.76479,24.96095],[-115.76481,24.96094],[-115.76484,24.96092],[-115.76485,24.96092],[-115.76487,24.96092],[-115.76489,24.96093],[-115.7649,24.96093],[-115.76492,24.96093],[-115.76494,24.96093],[-115.76495,24.96095],[-115.76495,24.96097],[-115.76496,24.96097],[-115.76497,24.96098],[-115.76497,24.96098],[-115.76497,24.96099],[-115.76498,24.96099],[-115.765,24.961],[-115.765,24.96102],[-115.76499,24.96103],[-115.76498,24.96105],[-115.76497,24.96107],[-115.76496,24.96109],[-115.76494,24.96111],[-115.76492,24.96113],[-115.76491,24.96114],[-115.76488,24.96114],[-115.76486,24.96115],[-115.76484,24.96115]]],[[[-110.95397,25.32932],[-110.95368,25.32931],[-110.95365,25.32944],[-110.95345,25.32941],[-110.9534,25.32936],[-110.95336,25.32926],[-110.95335,25.32915],[-110.95334,25.32906],[-110.95334,25.32894],[-110.95336,25.32889],[-110.95335,25.32888],[-110.95311,25.32889],[-110.95291,25.32881],[-110.95281,25.32879],[-110.95284,25.32871],[-110.95289,25.32859],[-110.95306,25.32852],[-110.95329,25.32841],[-110.95348,25.32846],[-110.95365,25.32851],[-110.95373,25.3287],[-110.95388,25.32871],[-110.95394,25.32869],[-110.95417,25.32863],[-110.95438,25.3285],[-110.95456,25.32853],[-110.9546,25.32853],[-110.95462,25.32857],[-110.95461,25.32864],[-110.95448,25.32876],[-110.95452,25.32887],[-110.95456,25.3289],[-110.95457,25.32895],[-110.95456,25.32899],[-110.95455,25.32903],[-110.95449,25.32905],[-110.95446,25.32905],[-110.95441,25.32903],[-110.95432,25.32911],[-110.95429,25.32929],[-110.95427,25.32937],[-110.95428,25.32944],[-110.95425,25.32949],[-110.95418,25.32954],[-110.95414,25.32951],[-110.95412,25.32945],[-110.95408,25.32937],[-110.95397,25.32932]]],[[[-112.16288,25.10017],[-112.16317,25.05767],[-112.17925,25.0401],[-112.15371,24.97123],[-112.1897,24.95865],[-112.16652,24.91172],[-112.1766,24.88719],[-112.19382,24.90893],[-112.18025,24.90578],[-112.17759,24.92139],[-112.19653,24.91701],[-112.17822,24.87018],[-112.20657,24.8692],[-112.2321,24.84299],[-112.21491,24.84417],[-112.21869,24.82074],[-112.1722,24.79374],[-112.17154,24.76585],[-112.13473,24.73585],[-112.11598,24.68907],[-112.14378,24.65019],[-112.13908,24.63471],[-112.07213,24.5855],[-112.05734,24.53958],[-112.10194,24.55852],[-112.11486,24.59993],[-112.17457,24.65262],[-112.13687,24.6873],[-112.15334,24.74482],[-112.22619,24.78868],[-112.26245,24.78654],[-112.26003,24.74996],[-112.30496,24.794],[-112.2168,24.98822],[-112.12744,25.26474],[-112.12278,25.21497],[-112.16288,25.10017]]],[[[-112.10065,25.48921],[-112.10339,25.33209],[-112.12036,25.28551],[-112.13374,25.28642],[-112.10065,25.48921]]],[[[-112.11955,25.4954],[-112.11955,25.49495],[-112.11963,25.49483],[-112.11971,25.49478],[-112.11974,25.49468],[-112.1199,25.49465],[-112.12001,25.49475],[-112.12012,25.49487],[-112.12007,25.49497],[-112.11999,25.4951],[-112.12004,25.49517],[-112.12012,25.49523],[-112.12002,25.49535],[-112.1198,25.49535],[-112.11955,25.4954]]],[[[-112.12013,25.49574],[-112.12026,25.49564],[-112.1204,25.49564],[-112.12057,25.49589],[-112.1207,25.49589],[-112.12079,25.49596],[-112.12073,25.49618],[-112.12041,25.49643],[-112.12033,25.49643],[-112.12027,25.49619],[-112.12019,25.49614],[-112.12016,25.49599],[-112.12013,25.49587],[-112.12013,25.49574]]],[[[-111.1318,25.58793],[-111.13173,25.5878],[-111.13151,25.58786],[-111.13137,25.58785],[-111.13134,25.58764],[-111.13125,25.58742],[-111.13116,25.58727],[-111.13099,25.58719],[-111.13077,25.58727],[-111.13049,25.58729],[-111.13042,25.58717],[-111.13019,25.58689],[-111.12983,25.58692],[-111.12968,25.58704],[-111.12945,25.58684],[-111.12934,25.58663],[-111.12933,25.58636],[-111.1294,25.58598],[-111.12947,25.58587],[-111.12954,25.58572],[-111.12961,25.58528],[-111.12969,25.58514],[-111.12969,25.58504],[-111.12979,25.58479],[-111.12988,25.58463],[-111.12995,25.58446],[-111.13009,25.58431],[-111.13024,25.58431],[-111.13035,25.5843],[-111.13041,25.58431],[-111.13054,25.58441],[-111.13062,25.58464],[-111.13061,25.58469],[-111.13069,25.58478],[-111.13077,25.58519],[-111.13077,25.58523],[-111.13079,25.58548],[-111.13081,25.58568],[-111.13088,25.5859],[-111.13109,25.58608],[-111.1313,25.58632],[-111.13144,25.58641],[-111.13159,25.5865],[-111.1316,25.58668],[-111.13174,25.58682],[-111.13191,25.58722],[-111.13207,25.58748],[-111.13255,25.58784],[-111.13238,25.58815],[-111.13204,25.58814],[-111.1319,25.58809],[-111.1318,25.58793]]],[[[-111.14432,25.58548],[-111.14454,25.58532],[-111.14477,25.58524],[-111.145,25.58525],[-111.14513,25.58528],[-111.14543,25.58531],[-111.14563,25.58526],[-111.14611,25.58512],[-111.14669,25.58499],[-111.14724,25.58484],[-111.14775,25.58465],[-111.14809,25.5843],[-111.14814,25.58412],[-111.14826,25.58385],[-111.14832,25.58358],[-111.14832,25.58342],[-111.14838,25.58328],[-111.14846,25.58322],[-111.14855,25.58318],[-111.14871,25.58318],[-111.14884,25.58331],[-111.14885,25.5835],[-111.14888,25.58368],[-111.14902,25.58389],[-111.14932,25.58403],[-111.14957,25.58403],[-111.15001,25.58398],[-111.15038,25.58391],[-111.15046,25.58381],[-111.15055,25.58371],[-111.15062,25.58365],[-111.15079,25.58358],[-111.15099,25.58354],[-111.15123,25.58351],[-111.15131,25.58339],[-111.1514,25.58329],[-111.1515,25.58322],[-111.15161,25.5831],[-111.15169,25.58288],[-111.15178,25.58274],[-111.15192,25.58264],[-111.15214,25.58257],[-111.15253,25.58255],[-111.15286,25.58269],[-111.15302,25.58287],[-111.15307,25.58317],[-111.15306,25.58356],[-111.1531,25.58399],[-111.15318,25.58434],[-111.15319,25.58506],[-111.15311,25.58533],[-111.15302,25.58547],[-111.15286,25.58586],[-111.15267,25.58642],[-111.15271,25.5866],[-111.15276,25.58689],[-111.15281,25.58736],[-111.15286,25.58786],[-111.15278,25.588],[-111.15269,25.58809],[-111.15244,25.5882],[-111.15224,25.58827],[-111.1519,25.58844],[-111.15167,25.58846],[-111.15129,25.58835],[-111.15085,25.58816],[-111.15021,25.58786],[-111.14923,25.58753],[-111.1489,25.58737],[-111.14855,25.5873],[-111.14819,25.58731],[-111.14807,25.5873],[-111.1479,25.58716],[-111.14761,25.58699],[-111.1473,25.58684],[-111.14695,25.58671],[-111.14646,25.58658],[-111.14602,25.58651],[-111.14562,25.58633],[-111.14505,25.58612],[-111.14476,25.58606],[-111.14466,25.58605],[-111.14452,25.58597],[-111.14436,25.58582],[-111.14431,25.58563],[-111.14432,25.58548]]],[[[-110.77291,25.71234],[-110.75873,25.59366],[-110.78628,25.60606],[-110.80495,25.64725],[-110.79891,25.68474],[-110.77291,25.71234]]],[[[-111.03497,25.71429],[-111.01331,25.67875],[-111.0298,25.64978],[-111.05964,25.70727],[-111.03497,25.71429]]],[[[-112.08872,25.67137],[-112.08864,25.67136],[-112.08854,25.67137],[-112.08846,25.67139],[-112.08838,25.67142],[-112.08809,25.67141],[-112.08797,25.67143],[-112.08786,25.67147],[-112.08783,25.67144],[-112.0877,25.67137],[-112.08754,25.67131],[-112.08747,25.67131],[-112.08737,25.67132],[-112.08722,25.67136],[-112.08706,25.67143],[-112.08691,25.67146],[-112.08676,25.67144],[-112.08667,25.67139],[-112.08666,25.67132],[-112.08669,25.67128],[-112.08676,25.67126],[-112.0868,25.67126],[-112.08689,25.67126],[-112.08698,25.67124],[-112.08705,25.67119],[-112.08709,25.6711],[-112.08709,25.67105],[-112.08705,25.671],[-112.08701,25.67095],[-112.08695,25.67089],[-112.08691,25.67083],[-112.08686,25.67075],[-112.08682,25.67067],[-112.08676,25.67061],[-112.08665,25.67062],[-112.0866,25.67067],[-112.08656,25.67072],[-112.08641,25.67086],[-112.08632,25.67092],[-112.08618,25.67097],[-112.08606,25.67097],[-112.0859,25.671],[-112.08582,25.67107],[-112.08572,25.67106],[-112.08566,25.67107],[-112.08563,25.67108],[-112.08558,25.67113],[-112.08553,25.67116],[-112.0855,25.67119],[-112.08546,25.67124],[-112.08547,25.67128],[-112.08551,25.67131],[-112.08555,25.67133],[-112.08562,25.67134],[-112.08567,25.67134],[-112.0857,25.67136],[-112.08561,25.6714],[-112.08544,25.67145],[-112.08529,25.67151],[-112.08511,25.67156],[-112.08501,25.67159],[-112.08469,25.67164],[-112.08451,25.67165],[-112.08428,25.67166],[-112.08424,25.67164],[-112.08426,25.67162],[-112.08431,25.6716],[-112.0844,25.67158],[-112.08447,25.67152],[-112.08451,25.67142],[-112.08452,25.67137],[-112.08449,25.67135],[-112.08443,25.67134],[-112.08437,25.67132],[-112.08423,25.67132],[-112.08411,25.67134],[-112.08402,25.67143],[-112.08399,25.67149],[-112.08395,25.67154],[-112.08391,25.67158],[-112.08382,25.6716],[-112.08376,25.67168],[-112.08374,25.67174],[-112.08373,25.67181],[-112.08369,25.67183],[-112.08359,25.67183],[-112.08349,25.67183],[-112.08337,25.67182],[-112.08326,25.67179],[-112.08316,25.67176],[-112.08302,25.67174],[-112.08285,25.67171],[-112.08274,25.67166],[-112.08269,25.67165],[-112.08258,25.67161],[-112.08248,25.67157],[-112.08239,25.67151],[-112.08233,25.67146],[-112.08229,25.67142],[-112.08222,25.6714],[-112.08213,25.67136],[-112.08205,25.67133],[-112.08196,25.6713],[-112.08191,25.67127],[-112.08187,25.67122],[-112.08184,25.67114],[-112.08176,25.67105],[-112.08171,25.67099],[-112.08157,25.67088],[-112.08139,25.67071],[-112.08133,25.67063],[-112.08129,25.67055],[-112.08122,25.67049],[-112.08111,25.67039],[-112.08102,25.67029],[-112.08095,25.67012],[-112.08091,25.66999],[-112.08089,25.66989],[-112.0809,25.66977],[-112.08092,25.66967],[-112.08094,25.66958],[-112.08095,25.66949],[-112.08098,25.66935],[-112.081,25.66917],[-112.08106,25.66907],[-112.08113,25.66897],[-112.08117,25.66888],[-112.08118,25.6688],[-112.08121,25.66873],[-112.08128,25.66864],[-112.08131,25.66856],[-112.08139,25.66848],[-112.08145,25.66841],[-112.08148,25.66834],[-112.08149,25.66825],[-112.08147,25.66817],[-112.08147,25.6681],[-112.08152,25.66804],[-112.08159,25.66796],[-112.08163,25.66789],[-112.08166,25.66782],[-112.08171,25.66774],[-112.08177,25.66766],[-112.08184,25.66753],[-112.08188,25.66745],[-112.08194,25.66741],[-112.08199,25.66738],[-112.08204,25.66731],[-112.08212,25.66718],[-112.08227,25.66698],[-112.08237,25.66686],[-112.0824,25.66681],[-112.08246,25.66676],[-112.08251,25.66674],[-112.0826,25.66671],[-112.08266,25.66669],[-112.08269,25.66664],[-112.0827,25.6666],[-112.08272,25.66655],[-112.08275,25.6665],[-112.08279,25.66645],[-112.0829,25.66641],[-112.08297,25.66642],[-112.08301,25.66644],[-112.08303,25.66644],[-112.08306,25.66643],[-112.08306,25.66639],[-112.08306,25.66633],[-112.08307,25.66625],[-112.08309,25.6662],[-112.08312,25.66613],[-112.08322,25.6659],[-112.0833,25.66585],[-112.08333,25.66582],[-112.08338,25.66578],[-112.08341,25.66571],[-112.08345,25.66562],[-112.08352,25.66556],[-112.08362,25.66547],[-112.08376,25.66531],[-112.08385,25.6652],[-112.08393,25.66516],[-112.08404,25.66515],[-112.08409,25.66516],[-112.08423,25.6652],[-112.08437,25.66525],[-112.08461,25.66532],[-112.0849,25.66541],[-112.08507,25.66545],[-112.0852,25.66549],[-112.08534,25.66552],[-112.08544,25.66553],[-112.08558,25.66551],[-112.08566,25.66548],[-112.08574,25.66543],[-112.08585,25.66539],[-112.08594,25.66535],[-112.08604,25.66534],[-112.0861,25.66531],[-112.08619,25.6653],[-112.08627,25.66528],[-112.0863,25.66524],[-112.08635,25.66519],[-112.08646,25.66517],[-112.08651,25.66517],[-112.0866,25.66518],[-112.08663,25.6652],[-112.08664,25.66522],[-112.08669,25.66529],[-112.08671,25.66531],[-112.08678,25.66531],[-112.08686,25.66529],[-112.08692,25.66527],[-112.08697,25.66524],[-112.08702,25.66519],[-112.087,25.66514],[-112.08697,25.66511],[-112.08691,25.66509],[-112.08685,25.66508],[-112.08679,25.66505],[-112.08674,25.66502],[-112.08673,25.66497],[-112.08675,25.66489],[-112.08683,25.66481],[-112.08693,25.66475],[-112.08701,25.6647],[-112.08705,25.66464],[-112.08704,25.66461],[-112.08702,25.66456],[-112.08702,25.66451],[-112.08704,25.66449],[-112.08709,25.66444],[-112.08712,25.66439],[-112.08714,25.66434],[-112.08715,25.66425],[-112.08713,25.66421],[-112.08712,25.66415],[-112.08714,25.66411],[-112.08715,25.66409],[-112.08717,25.66407],[-112.08721,25.66398],[-112.08729,25.66378],[-112.08733,25.66367],[-112.0874,25.66353],[-112.08743,25.66346],[-112.08748,25.66338],[-112.08752,25.66332],[-112.08755,25.66327],[-112.08757,25.66323],[-112.08761,25.66317],[-112.08762,25.6631],[-112.08762,25.66305],[-112.08764,25.66302],[-112.08768,25.66298],[-112.08771,25.66294],[-112.08777,25.66278],[-112.08785,25.66262],[-112.08787,25.66255],[-112.08789,25.66242],[-112.08793,25.66235],[-112.08795,25.66232],[-112.08798,25.66226],[-112.08799,25.66216],[-112.08799,25.66207],[-112.08799,25.66198],[-112.08801,25.66191],[-112.08804,25.66186],[-112.08806,25.66179],[-112.0881,25.66152],[-112.0881,25.66144],[-112.08812,25.66135],[-112.08813,25.66128],[-112.0881,25.6612],[-112.0881,25.66113],[-112.08806,25.66089],[-112.08806,25.66067],[-112.08801,25.66047],[-112.08796,25.66023],[-112.08788,25.65999],[-112.08779,25.65977],[-112.0877,25.65947],[-112.08759,25.65928],[-112.08752,25.65906],[-112.08748,25.65896],[-112.08744,25.65886],[-112.08742,25.65873],[-112.08734,25.65865],[-112.08731,25.65861],[-112.08723,25.6585],[-112.08715,25.65838],[-112.08706,25.65824],[-112.08697,25.65814],[-112.08689,25.65806],[-112.08678,25.65799],[-112.08667,25.65793],[-112.08656,25.65787],[-112.08645,25.65782],[-112.08635,25.65774],[-112.08629,25.65768],[-112.08624,25.65764],[-112.0862,25.65762],[-112.08614,25.65758],[-112.08601,25.65745],[-112.08596,25.65739],[-112.08587,25.65729],[-112.08585,25.65721],[-112.08584,25.65717],[-112.0858,25.65713],[-112.08579,25.65711],[-112.08576,25.65701],[-112.08573,25.65694],[-112.08571,25.65688],[-112.0857,25.65682],[-112.08567,25.65673],[-112.0856,25.6566],[-112.08555,25.65645],[-112.08554,25.65637],[-112.08552,25.65631],[-112.0855,25.65626],[-112.08547,25.65621],[-112.08539,25.65609],[-112.0853,25.65599],[-112.08527,25.65592],[-112.08524,25.65586],[-112.08523,25.6558],[-112.08522,25.65574],[-112.08521,25.65571],[-112.08517,25.65567],[-112.08515,25.65563],[-112.08513,25.65558],[-112.08508,25.65551],[-112.08505,25.65546],[-112.08504,25.65539],[-112.08502,25.65534],[-112.08499,25.65529],[-112.08494,25.6552],[-112.08489,25.65511],[-112.08488,25.65504],[-112.08488,25.65497],[-112.08485,25.65493],[-112.08483,25.65489],[-112.08481,25.65484],[-112.08475,25.65472],[-112.08474,25.65464],[-112.08472,25.65457],[-112.08468,25.65451],[-112.08464,25.65443],[-112.08463,25.65434],[-112.08463,25.65428],[-112.08462,25.65423],[-112.0846,25.65415],[-112.0846,25.65411],[-112.0846,25.65408],[-112.08461,25.65405],[-112.08462,25.65402],[-112.08462,25.65398],[-112.0846,25.65392],[-112.08458,25.65386],[-112.08456,25.6538],[-112.08454,25.65374],[-112.0845,25.65365],[-112.08448,25.65357],[-112.08447,25.65348],[-112.08445,25.65342],[-112.08444,25.65332],[-112.08441,25.65314],[-112.08442,25.65304],[-112.08445,25.65296],[-112.0845,25.65291],[-112.08456,25.65287],[-112.08461,25.65278],[-112.08463,25.65263],[-112.08458,25.65258],[-112.08453,25.65257],[-112.08439,25.65254],[-112.0843,25.65251],[-112.08421,25.65245],[-112.08413,25.65238],[-112.08404,25.65224],[-112.08396,25.65198],[-112.08395,25.65192],[-112.08392,25.65182],[-112.08391,25.65163],[-112.08386,25.65145],[-112.08382,25.65135],[-112.08381,25.65114],[-112.08382,25.65087],[-112.08378,25.65076],[-112.08376,25.65054],[-112.0837,25.65037],[-112.08367,25.65029],[-112.08365,25.65023],[-112.08368,25.65018],[-112.08371,25.65014],[-112.08371,25.6501],[-112.08368,25.65005],[-112.08365,25.64998],[-112.08364,25.64985],[-112.08362,25.64981],[-112.0836,25.64976],[-112.08361,25.64969],[-112.08362,25.64961],[-112.08362,25.64957],[-112.0836,25.64952],[-112.08357,25.64945],[-112.08355,25.64941],[-112.08355,25.64935],[-112.08355,25.64928],[-112.08355,25.64911],[-112.08356,25.64894],[-112.08353,25.64884],[-112.08351,25.64879],[-112.08352,25.64873],[-112.08353,25.64861],[-112.08356,25.64855],[-112.08363,25.64848],[-112.08366,25.64841],[-112.08366,25.64834],[-112.08367,25.64829],[-112.08369,25.64824],[-112.08373,25.64813],[-112.08379,25.64803],[-112.08381,25.64798],[-112.08385,25.64794],[-112.08399,25.64781],[-112.08417,25.64762],[-112.08429,25.64753],[-112.0844,25.64741],[-112.08444,25.64735],[-112.08456,25.64724],[-112.0848,25.647],[-112.08496,25.64682],[-112.08515,25.64666],[-112.08531,25.64647],[-112.08549,25.64633],[-112.08561,25.64624],[-112.08572,25.64618],[-112.08582,25.64615],[-112.08593,25.64615],[-112.086,25.64618],[-112.08609,25.64619],[-112.08615,25.64621],[-112.0862,25.64625],[-112.08624,25.64629],[-112.08627,25.64636],[-112.08634,25.64642],[-112.08641,25.64642],[-112.08647,25.64637],[-112.08649,25.64631],[-112.08652,25.64621],[-112.08658,25.64614],[-112.08663,25.64605],[-112.08668,25.64593],[-112.08666,25.64587],[-112.08662,25.64585],[-112.08655,25.64584],[-112.08638,25.64583],[-112.08632,25.64581],[-112.08624,25.64574],[-112.0862,25.64565],[-112.0862,25.64557],[-112.08624,25.6455],[-112.08628,25.64544],[-112.08637,25.6454],[-112.08643,25.64533],[-112.08651,25.64526],[-112.08659,25.64524],[-112.08665,25.64523],[-112.08671,25.64524],[-112.08677,25.64529],[-112.08684,25.64535],[-112.08688,25.6454],[-112.08692,25.64549],[-112.08692,25.64556],[-112.08691,25.64564],[-112.0869,25.64571],[-112.08691,25.64574],[-112.08696,25.64573],[-112.08703,25.64571],[-112.0871,25.64566],[-112.08717,25.64561],[-112.08727,25.64546],[-112.08734,25.64537],[-112.08739,25.64527],[-112.08741,25.6451],[-112.08743,25.64491],[-112.08745,25.64483],[-112.08754,25.64458],[-112.08764,25.64439],[-112.08781,25.64417],[-112.08791,25.64406],[-112.08799,25.644],[-112.08816,25.64388],[-112.08853,25.64366],[-112.0889,25.64356],[-112.08909,25.64354],[-112.08915,25.64355],[-112.08917,25.64358],[-112.08918,25.64363],[-112.08917,25.64369],[-112.08917,25.64377],[-112.08918,25.64385],[-112.08921,25.64393],[-112.08923,25.644],[-112.08923,25.64423],[-112.08923,25.64443],[-112.08922,25.64461],[-112.08921,25.64469],[-112.08919,25.64474],[-112.08919,25.64489],[-112.08922,25.64495],[-112.08924,25.64501],[-112.08923,25.64505],[-112.08921,25.64513],[-112.08921,25.6452],[-112.08921,25.64527],[-112.08919,25.64538],[-112.08919,25.64544],[-112.08918,25.64549],[-112.08919,25.64553],[-112.08921,25.6456],[-112.0892,25.64565],[-112.08919,25.6457],[-112.08916,25.64581],[-112.08916,25.64589],[-112.08916,25.64604],[-112.08914,25.64619],[-112.08917,25.64631],[-112.08915,25.64636],[-112.08913,25.64641],[-112.08914,25.64648],[-112.08911,25.64659],[-112.08908,25.64663],[-112.08907,25.64671],[-112.08909,25.64676],[-112.08908,25.64684],[-112.08904,25.64691],[-112.08902,25.64702],[-112.08902,25.64709],[-112.08901,25.64714],[-112.089,25.64717],[-112.089,25.64723],[-112.08902,25.64726],[-112.08902,25.64734],[-112.08898,25.6474],[-112.08898,25.64751],[-112.08898,25.64764],[-112.08898,25.64773],[-112.08895,25.6478],[-112.08894,25.64785],[-112.08894,25.64792],[-112.08894,25.64797],[-112.08895,25.64806],[-112.08895,25.64818],[-112.08894,25.64835],[-112.08895,25.64845],[-112.08894,25.64852],[-112.08893,25.64857],[-112.08892,25.64862],[-112.08892,25.64868],[-112.08893,25.64873],[-112.08894,25.64881],[-112.08892,25.64887],[-112.0889,25.64891],[-112.08889,25.64897],[-112.08889,25.64903],[-112.0889,25.64922],[-112.0889,25.6493],[-112.08893,25.64937],[-112.08895,25.64945],[-112.08896,25.64962],[-112.08892,25.64973],[-112.08889,25.64984],[-112.08887,25.64996],[-112.08888,25.65006],[-112.08893,25.65017],[-112.08895,25.65028],[-112.08894,25.65035],[-112.08891,25.65043],[-112.08889,25.65047],[-112.08888,25.65053],[-112.08889,25.6506],[-112.08891,25.65066],[-112.08895,25.65069],[-112.08899,25.65074],[-112.08902,25.65079],[-112.08902,25.65087],[-112.08903,25.65101],[-112.08905,25.65121],[-112.08902,25.65132],[-112.08896,25.65143],[-112.08886,25.6515],[-112.08869,25.65149],[-112.08862,25.65146],[-112.08853,25.6514],[-112.08833,25.65121],[-112.08816,25.65102],[-112.08796,25.65083],[-112.08777,25.65067],[-112.08741,25.65047],[-112.0872,25.65039],[-112.08706,25.65036],[-112.08693,25.65037],[-112.08681,25.65041],[-112.08665,25.65049],[-112.08656,25.65049],[-112.0865,25.65051],[-112.08648,25.65053],[-112.08648,25.65059],[-112.08657,25.65064],[-112.08668,25.65068],[-112.08683,25.65075],[-112.08698,25.6508],[-112.08715,25.65088],[-112.08735,25.65096],[-112.0875,25.65102],[-112.08758,25.65109],[-112.08769,25.65119],[-112.08775,25.65122],[-112.08787,25.65125],[-112.08795,25.6513],[-112.08799,25.65134],[-112.08807,25.65144],[-112.08814,25.65148],[-112.08818,25.65151],[-112.08823,25.65158],[-112.08826,25.65165],[-112.08829,25.6517],[-112.08837,25.65176],[-112.08855,25.65187],[-112.08877,25.65194],[-112.08895,25.65204],[-112.08909,25.65219],[-112.08923,25.65228],[-112.08926,25.6524],[-112.08927,25.65251],[-112.0893,25.65263],[-112.0893,25.65274],[-112.08926,25.65285],[-112.08918,25.65308],[-112.08915,25.65323],[-112.08915,25.65339],[-112.08917,25.6536],[-112.08919,25.65382],[-112.08923,25.65399],[-112.08924,25.65416],[-112.0893,25.65462],[-112.08939,25.65483],[-112.08941,25.655],[-112.08941,25.65523],[-112.08938,25.65544],[-112.08933,25.65561],[-112.08932,25.65586],[-112.0893,25.65605],[-112.08929,25.65612],[-112.08925,25.65619],[-112.08934,25.6564],[-112.08935,25.65645],[-112.08931,25.65655],[-112.08925,25.6567],[-112.08918,25.65689],[-112.08916,25.65707],[-112.08908,25.65735],[-112.08903,25.65753],[-112.08904,25.65759],[-112.08908,25.65769],[-112.08908,25.6578],[-112.08907,25.65791],[-112.08905,25.65801],[-112.08892,25.65809],[-112.08889,25.65814],[-112.08887,25.65819],[-112.08889,25.65826],[-112.08893,25.65832],[-112.08898,25.65839],[-112.08903,25.65852],[-112.08905,25.65861],[-112.08904,25.65877],[-112.08899,25.65892],[-112.08901,25.65909],[-112.08911,25.65953],[-112.08923,25.65992],[-112.08939,25.66044],[-112.08949,25.66086],[-112.08952,25.66102],[-112.08954,25.66118],[-112.08957,25.66133],[-112.08962,25.66143],[-112.08969,25.66157],[-112.08972,25.66165],[-112.08974,25.6618],[-112.0898,25.66205],[-112.08984,25.66226],[-112.08989,25.66257],[-112.0899,25.6627],[-112.08993,25.66277],[-112.08996,25.6629],[-112.08994,25.663],[-112.08993,25.66311],[-112.08995,25.6632],[-112.09002,25.66323],[-112.0901,25.66327],[-112.09018,25.66335],[-112.09025,25.66343],[-112.09028,25.66351],[-112.0903,25.66357],[-112.09035,25.66364],[-112.09047,25.66372],[-112.09059,25.6638],[-112.09066,25.66388],[-112.09085,25.66405],[-112.09094,25.66411],[-112.09095,25.6642],[-112.09091,25.66426],[-112.09089,25.66435],[-112.09088,25.66454],[-112.09082,25.66468],[-112.09073,25.66479],[-112.09056,25.66489],[-112.09051,25.66492],[-112.09048,25.66503],[-112.09048,25.66506],[-112.09052,25.66508],[-112.09059,25.66503],[-112.09069,25.66495],[-112.09084,25.66483],[-112.09093,25.66472],[-112.091,25.66462],[-112.09104,25.66452],[-112.0911,25.66441],[-112.09123,25.66424],[-112.09133,25.66418],[-112.09144,25.66415],[-112.09154,25.66417],[-112.09169,25.6642],[-112.09187,25.66428],[-112.09204,25.66441],[-112.09213,25.66453],[-112.09227,25.66475],[-112.09235,25.66497],[-112.09246,25.66513],[-112.09254,25.66534],[-112.09255,25.66571],[-112.09257,25.66601],[-112.09254,25.66633],[-112.09253,25.66687],[-112.09255,25.66708],[-112.09261,25.66725],[-112.09266,25.66755],[-112.09272,25.66794],[-112.09271,25.6682],[-112.09256,25.66834],[-112.09243,25.66855],[-112.09232,25.66878],[-112.09214,25.66913],[-112.09204,25.66934],[-112.09199,25.66953],[-112.09198,25.66972],[-112.09183,25.66993],[-112.0917,25.67002],[-112.09162,25.67004],[-112.09159,25.6701],[-112.0916,25.67015],[-112.0916,25.6702],[-112.09157,25.67024],[-112.09142,25.67041],[-112.09134,25.67054],[-112.09126,25.67067],[-112.09113,25.67076],[-112.09099,25.67085],[-112.09085,25.67087],[-112.09072,25.6709],[-112.09066,25.67095],[-112.09064,25.67099],[-112.09059,25.67104],[-112.09051,25.67105],[-112.09043,25.67103],[-112.09036,25.671],[-112.09034,25.67095],[-112.09032,25.67091],[-112.09029,25.67089],[-112.09019,25.67089],[-112.09007,25.6709],[-112.09,25.67092],[-112.08988,25.67095],[-112.08975,25.67097],[-112.08965,25.67095],[-112.08956,25.67094],[-112.08945,25.67094],[-112.08936,25.67095],[-112.08932,25.67097],[-112.08921,25.67101],[-112.08915,25.67102],[-112.0891,25.67103],[-112.08904,25.67107],[-112.08901,25.67111],[-112.089,25.67114],[-112.08897,25.67119],[-112.08894,25.67122],[-112.08894,25.67125],[-112.08897,25.67129],[-112.08909,25.67127],[-112.08919,25.67124],[-112.08927,25.6712],[-112.08936,25.6712],[-112.08939,25.67123],[-112.08939,25.67127],[-112.08932,25.67136],[-112.0892,25.67149],[-112.08905,25.67155],[-112.08876,25.67163],[-112.08855,25.67164],[-112.08848,25.67157],[-112.08851,25.67149],[-112.08858,25.67146],[-112.0887,25.67144],[-112.08876,25.67142],[-112.08877,25.67139],[-112.08872,25.67137]]],[[[-111.22376,25.72999],[-111.22426,25.72929],[-111.22481,25.72995],[-111.22521,25.7302],[-111.22568,25.73034],[-111.22562,25.73107],[-111.22531,25.73127],[-111.22495,25.73226],[-111.22396,25.7315],[-111.22404,25.73066],[-111.22376,25.72999]]],[[[-111.04324,25.73827],[-111.04339,25.73822],[-111.04362,25.73822],[-111.04394,25.73831],[-111.04414,25.73849],[-111.04414,25.73881],[-111.04422,25.73902],[-111.04444,25.73922],[-111.04447,25.73942],[-111.04449,25.73971],[-111.04447,25.7408],[-111.04454,25.74087],[-111.04462,25.74102],[-111.04462,25.74168],[-111.04479,25.74206],[-111.04474,25.74229],[-111.04459,25.74254],[-111.04449,25.74277],[-111.04429,25.74299],[-111.04385,25.74318],[-111.04352,25.74304],[-111.04332,25.74295],[-111.04314,25.74281],[-111.04299,25.74258],[-111.04294,25.7424],[-111.04299,25.7422],[-111.04304,25.74204],[-111.04307,25.74197],[-111.04309,25.74173],[-111.04312,25.74161],[-111.04312,25.74141],[-111.04309,25.74123],[-111.04304,25.74102],[-111.04282,25.74069],[-111.04277,25.74057],[-111.04269,25.74039],[-111.04264,25.74028],[-111.04262,25.74012],[-111.04263,25.73998],[-111.04287,25.73931],[-111.04294,25.73904],[-111.04294,25.73885],[-111.04302,25.73866],[-111.04304,25.73849],[-111.04312,25.73838],[-111.04324,25.73827]]],[[[-111.04863,25.74095],[-111.04882,25.74064],[-111.04898,25.74079],[-111.04914,25.74111],[-111.04935,25.74138],[-111.04967,25.74148],[-111.04987,25.74178],[-111.05003,25.74217],[-111.05015,25.74248],[-111.05014,25.74273],[-111.04998,25.74294],[-111.04995,25.74298],[-111.04976,25.7429],[-111.04938,25.74282],[-111.04909,25.74282],[-111.04879,25.74274],[-111.04861,25.74248],[-111.04853,25.74222],[-111.04837,25.74209],[-111.0482,25.74175],[-111.04828,25.74156],[-111.04844,25.74121],[-111.04863,25.74095]]],[[[-112.09299,25.68463],[-112.09323,25.68431],[-112.09365,25.68388],[-112.09376,25.68381],[-112.09387,25.68381],[-112.09387,25.68393],[-112.09381,25.68403],[-112.09369,25.68409],[-112.09353,25.68415],[-112.09336,25.6843],[-112.0933,25.68436],[-112.0933,25.68442],[-112.09335,25.68442],[-112.09353,25.68439],[-112.09395,25.68423],[-112.09442,25.68399],[-112.09454,25.6839],[-112.09465,25.68379],[-112.09466,25.68363],[-112.09461,25.68351],[-112.09452,25.68341],[-112.09394,25.6827],[-112.09359,25.68235],[-112.09338,25.68222],[-112.09328,25.68206],[-112.09322,25.68194],[-112.0932,25.68176],[-112.0932,25.68163],[-112.09319,25.68145],[-112.09312,25.68098],[-112.09307,25.68059],[-112.09304,25.6804],[-112.09304,25.68023],[-112.09308,25.67987],[-112.09315,25.6795],[-112.09309,25.67925],[-112.09302,25.67895],[-112.09293,25.67861],[-112.0929,25.67844],[-112.09288,25.67822],[-112.09288,25.67807],[-112.09292,25.67713],[-112.09295,25.6765],[-112.09299,25.67634],[-112.09298,25.67619],[-112.0929,25.67591],[-112.09285,25.67574],[-112.0928,25.67561],[-112.09274,25.67546],[-112.09266,25.6753],[-112.09255,25.67508],[-112.09249,25.67491],[-112.09249,25.67477],[-112.09251,25.67462],[-112.09255,25.67433],[-112.09258,25.67424],[-112.09291,25.67329],[-112.09302,25.67306],[-112.09317,25.67275],[-112.09322,25.67265],[-112.09348,25.67245],[-112.09403,25.6718],[-112.09446,25.67155],[-112.0948,25.6713],[-112.09518,25.671],[-112.09544,25.67061],[-112.09575,25.67008],[-112.09585,25.66989],[-112.09598,25.66942],[-112.096,25.66928],[-112.096,25.66912],[-112.096,25.66898],[-112.09599,25.66853],[-112.09595,25.66813],[-112.09605,25.66741],[-112.09617,25.66685],[-112.09624,25.6664],[-112.09625,25.66628],[-112.09621,25.66582],[-112.09619,25.66566],[-112.09617,25.66557],[-112.09615,25.66549],[-112.09603,25.66512],[-112.09598,25.665],[-112.09589,25.66479],[-112.09584,25.66471],[-112.09568,25.66446],[-112.09551,25.66419],[-112.09546,25.66407],[-112.09526,25.66357],[-112.09501,25.66322],[-112.09495,25.66315],[-112.09488,25.66303],[-112.09479,25.66271],[-112.09477,25.66262],[-112.09469,25.66251],[-112.0945,25.66231],[-112.09446,25.66229],[-112.09367,25.66192],[-112.09272,25.66152],[-112.09249,25.66142],[-112.09239,25.66137],[-112.09218,25.66126],[-112.092,25.66115],[-112.09192,25.66109],[-112.0916,25.66087],[-112.09148,25.6607],[-112.09127,25.66038],[-112.09119,25.66019],[-112.09102,25.65951],[-112.09101,25.65944],[-112.09099,25.65933],[-112.09096,25.65909],[-112.09095,25.65895],[-112.091,25.6589],[-112.09122,25.65876],[-112.09119,25.6587],[-112.09116,25.65864],[-112.09114,25.65855],[-112.09114,25.6584],[-112.09115,25.65801],[-112.09119,25.65755],[-112.09127,25.65693],[-112.09131,25.65646],[-112.09137,25.65545],[-112.09141,25.65458],[-112.09144,25.65399],[-112.09145,25.65392],[-112.09154,25.65374],[-112.0916,25.65369],[-112.09171,25.65367],[-112.09181,25.65364],[-112.0919,25.65364],[-112.092,25.65369],[-112.09214,25.65382],[-112.09229,25.65386],[-112.0926,25.65392],[-112.09267,25.65393],[-112.0929,25.65393],[-112.09363,25.6539],[-112.09364,25.65382],[-112.0937,25.65378],[-112.09375,25.65374],[-112.09382,25.65373],[-112.0939,25.65374],[-112.09413,25.65385],[-112.09419,25.65391],[-112.09422,25.65395],[-112.09428,25.65405],[-112.0943,25.65411],[-112.09448,25.65451],[-112.09454,25.65463],[-112.09462,25.65493],[-112.09453,25.65527],[-112.09448,25.65537],[-112.09435,25.65545],[-112.09412,25.65543],[-112.09394,25.65542],[-112.09385,25.65542],[-112.09378,25.65545],[-112.09369,25.65563],[-112.09365,25.65571],[-112.09367,25.65584],[-112.09374,25.65601],[-112.09391,25.6563],[-112.09435,25.65701],[-112.09466,25.65728],[-112.09477,25.65732],[-112.09489,25.6575],[-112.09493,25.65756],[-112.09504,25.65783],[-112.09505,25.65792],[-112.09504,25.65825],[-112.09502,25.65832],[-112.09499,25.65841],[-112.09495,25.65848],[-112.09485,25.65857],[-112.09472,25.65864],[-112.09451,25.65873],[-112.09439,25.65873],[-112.09429,25.65876],[-112.09417,25.65879],[-112.09417,25.65882],[-112.09422,25.65882],[-112.09433,25.65882],[-112.09445,25.65881],[-112.09466,25.65876],[-112.09479,25.6587],[-112.09519,25.65848],[-112.09536,25.6583],[-112.09514,25.65775],[-112.09488,25.65681],[-112.09483,25.65654],[-112.09478,25.65625],[-112.09475,25.65606],[-112.09477,25.65587],[-112.0948,25.65574],[-112.0949,25.65544],[-112.09501,25.65515],[-112.09507,25.6549],[-112.09508,25.65459],[-112.09507,25.65447],[-112.09504,25.65438],[-112.09492,25.65436],[-112.09486,25.65427],[-112.09483,25.65384],[-112.09486,25.65339],[-112.09489,25.65232],[-112.09478,25.6521],[-112.09463,25.65204],[-112.09457,25.65201],[-112.09451,25.65192],[-112.0944,25.65164],[-112.09433,25.65097],[-112.0943,25.65067],[-112.09438,25.65008],[-112.09447,25.64945],[-112.09453,25.64857],[-112.09453,25.64832],[-112.09452,25.64824],[-112.0945,25.64815],[-112.0945,25.648],[-112.0945,25.64775],[-112.0945,25.64721],[-112.09452,25.64707],[-112.09462,25.64661],[-112.09476,25.64613],[-112.09475,25.64605],[-112.09463,25.64575],[-112.09453,25.64558],[-112.0945,25.64551],[-112.09452,25.64498],[-112.09454,25.64491],[-112.09459,25.64486],[-112.09463,25.64454],[-112.09456,25.64422],[-112.09445,25.64377],[-112.09442,25.64367],[-112.09439,25.64304],[-112.09446,25.64177],[-112.09452,25.64089],[-112.0947,25.6398],[-112.09489,25.63877],[-112.09508,25.63792],[-112.09516,25.63708],[-112.09521,25.63616],[-112.09521,25.6361],[-112.09522,25.63602],[-112.09526,25.63578],[-112.09528,25.63565],[-112.09537,25.63529],[-112.09549,25.63496],[-112.0955,25.63477],[-112.09524,25.63373],[-112.09518,25.63349],[-112.09514,25.63307],[-112.09514,25.63297],[-112.09514,25.6329],[-112.09519,25.63251],[-112.09526,25.63197],[-112.09516,25.63112],[-112.09516,25.631],[-112.09515,25.63089],[-112.09514,25.63079],[-112.09506,25.63031],[-112.09501,25.63015],[-112.09477,25.62938],[-112.09452,25.62854],[-112.09451,25.62819],[-112.0945,25.62791],[-112.09442,25.62735],[-112.09438,25.62716],[-112.09425,25.62656],[-112.09419,25.62649],[-112.09414,25.62643],[-112.09388,25.62613],[-112.09377,25.62578],[-112.09365,25.62511],[-112.09345,25.62481],[-112.09338,25.62475],[-112.09334,25.62467],[-112.09333,25.62461],[-112.09335,25.62456],[-112.09344,25.62449],[-112.09427,25.6241],[-112.09468,25.62389],[-112.09467,25.62385],[-112.09455,25.62386],[-112.09418,25.62391],[-112.0939,25.62398],[-112.09381,25.624],[-112.09351,25.62398],[-112.09332,25.62389],[-112.09264,25.62325],[-112.09258,25.62319],[-112.09234,25.62282],[-112.09231,25.62274],[-112.09234,25.62267],[-112.09241,25.62262],[-112.09244,25.62242],[-112.09238,25.62229],[-112.09214,25.62195],[-112.092,25.62178],[-112.09189,25.62157],[-112.09188,25.62152],[-112.09182,25.62127],[-112.0918,25.62112],[-112.09181,25.62106],[-112.09182,25.621],[-112.09183,25.62093],[-112.09173,25.62073],[-112.09157,25.62068],[-112.09141,25.62064],[-112.09134,25.62063],[-112.09129,25.62056],[-112.09125,25.62047],[-112.09123,25.62039],[-112.0912,25.62026],[-112.09125,25.61954],[-112.09127,25.61929],[-112.09129,25.61911],[-112.0913,25.61905],[-112.09136,25.61871],[-112.09112,25.61829],[-112.09104,25.61819],[-112.09093,25.61811],[-112.09085,25.61804],[-112.09082,25.61799],[-112.09062,25.61775],[-112.09056,25.61763],[-112.09053,25.61756],[-112.09047,25.6172],[-112.09044,25.61701],[-112.09041,25.6168],[-112.09047,25.61661],[-112.09052,25.61636],[-112.09054,25.61579],[-112.09059,25.61547],[-112.09057,25.61539],[-112.09034,25.61513],[-112.09027,25.61512],[-112.09016,25.61501],[-112.09007,25.6148],[-112.09005,25.61469],[-112.08999,25.61448],[-112.08999,25.61443],[-112.09,25.61439],[-112.09004,25.61436],[-112.09012,25.61435],[-112.09045,25.61402],[-112.0908,25.61337],[-112.09117,25.61284],[-112.09119,25.61274],[-112.09117,25.61263],[-112.09074,25.61231],[-112.09057,25.61226],[-112.09051,25.61239],[-112.09034,25.6125],[-112.09028,25.61253],[-112.09011,25.61252],[-112.09002,25.61249],[-112.08987,25.61238],[-112.08955,25.6119],[-112.08934,25.61139],[-112.08918,25.61068],[-112.0891,25.61039],[-112.08907,25.61029],[-112.08905,25.61013],[-112.08906,25.60982],[-112.08906,25.60956],[-112.08909,25.60947],[-112.08914,25.60941],[-112.08915,25.60931],[-112.08916,25.60922],[-112.08916,25.60914],[-112.0891,25.6087],[-112.0889,25.60847],[-112.08898,25.60811],[-112.0891,25.60769],[-112.08926,25.60735],[-112.0894,25.60734],[-112.08945,25.60697],[-112.08943,25.60687],[-112.08927,25.60647],[-112.08908,25.60599],[-112.08901,25.60579],[-112.08901,25.60569],[-112.08904,25.60547],[-112.08909,25.60535],[-112.08921,25.60494],[-112.08932,25.60458],[-112.08934,25.60447],[-112.08932,25.60439],[-112.08923,25.60426],[-112.08915,25.60416],[-112.08913,25.60409],[-112.08911,25.60361],[-112.08918,25.603],[-112.0892,25.60277],[-112.08925,25.60246],[-112.08937,25.60173],[-112.08945,25.60135],[-112.0896,25.6006],[-112.0896,25.6003],[-112.08961,25.60003],[-112.08963,25.59975],[-112.08969,25.59902],[-112.08987,25.59837],[-112.08989,25.59827],[-112.08993,25.59818],[-112.09013,25.59756],[-112.09029,25.59703],[-112.09045,25.59648],[-112.09063,25.59563],[-112.09071,25.59478],[-112.09079,25.59431],[-112.091,25.59335],[-112.09102,25.59325],[-112.09106,25.59312],[-112.09109,25.59306],[-112.09112,25.593],[-112.09122,25.59299],[-112.09136,25.59303],[-112.09146,25.59301],[-112.09171,25.59263],[-112.09177,25.59254],[-112.09184,25.59241],[-112.092,25.59191],[-112.09207,25.59165],[-112.09217,25.5912],[-112.09218,25.59113],[-112.09216,25.59094],[-112.09215,25.59085],[-112.09204,25.59069],[-112.09197,25.59061],[-112.09131,25.59014],[-112.09106,25.59003],[-112.09097,25.58995],[-112.09094,25.58985],[-112.091,25.58952],[-112.09104,25.58905],[-112.09104,25.58887],[-112.09104,25.5888],[-112.09102,25.58836],[-112.09099,25.58792],[-112.09096,25.58766],[-112.09097,25.58737],[-112.09103,25.58697],[-112.09118,25.58593],[-112.09122,25.58562],[-112.0913,25.58508],[-112.09128,25.58444],[-112.09132,25.5839],[-112.09137,25.58374],[-112.0914,25.58362],[-112.09141,25.58349],[-112.09141,25.58337],[-112.09138,25.58323],[-112.09135,25.58307],[-112.09132,25.58285],[-112.09132,25.58279],[-112.09134,25.58228],[-112.09137,25.58216],[-112.09139,25.58208],[-112.09143,25.58193],[-112.09145,25.58134],[-112.09146,25.58068],[-112.09149,25.58001],[-112.0915,25.57992],[-112.09157,25.57973],[-112.09164,25.57968],[-112.09174,25.57967],[-112.09185,25.5796],[-112.09199,25.57942],[-112.09203,25.57934],[-112.09209,25.57923],[-112.0923,25.57858],[-112.09231,25.57852],[-112.09222,25.57828],[-112.09217,25.57817],[-112.09212,25.57805],[-112.09172,25.57741],[-112.0916,25.57724],[-112.09158,25.57719],[-112.09155,25.5771],[-112.09154,25.57699],[-112.09154,25.57676],[-112.09157,25.57608],[-112.09157,25.57601],[-112.09156,25.57593],[-112.09154,25.57578],[-112.09148,25.57551],[-112.09145,25.57542],[-112.09145,25.57534],[-112.09144,25.57514],[-112.09147,25.57484],[-112.09149,25.57463],[-112.0915,25.57456],[-112.09155,25.57448],[-112.09177,25.57431],[-112.09163,25.57414],[-112.0915,25.57355],[-112.09151,25.57298],[-112.09153,25.57246],[-112.09157,25.5716],[-112.09163,25.57073],[-112.09173,25.56987],[-112.09173,25.56856],[-112.09172,25.56763],[-112.09171,25.56691],[-112.09172,25.56661],[-112.09172,25.56655],[-112.09175,25.56633],[-112.0918,25.56614],[-112.09202,25.56516],[-112.09201,25.56472],[-112.09201,25.56465],[-112.09203,25.56437],[-112.09208,25.5641],[-112.09215,25.56389],[-112.09228,25.56353],[-112.09232,25.56336],[-112.09229,25.56295],[-112.09225,25.56271],[-112.09226,25.56242],[-112.0923,25.56204],[-112.09237,25.56168],[-112.09242,25.56145],[-112.0925,25.56113],[-112.09257,25.5607],[-112.09257,25.56065],[-112.09256,25.56041],[-112.09263,25.55978],[-112.09276,25.55921],[-112.09281,25.55868],[-112.09282,25.55849],[-112.09288,25.55831],[-112.0929,25.55822],[-112.093,25.55815],[-112.09309,25.5581],[-112.09317,25.55809],[-112.09321,25.55804],[-112.09327,25.55796],[-112.09332,25.55787],[-112.09339,25.55774],[-112.09342,25.55749],[-112.09342,25.5574],[-112.09342,25.55731],[-112.09341,25.55721],[-112.09335,25.55658],[-112.0932,25.55596],[-112.09306,25.55531],[-112.09293,25.55427],[-112.09293,25.55419],[-112.09297,25.5541],[-112.09303,25.55407],[-112.09312,25.55404],[-112.09319,25.554],[-112.09336,25.55377],[-112.09342,25.55364],[-112.09342,25.5536],[-112.09339,25.55358],[-112.09324,25.55355],[-112.09315,25.55354],[-112.09306,25.55351],[-112.09302,25.55347],[-112.09287,25.55331],[-112.09285,25.55327],[-112.0927,25.55251],[-112.09292,25.55211],[-112.09297,25.55211],[-112.09297,25.55205],[-112.09295,25.55198],[-112.09278,25.55157],[-112.09266,25.55136],[-112.09264,25.55129],[-112.09262,25.55112],[-112.0926,25.55087],[-112.0927,25.55045],[-112.09278,25.55012],[-112.09282,25.54898],[-112.09294,25.54828],[-112.09301,25.5478],[-112.0931,25.54715],[-112.09314,25.54655],[-112.09318,25.54633],[-112.09323,25.54611],[-112.09342,25.54562],[-112.09353,25.54535],[-112.09359,25.54517],[-112.09371,25.54475],[-112.09387,25.54427],[-112.09389,25.54421],[-112.09403,25.54392],[-112.09421,25.54368],[-112.09436,25.54342],[-112.09441,25.54332],[-112.09444,25.5432],[-112.09442,25.54306],[-112.09431,25.54269],[-112.0942,25.54242],[-112.09411,25.54231],[-112.09398,25.54222],[-112.09397,25.5419],[-112.09397,25.54132],[-112.09402,25.54094],[-112.09407,25.54053],[-112.09417,25.54011],[-112.09421,25.53954],[-112.0946,25.53917],[-112.09473,25.53897],[-112.09464,25.53874],[-112.09461,25.53851],[-112.09459,25.53822],[-112.09459,25.53812],[-112.09466,25.53755],[-112.09475,25.53682],[-112.09477,25.53667],[-112.09481,25.5364],[-112.095,25.5358],[-112.09517,25.53551],[-112.09534,25.53509],[-112.09539,25.53468],[-112.09545,25.53443],[-112.09552,25.53413],[-112.09557,25.53404],[-112.09574,25.5338],[-112.09582,25.53371],[-112.09626,25.53284],[-112.09634,25.53266],[-112.09644,25.53222],[-112.09656,25.53164],[-112.09659,25.53148],[-112.09664,25.53117],[-112.09667,25.53096],[-112.09668,25.53069],[-112.09665,25.53045],[-112.09664,25.53024],[-112.09664,25.52998],[-112.09666,25.52951],[-112.09667,25.52912],[-112.09666,25.52851],[-112.09665,25.52816],[-112.09661,25.52779],[-112.09649,25.5269],[-112.09637,25.52575],[-112.09637,25.52526],[-112.0964,25.52469],[-112.0964,25.52449],[-112.09639,25.52413],[-112.09637,25.52395],[-112.09631,25.5237],[-112.09622,25.52337],[-112.09613,25.52312],[-112.09607,25.52296],[-112.09603,25.5229],[-112.09594,25.52276],[-112.09593,25.52275],[-112.0959,25.52264],[-112.0959,25.5226],[-112.09589,25.52237],[-112.09589,25.52207],[-112.09588,25.5217],[-112.09582,25.52119],[-112.09569,25.52075],[-112.09555,25.52043],[-112.0955,25.51992],[-112.09548,25.51933],[-112.09546,25.51896],[-112.09545,25.51855],[-112.09548,25.51797],[-112.09554,25.51688],[-112.09563,25.51617],[-112.09567,25.5159],[-112.09569,25.5157],[-112.09561,25.51514],[-112.09555,25.51483],[-112.09548,25.5145],[-112.09547,25.51439],[-112.09549,25.51429],[-112.09552,25.51419],[-112.09555,25.51413],[-112.09563,25.51408],[-112.09568,25.5141],[-112.09571,25.51412],[-112.0959,25.51412],[-112.0962,25.51402],[-112.09627,25.51397],[-112.09631,25.5139],[-112.0963,25.51382],[-112.09625,25.51382],[-112.0962,25.51387],[-112.09611,25.5139],[-112.09594,25.51393],[-112.09584,25.51393],[-112.09573,25.51381],[-112.09566,25.51371],[-112.0956,25.51359],[-112.09557,25.51344],[-112.09557,25.51315],[-112.0956,25.51291],[-112.09563,25.51281],[-112.0957,25.51274],[-112.09575,25.51275],[-112.09583,25.51279],[-112.09589,25.51265],[-112.09587,25.51257],[-112.09584,25.51253],[-112.09582,25.51247],[-112.09578,25.51225],[-112.09579,25.51194],[-112.09584,25.51167],[-112.09589,25.51144],[-112.09611,25.51042],[-112.09626,25.51013],[-112.09654,25.50998],[-112.09703,25.50961],[-112.09729,25.50941],[-112.09762,25.5089],[-112.09774,25.50869],[-112.09784,25.5084],[-112.09784,25.5081],[-112.09777,25.50731],[-112.09764,25.50712],[-112.09755,25.50695],[-112.09743,25.50673],[-112.09746,25.50652],[-112.09736,25.50605],[-112.09724,25.50578],[-112.09682,25.5054],[-112.09641,25.50496],[-112.09611,25.5046],[-112.09596,25.50457],[-112.09582,25.50457],[-112.0957,25.50459],[-112.09539,25.5047],[-112.09534,25.50486],[-112.09541,25.50509],[-112.09548,25.50523],[-112.09558,25.50544],[-112.09559,25.50563],[-112.0955,25.5058],[-112.09535,25.50591],[-112.09522,25.50599],[-112.095,25.50652],[-112.09498,25.50674],[-112.09436,25.50739],[-112.09422,25.50755],[-112.09387,25.5079],[-112.09375,25.50795],[-112.09366,25.50755],[-112.0936,25.50706],[-112.09354,25.50654],[-112.09351,25.50599],[-112.09332,25.50508],[-112.09329,25.50446],[-112.09363,25.50402],[-112.0939,25.50397],[-112.09404,25.50392],[-112.09421,25.50381],[-112.09428,25.50367],[-112.09431,25.50357],[-112.09431,25.50344],[-112.0942,25.50326],[-112.09402,25.50303],[-112.09387,25.5029],[-112.09381,25.50282],[-112.09378,25.50262],[-112.09379,25.50251],[-112.09412,25.50223],[-112.09484,25.50169],[-112.095,25.50152],[-112.09513,25.50146],[-112.09523,25.50147],[-112.09524,25.50153],[-112.09518,25.50166],[-112.09501,25.50185],[-112.09486,25.50201],[-112.09522,25.50214],[-112.09536,25.50214],[-112.09565,25.50209],[-112.09596,25.50206],[-112.09633,25.50206],[-112.09651,25.50209],[-112.09668,25.50215],[-112.0969,25.50223],[-112.09713,25.50232],[-112.09711,25.50214],[-112.09695,25.50195],[-112.09685,25.50176],[-112.09685,25.50156],[-112.09697,25.50147],[-112.09708,25.50138],[-112.09707,25.5012],[-112.0968,25.50101],[-112.09634,25.50084],[-112.09598,25.50085],[-112.09575,25.50091],[-112.09541,25.50093],[-112.09511,25.50085],[-112.0949,25.50081],[-112.09465,25.50081],[-112.09438,25.5009],[-112.09426,25.50101],[-112.09415,25.50112],[-112.09406,25.50125],[-112.09379,25.50143],[-112.09364,25.5015],[-112.09347,25.50153],[-112.09328,25.50162],[-112.09326,25.50184],[-112.09339,25.502],[-112.09343,25.50215],[-112.09343,25.50234],[-112.09341,25.50258],[-112.09339,25.50276],[-112.09341,25.50296],[-112.09347,25.50308],[-112.09372,25.50325],[-112.09394,25.50329],[-112.09395,25.50346],[-112.09395,25.50356],[-112.09364,25.50365],[-112.09339,25.50358],[-112.09329,25.50347],[-112.09315,25.50319],[-112.09312,25.5029],[-112.09307,25.50176],[-112.09307,25.50156],[-112.09313,25.50119],[-112.09313,25.5009],[-112.09306,25.50063],[-112.09303,25.50045],[-112.09303,25.50014],[-112.09309,25.4991],[-112.09316,25.49871],[-112.09327,25.49776],[-112.09331,25.49756],[-112.09346,25.49693],[-112.09353,25.49665],[-112.09382,25.49568],[-112.09388,25.4955],[-112.09407,25.49536],[-112.09439,25.49526],[-112.09463,25.49526],[-112.09486,25.49526],[-112.09513,25.49522],[-112.09533,25.49517],[-112.0955,25.49508],[-112.09572,25.49489],[-112.09572,25.49479],[-112.0957,25.49467],[-112.09561,25.49456],[-112.09558,25.49458],[-112.0954,25.49485],[-112.09523,25.49507],[-112.09501,25.49511],[-112.09484,25.49505],[-112.09484,25.49489],[-112.09485,25.49475],[-112.09495,25.49463],[-112.09519,25.49443],[-112.09553,25.49391],[-112.09565,25.4937],[-112.09578,25.49361],[-112.09598,25.49357],[-112.09647,25.49381],[-112.0966,25.49392],[-112.0971,25.49447],[-112.09726,25.4947],[-112.09735,25.49494],[-112.09777,25.49541],[-112.09821,25.49582],[-112.09824,25.49586],[-112.09854,25.49606],[-112.0988,25.49625],[-112.09893,25.49644],[-112.09908,25.4967],[-112.09918,25.49693],[-112.09931,25.49725],[-112.09939,25.49745],[-112.09949,25.49805],[-112.09953,25.49842],[-112.09953,25.49864],[-112.09951,25.49901],[-112.09948,25.49913],[-112.09945,25.49944],[-112.09953,25.49976],[-112.09964,25.50009],[-112.09974,25.50034],[-112.09993,25.50071],[-112.10006,25.50112],[-112.10017,25.50154],[-112.10024,25.50193],[-112.10023,25.50222],[-112.10024,25.50252],[-112.10046,25.504],[-112.10056,25.5043],[-112.10071,25.50457],[-112.10081,25.50471],[-112.10098,25.50496],[-112.10118,25.5053],[-112.10154,25.50597],[-112.10178,25.50646],[-112.10193,25.5071],[-112.10199,25.50745],[-112.10204,25.5078],[-112.10213,25.50827],[-112.10231,25.50906],[-112.10249,25.50992],[-112.1026,25.51072],[-112.10255,25.5111],[-112.10251,25.51147],[-112.10251,25.51197],[-112.10253,25.51274],[-112.10285,25.51383],[-112.10286,25.51453],[-112.10287,25.51633],[-112.1025,25.52009],[-112.10253,25.52091],[-112.1024,25.52184],[-112.10247,25.52239],[-112.1025,25.52267],[-112.10241,25.52308],[-112.10229,25.52399],[-112.10225,25.52442],[-112.10216,25.52516],[-112.10202,25.52584],[-112.10195,25.52611],[-112.10184,25.52646],[-112.1017,25.52735],[-112.10166,25.52762],[-112.10172,25.52798],[-112.10179,25.52858],[-112.10179,25.52899],[-112.10175,25.52968],[-112.10172,25.52994],[-112.10163,25.53065],[-112.1016,25.53131],[-112.10153,25.53195],[-112.10145,25.5322],[-112.10128,25.53288],[-112.10134,25.53345],[-112.1014,25.53405],[-112.10137,25.53432],[-112.10133,25.53458],[-112.10126,25.53477],[-112.10122,25.53518],[-112.10106,25.5374],[-112.101,25.53771],[-112.10096,25.53814],[-112.10096,25.53855],[-112.10089,25.53943],[-112.10076,25.54028],[-112.10061,25.54128],[-112.10055,25.54173],[-112.10058,25.54196],[-112.10059,25.54229],[-112.1004,25.54352],[-112.10033,25.54489],[-112.10032,25.54521],[-112.10031,25.54559],[-112.10024,25.54678],[-112.1002,25.54736],[-112.10012,25.54855],[-112.10002,25.54884],[-112.09994,25.54915],[-112.0999,25.54947],[-112.09984,25.5505],[-112.09988,25.55084],[-112.09986,25.55125],[-112.09982,25.55175],[-112.09976,25.55279],[-112.09974,25.55344],[-112.0997,25.55425],[-112.09963,25.55484],[-112.09961,25.55525],[-112.09961,25.55561],[-112.09955,25.556],[-112.0994,25.55687],[-112.09923,25.55813],[-112.09913,25.55909],[-112.09913,25.55935],[-112.09906,25.56009],[-112.099,25.56052],[-112.09899,25.5609],[-112.09899,25.5613],[-112.09899,25.5617],[-112.0989,25.56308],[-112.09882,25.56343],[-112.09878,25.56396],[-112.09876,25.56433],[-112.09878,25.56465],[-112.09884,25.56514],[-112.0988,25.56611],[-112.0988,25.5665],[-112.0988,25.56692],[-112.09874,25.56732],[-112.09866,25.56779],[-112.09861,25.56823],[-112.09855,25.56942],[-112.09855,25.5698],[-112.09849,25.57023],[-112.09835,25.57062],[-112.09831,25.57092],[-112.09834,25.57144],[-112.09825,25.57214],[-112.09835,25.57277],[-112.09823,25.57355],[-112.09833,25.57421],[-112.09834,25.57423],[-112.09833,25.57432],[-112.0983,25.5751],[-112.09824,25.57656],[-112.0981,25.5798],[-112.09798,25.58148],[-112.098,25.58187],[-112.09802,25.58225],[-112.09804,25.58255],[-112.0981,25.58318],[-112.09813,25.58348],[-112.09813,25.58382],[-112.0981,25.58435],[-112.09807,25.58479],[-112.09811,25.58507],[-112.09809,25.58538],[-112.09796,25.5858],[-112.09798,25.58632],[-112.09795,25.58698],[-112.09792,25.58731],[-112.09791,25.58748],[-112.09784,25.58796],[-112.09775,25.58874],[-112.09782,25.58992],[-112.09786,25.59042],[-112.09786,25.59078],[-112.09786,25.59119],[-112.09761,25.59224],[-112.09761,25.59253],[-112.09764,25.59293],[-112.09773,25.5938],[-112.09778,25.59483],[-112.0978,25.59529],[-112.09775,25.59576],[-112.09773,25.59622],[-112.09774,25.59747],[-112.09775,25.59772],[-112.09777,25.5981],[-112.09785,25.59849],[-112.09784,25.5988],[-112.09782,25.59914],[-112.09777,25.59947],[-112.09772,25.59976],[-112.09768,25.59999],[-112.09765,25.60071],[-112.09765,25.6011],[-112.09767,25.60138],[-112.09762,25.60252],[-112.09761,25.60282],[-112.09762,25.60304],[-112.09766,25.60331],[-112.09768,25.60373],[-112.09766,25.60415],[-112.09771,25.60482],[-112.09774,25.60516],[-112.09774,25.60549],[-112.09769,25.60579],[-112.09759,25.60631],[-112.09755,25.60692],[-112.0976,25.60779],[-112.09763,25.60879],[-112.09766,25.60905],[-112.0977,25.60941],[-112.09773,25.60969],[-112.09772,25.61004],[-112.09769,25.6104],[-112.09764,25.61084],[-112.09762,25.61104],[-112.09762,25.61146],[-112.09762,25.61203],[-112.09762,25.61232],[-112.09763,25.61267],[-112.09764,25.61376],[-112.09765,25.61491],[-112.09763,25.61564],[-112.09762,25.61595],[-112.09765,25.61698],[-112.0979,25.61817],[-112.09793,25.61844],[-112.0979,25.61984],[-112.09787,25.62016],[-112.09779,25.62069],[-112.09777,25.62108],[-112.09775,25.62185],[-112.09764,25.62294],[-112.09769,25.62375],[-112.09773,25.62465],[-112.09774,25.62532],[-112.09781,25.62597],[-112.09779,25.62641],[-112.09792,25.62694],[-112.09791,25.62768],[-112.09788,25.62857],[-112.0979,25.62956],[-112.09793,25.63007],[-112.09797,25.63033],[-112.09797,25.63058],[-112.09795,25.63085],[-112.09786,25.63192],[-112.09786,25.63214],[-112.09782,25.63297],[-112.09776,25.63366],[-112.09784,25.63423],[-112.09792,25.63459],[-112.09793,25.63528],[-112.09793,25.63555],[-112.09793,25.63584],[-112.09788,25.63683],[-112.09773,25.63771],[-112.09768,25.63848],[-112.09768,25.63881],[-112.09768,25.63923],[-112.09777,25.63964],[-112.09785,25.64011],[-112.09789,25.64048],[-112.09792,25.64137],[-112.0979,25.64225],[-112.09787,25.64294],[-112.09787,25.64332],[-112.0979,25.64418],[-112.09792,25.64468],[-112.09794,25.64497],[-112.09799,25.64534],[-112.09801,25.64574],[-112.09801,25.64607],[-112.09797,25.6467],[-112.09788,25.64699],[-112.09783,25.64719],[-112.09797,25.64758],[-112.09795,25.64811],[-112.09796,25.64845],[-112.098,25.64894],[-112.09799,25.64949],[-112.09792,25.65008],[-112.09781,25.65044],[-112.09778,25.65089],[-112.09778,25.65132],[-112.09778,25.65169],[-112.09782,25.65245],[-112.09786,25.65268],[-112.09791,25.65306],[-112.09792,25.65347],[-112.09785,25.6538],[-112.09777,25.65426],[-112.09771,25.65458],[-112.09773,25.65507],[-112.09776,25.65585],[-112.09777,25.65645],[-112.09775,25.65683],[-112.09776,25.65863],[-112.09777,25.6593],[-112.0978,25.65967],[-112.09788,25.66004],[-112.09792,25.66034],[-112.09795,25.66121],[-112.09795,25.66241],[-112.09787,25.66311],[-112.09787,25.66357],[-112.09792,25.66449],[-112.09804,25.66547],[-112.09802,25.66569],[-112.09796,25.66598],[-112.09793,25.66634],[-112.09798,25.66671],[-112.09797,25.66751],[-112.0979,25.66803],[-112.09782,25.66837],[-112.0978,25.66868],[-112.09776,25.66912],[-112.09782,25.67019],[-112.09794,25.6712],[-112.09803,25.67188],[-112.0981,25.67217],[-112.09807,25.67344],[-112.09798,25.67469],[-112.0979,25.67558],[-112.09791,25.67637],[-112.09793,25.67687],[-112.09792,25.67781],[-112.09798,25.67864],[-112.09803,25.67933],[-112.09813,25.68047],[-112.09807,25.68073],[-112.09802,25.68114],[-112.09797,25.68193],[-112.09796,25.68246],[-112.09787,25.68297],[-112.09772,25.6832],[-112.09746,25.68352],[-112.09727,25.68368],[-112.09727,25.68368],[-112.09696,25.68381],[-112.09676,25.68387],[-112.0963,25.68393],[-112.09582,25.68412],[-112.09546,25.68441],[-112.09499,25.68499],[-112.09492,25.68507],[-112.09441,25.68579],[-112.09389,25.68608],[-112.09334,25.68626],[-112.09232,25.68652],[-112.09204,25.68654],[-112.09186,25.68654],[-112.09179,25.68645],[-112.0917,25.68624],[-112.09161,25.68599],[-112.09159,25.68587],[-112.0916,25.68571],[-112.09175,25.68561],[-112.09202,25.68555],[-112.09263,25.68522],[-112.09283,25.68506],[-112.0929,25.68495],[-112.09293,25.68488],[-112.09294,25.68474],[-112.09299,25.68463]]],[[[-111.22674,25.7449],[-111.22673,25.7448],[-111.22667,25.74481],[-111.22655,25.74479],[-111.22637,25.7448],[-111.22628,25.74471],[-111.22605,25.74455],[-111.22601,25.74442],[-111.22625,25.74443],[-111.22631,25.74418],[-111.22633,25.74394],[-111.2264,25.74392],[-111.22634,25.74381],[-111.22622,25.74368],[-111.22613,25.74345],[-111.22619,25.74338],[-111.22627,25.74346],[-111.22648,25.74343],[-111.22652,25.74336],[-111.22683,25.74332],[-111.22703,25.74335],[-111.22699,25.7433],[-111.2271,25.74322],[-111.22723,25.74327],[-111.22733,25.74336],[-111.22745,25.74339],[-111.22753,25.74356],[-111.22759,25.74372],[-111.22783,25.74387],[-111.22793,25.74399],[-111.22799,25.74412],[-111.22801,25.74425],[-111.22809,25.74432],[-111.22818,25.7444],[-111.22809,25.74453],[-111.22795,25.74463],[-111.22784,25.74465],[-111.22773,25.74469],[-111.22758,25.74473],[-111.22736,25.74487],[-111.22719,25.74486],[-111.2271,25.7449],[-111.22693,25.74497],[-111.22674,25.7449]]],[[[-111.27485,25.75794],[-111.27462,25.7579],[-111.27439,25.75792],[-111.27426,25.75795],[-111.27415,25.75794],[-111.27405,25.75789],[-111.274,25.75783],[-111.27396,25.75761],[-111.27396,25.7574],[-111.27396,25.75711],[-111.27405,25.75692],[-111.2742,25.75678],[-111.27439,25.75663],[-111.27476,25.75641],[-111.27521,25.75608],[-111.27526,25.75586],[-111.27531,25.75563],[-111.27543,25.75545],[-111.27557,25.75539],[-111.27585,25.75534],[-111.276,25.75544],[-111.27604,25.75552],[-111.276,25.75564],[-111.27597,25.7557],[-111.27566,25.75607],[-111.27552,25.75621],[-111.27536,25.75646],[-111.27531,25.75666],[-111.27531,25.75695],[-111.27531,25.75729],[-111.27538,25.75754],[-111.27544,25.75775],[-111.27538,25.75789],[-111.27533,25.75793],[-111.27499,25.75798],[-111.27485,25.75794]]],[[[-111.28042,25.76763],[-111.28044,25.76759],[-111.28046,25.76757],[-111.28048,25.76755],[-111.28053,25.76752],[-111.28059,25.76752],[-111.28061,25.76755],[-111.28064,25.7676],[-111.2807,25.7676],[-111.28077,25.76758],[-111.28083,25.76754],[-111.2809,25.76749],[-111.28095,25.76747],[-111.28104,25.76741],[-111.28115,25.76737],[-111.2812,25.76736],[-111.28124,25.76735],[-111.28132,25.76734],[-111.28133,25.76727],[-111.28137,25.7672],[-111.28142,25.76719],[-111.28144,25.7672],[-111.28144,25.76727],[-111.28145,25.76734],[-111.28145,25.76746],[-111.28145,25.76752],[-111.28145,25.76759],[-111.28147,25.76764],[-111.28153,25.76768],[-111.28157,25.76771],[-111.28161,25.76776],[-111.28169,25.76779],[-111.28169,25.7678],[-111.28169,25.76786],[-111.28168,25.7679],[-111.28168,25.76795],[-111.28167,25.768],[-111.28167,25.76806],[-111.28165,25.76813],[-111.28162,25.76815],[-111.28157,25.76821],[-111.28153,25.76827],[-111.2815,25.76832],[-111.28147,25.76835],[-111.2814,25.76837],[-111.28134,25.76839],[-111.28126,25.76841],[-111.28122,25.76842],[-111.28115,25.76837],[-111.28113,25.76832],[-111.28098,25.76823],[-111.28091,25.76815],[-111.28081,25.7681],[-111.28071,25.76807],[-111.28066,25.76801],[-111.28062,25.76799],[-111.28061,25.76794],[-111.28057,25.76792],[-111.28054,25.76791],[-111.28048,25.76791],[-111.28042,25.7679],[-111.28042,25.76789],[-111.28042,25.76787],[-111.28039,25.76782],[-111.28038,25.76777],[-111.28039,25.76771],[-111.28042,25.76767],[-111.28042,25.76763]]],[[[-111.2601,25.81169],[-111.26005,25.81167],[-111.25999,25.81168],[-111.25994,25.81171],[-111.25991,25.81174],[-111.25985,25.81178],[-111.2598,25.81181],[-111.25974,25.81177],[-111.25972,25.81173],[-111.25974,25.81168],[-111.25977,25.81164],[-111.25981,25.8116],[-111.25981,25.81156],[-111.25972,25.81156],[-111.25964,25.81156],[-111.25958,25.81157],[-111.25956,25.81159],[-111.25949,25.81162],[-111.25942,25.81162],[-111.25935,25.8116],[-111.25927,25.81154],[-111.25923,25.81143],[-111.25921,25.81133],[-111.25917,25.81126],[-111.25912,25.81123],[-111.25904,25.81118],[-111.25894,25.81109],[-111.25884,25.81104],[-111.25872,25.811],[-111.2586,25.81099],[-111.25842,25.81101],[-111.25836,25.81104],[-111.25829,25.81107],[-111.25819,25.81112],[-111.25812,25.81114],[-111.25803,25.81116],[-111.258,25.81112],[-111.258,25.81103],[-111.25801,25.8109],[-111.258,25.81082],[-111.25798,25.81077],[-111.25794,25.81074],[-111.25791,25.81068],[-111.25789,25.81062],[-111.25787,25.81057],[-111.25782,25.81057],[-111.25777,25.81059],[-111.25776,25.81061],[-111.25775,25.81071],[-111.25773,25.81077],[-111.25771,25.81081],[-111.25769,25.81081],[-111.25759,25.81083],[-111.25751,25.81085],[-111.25747,25.81088],[-111.25738,25.81091],[-111.2573,25.81094],[-111.25726,25.81097],[-111.25721,25.811],[-111.25713,25.81099],[-111.25707,25.81095],[-111.25702,25.81093],[-111.25695,25.81093],[-111.2569,25.81096],[-111.25689,25.81098],[-111.25686,25.81107],[-111.25682,25.81121],[-111.25683,25.81129],[-111.25687,25.81136],[-111.25692,25.81144],[-111.25697,25.81149],[-111.25704,25.81157],[-111.25707,25.81163],[-111.25705,25.81169],[-111.25699,25.81173],[-111.25695,25.81172],[-111.25692,25.81169],[-111.25689,25.81165],[-111.25681,25.81158],[-111.25678,25.81153],[-111.25672,25.81148],[-111.25664,25.81145],[-111.25655,25.81145],[-111.2565,25.81145],[-111.25641,25.81147],[-111.25631,25.8115],[-111.25613,25.81151],[-111.25598,25.81152],[-111.25579,25.81154],[-111.25572,25.81159],[-111.25564,25.81164],[-111.25553,25.81164],[-111.25548,25.81157],[-111.25546,25.81148],[-111.25546,25.81141],[-111.25545,25.81132],[-111.25539,25.81124],[-111.25533,25.81124],[-111.25527,25.81128],[-111.25523,25.81135],[-111.2552,25.81146],[-111.25523,25.81151],[-111.25526,25.81159],[-111.25524,25.81168],[-111.25523,25.81177],[-111.25522,25.81186],[-111.2552,25.81199],[-111.25515,25.81201],[-111.2551,25.81198],[-111.25485,25.81168],[-111.25483,25.81157],[-111.25482,25.81145],[-111.25478,25.81136],[-111.25468,25.81128],[-111.25456,25.81122],[-111.25447,25.81112],[-111.25442,25.81104],[-111.25438,25.81095],[-111.25427,25.81084],[-111.25422,25.81078],[-111.25415,25.81073],[-111.2541,25.81065],[-111.25415,25.81063],[-111.25421,25.81063],[-111.25431,25.81066],[-111.25437,25.81067],[-111.25449,25.81067],[-111.25455,25.81062],[-111.25458,25.81055],[-111.25463,25.81043],[-111.25465,25.81028],[-111.2546,25.81007],[-111.25455,25.80995],[-111.25449,25.80986],[-111.25429,25.80961],[-111.25414,25.80945],[-111.25405,25.80934],[-111.25398,25.80925],[-111.25394,25.80916],[-111.25391,25.80908],[-111.25391,25.80897],[-111.2539,25.80881],[-111.25384,25.80871],[-111.2538,25.80863],[-111.25374,25.80851],[-111.25368,25.80839],[-111.25359,25.80832],[-111.25352,25.80825],[-111.25349,25.80813],[-111.25352,25.80803],[-111.25359,25.80792],[-111.25378,25.80784],[-111.25387,25.80772],[-111.25392,25.80761],[-111.25393,25.80747],[-111.25394,25.80725],[-111.25394,25.80712],[-111.25396,25.80704],[-111.25407,25.80679],[-111.25415,25.80666],[-111.25418,25.80656],[-111.25419,25.80643],[-111.25417,25.80629],[-111.25414,25.80617],[-111.25406,25.80605],[-111.25402,25.80596],[-111.254,25.8058],[-111.25398,25.80567],[-111.25398,25.80551],[-111.25399,25.80541],[-111.25399,25.80535],[-111.25396,25.8053],[-111.25393,25.80524],[-111.25391,25.8051],[-111.2539,25.80473],[-111.25388,25.80444],[-111.25386,25.8043],[-111.25377,25.80415],[-111.25362,25.80382],[-111.25346,25.8036],[-111.25336,25.8034],[-111.25328,25.80325],[-111.25322,25.80313],[-111.25311,25.80289],[-111.25302,25.80275],[-111.25293,25.8026],[-111.25288,25.80252],[-111.25278,25.8024],[-111.25266,25.80229],[-111.25254,25.80225],[-111.25247,25.80217],[-111.25243,25.80213],[-111.25242,25.80205],[-111.25239,25.80193],[-111.25231,25.80183],[-111.25225,25.80176],[-111.25211,25.80158],[-111.25199,25.80138],[-111.25186,25.80124],[-111.25177,25.80113],[-111.25168,25.80105],[-111.25164,25.801],[-111.25163,25.80093],[-111.25163,25.80088],[-111.2517,25.80065],[-111.2517,25.80055],[-111.2517,25.80042],[-111.25168,25.80033],[-111.25164,25.80021],[-111.25144,25.80004],[-111.25134,25.79993],[-111.25125,25.79982],[-111.25118,25.7997],[-111.25112,25.79956],[-111.2511,25.79949],[-111.25102,25.7994],[-111.25092,25.79931],[-111.25075,25.79925],[-111.25049,25.79913],[-111.25039,25.79904],[-111.2503,25.79892],[-111.25029,25.79887],[-111.25031,25.79881],[-111.25034,25.79879],[-111.25039,25.79876],[-111.25043,25.79873],[-111.2505,25.79866],[-111.2505,25.79859],[-111.25052,25.7985],[-111.25052,25.79839],[-111.25051,25.79821],[-111.25049,25.79805],[-111.25046,25.79793],[-111.2504,25.79789],[-111.25033,25.79788],[-111.25029,25.79791],[-111.25026,25.79798],[-111.25025,25.79805],[-111.25026,25.79813],[-111.25027,25.79823],[-111.25025,25.79827],[-111.25017,25.79831],[-111.25015,25.79834],[-111.25016,25.79837],[-111.25018,25.79842],[-111.25023,25.79846],[-111.25028,25.79853],[-111.25027,25.79858],[-111.25024,25.79865],[-111.2502,25.7987],[-111.25013,25.79871],[-111.25009,25.79867],[-111.25006,25.79858],[-111.25001,25.79846],[-111.24994,25.79844],[-111.2499,25.79846],[-111.24988,25.79849],[-111.24984,25.79852],[-111.24979,25.7985],[-111.24972,25.79843],[-111.24964,25.79841],[-111.24962,25.79843],[-111.24957,25.79848],[-111.24952,25.7985],[-111.24945,25.79849],[-111.24943,25.79843],[-111.24945,25.79837],[-111.24948,25.79834],[-111.24953,25.79831],[-111.24958,25.79827],[-111.24966,25.79819],[-111.24968,25.79813],[-111.24967,25.79808],[-111.24959,25.79804],[-111.24951,25.79802],[-111.24946,25.798],[-111.24941,25.79794],[-111.2494,25.7979],[-111.24937,25.79783],[-111.24931,25.79779],[-111.24927,25.7978],[-111.24922,25.79783],[-111.24919,25.79787],[-111.24919,25.79791],[-111.2492,25.79799],[-111.24922,25.79806],[-111.24925,25.7981],[-111.2493,25.79816],[-111.24933,25.7982],[-111.24931,25.79825],[-111.24926,25.79828],[-111.2492,25.79829],[-111.24914,25.79836],[-111.24915,25.79844],[-111.24916,25.79849],[-111.24915,25.79853],[-111.24914,25.79854],[-111.24901,25.79852],[-111.24892,25.79846],[-111.24883,25.7984],[-111.24874,25.7984],[-111.24873,25.79845],[-111.24874,25.7985],[-111.24877,25.79859],[-111.24878,25.79866],[-111.24875,25.79872],[-111.24871,25.79874],[-111.24868,25.79871],[-111.24866,25.79866],[-111.24864,25.79857],[-111.24856,25.79848],[-111.2484,25.79847],[-111.24836,25.79853],[-111.24839,25.79859],[-111.24843,25.79867],[-111.24844,25.79873],[-111.24839,25.79879],[-111.24833,25.79881],[-111.24827,25.79878],[-111.24822,25.79871],[-111.24804,25.79853],[-111.24793,25.79843],[-111.2479,25.79832],[-111.24784,25.79829],[-111.24781,25.79829],[-111.24778,25.79832],[-111.24772,25.79841],[-111.24768,25.79849],[-111.24763,25.79853],[-111.2476,25.79854],[-111.24756,25.79852],[-111.24749,25.7985],[-111.24746,25.79851],[-111.24745,25.79854],[-111.24744,25.79857],[-111.24745,25.7986],[-111.24747,25.79864],[-111.24747,25.79885],[-111.24745,25.79892],[-111.24744,25.79895],[-111.24741,25.79898],[-111.24737,25.79897],[-111.24727,25.7988],[-111.24725,25.7987],[-111.24723,25.79862],[-111.2472,25.79857],[-111.24718,25.79852],[-111.24719,25.7984],[-111.24732,25.79828],[-111.24743,25.79823],[-111.2475,25.79822],[-111.24762,25.79822],[-111.24779,25.79819],[-111.2479,25.79813],[-111.24798,25.79804],[-111.248,25.79793],[-111.24801,25.7977],[-111.24796,25.79741],[-111.24791,25.79714],[-111.24786,25.79698],[-111.24781,25.79688],[-111.24784,25.79682],[-111.24787,25.79679],[-111.24798,25.79675],[-111.24812,25.79666],[-111.24822,25.79655],[-111.24831,25.79638],[-111.24842,25.79604],[-111.24841,25.79575],[-111.24843,25.79566],[-111.24847,25.79563],[-111.24859,25.79563],[-111.2488,25.79561],[-111.24893,25.79557],[-111.24904,25.79546],[-111.24915,25.79533],[-111.24917,25.79519],[-111.24918,25.79508],[-111.24925,25.79489],[-111.24926,25.79467],[-111.2493,25.79453],[-111.24937,25.79445],[-111.24943,25.79441],[-111.24952,25.79437],[-111.2496,25.79435],[-111.24965,25.7943],[-111.24968,25.79424],[-111.24972,25.79417],[-111.2498,25.79412],[-111.24989,25.79409],[-111.24997,25.79403],[-111.25002,25.79395],[-111.2501,25.79371],[-111.2501,25.79354],[-111.25002,25.79332],[-111.24992,25.79318],[-111.24987,25.79287],[-111.24986,25.79277],[-111.24983,25.79269],[-111.24977,25.79267],[-111.24968,25.79269],[-111.24963,25.7927],[-111.2496,25.79275],[-111.24956,25.7928],[-111.24949,25.79282],[-111.24939,25.79282],[-111.24931,25.7928],[-111.24927,25.79277],[-111.24922,25.79271],[-111.24915,25.79268],[-111.2491,25.79269],[-111.24897,25.79277],[-111.24893,25.7928],[-111.24888,25.79284],[-111.24881,25.79285],[-111.24878,25.7928],[-111.24878,25.79274],[-111.24879,25.79265],[-111.24882,25.79249],[-111.2488,25.79235],[-111.24871,25.79211],[-111.24858,25.79186],[-111.24823,25.79149],[-111.24801,25.7913],[-111.24791,25.79124],[-111.24791,25.79121],[-111.24793,25.79117],[-111.24803,25.7911],[-111.24807,25.79101],[-111.24814,25.79086],[-111.24813,25.79069],[-111.2481,25.79052],[-111.24803,25.78988],[-111.24806,25.78954],[-111.24809,25.7892],[-111.24813,25.78907],[-111.24819,25.789],[-111.24827,25.78895],[-111.24832,25.78888],[-111.24837,25.78872],[-111.24837,25.78859],[-111.24832,25.78857],[-111.24826,25.78858],[-111.24817,25.78864],[-111.24815,25.78869],[-111.24813,25.78877],[-111.24809,25.78885],[-111.24805,25.7889],[-111.24799,25.78884],[-111.24799,25.78876],[-111.24798,25.78866],[-111.24794,25.78862],[-111.24788,25.78864],[-111.24781,25.7887],[-111.24775,25.78881],[-111.24771,25.78892],[-111.24771,25.78898],[-111.24773,25.78902],[-111.24773,25.78912],[-111.24766,25.78939],[-111.24761,25.78953],[-111.24761,25.78967],[-111.24761,25.78984],[-111.24768,25.79008],[-111.24771,25.79027],[-111.24772,25.79036],[-111.24769,25.79044],[-111.24767,25.79052],[-111.24768,25.79059],[-111.2477,25.79064],[-111.24773,25.79068],[-111.24775,25.79074],[-111.24773,25.79078],[-111.24767,25.79081],[-111.24758,25.79086],[-111.24749,25.79089],[-111.24736,25.79089],[-111.24726,25.79086],[-111.24721,25.79084],[-111.24719,25.79077],[-111.24719,25.79067],[-111.24719,25.79058],[-111.24716,25.79047],[-111.24712,25.79039],[-111.24706,25.79034],[-111.24697,25.79025],[-111.24692,25.79017],[-111.2469,25.79011],[-111.24685,25.79008],[-111.24681,25.79009],[-111.24679,25.79016],[-111.24676,25.79025],[-111.24678,25.79032],[-111.24677,25.79044],[-111.24674,25.7905],[-111.24672,25.79056],[-111.24665,25.79071],[-111.2466,25.79077],[-111.24656,25.79079],[-111.2465,25.79077],[-111.24644,25.79069],[-111.24639,25.79058],[-111.24627,25.79041],[-111.2462,25.79031],[-111.24609,25.79022],[-111.24599,25.79019],[-111.24587,25.79016],[-111.24581,25.7901],[-111.24581,25.79003],[-111.2459,25.78995],[-111.24597,25.78994],[-111.24604,25.78991],[-111.24611,25.78984],[-111.24615,25.78976],[-111.24617,25.78968],[-111.24617,25.78955],[-111.24615,25.78947],[-111.2461,25.78939],[-111.24608,25.78929],[-111.24603,25.78915],[-111.24595,25.7891],[-111.2459,25.78911],[-111.24585,25.78916],[-111.24583,25.78922],[-111.24577,25.78927],[-111.24568,25.78931],[-111.24566,25.78934],[-111.24563,25.78943],[-111.24563,25.78949],[-111.24566,25.78957],[-111.2457,25.7896],[-111.24573,25.78958],[-111.24578,25.78956],[-111.24582,25.78955],[-111.24587,25.78957],[-111.24588,25.78963],[-111.24586,25.7897],[-111.24585,25.78976],[-111.24579,25.7898],[-111.24573,25.78982],[-111.24565,25.78985],[-111.24562,25.78989],[-111.24559,25.78995],[-111.24557,25.79006],[-111.24558,25.79016],[-111.24546,25.79011],[-111.24539,25.79006],[-111.24522,25.78996],[-111.24512,25.78991],[-111.24514,25.78984],[-111.2452,25.78974],[-111.24523,25.78961],[-111.24521,25.78946],[-111.24521,25.78936],[-111.2452,25.78919],[-111.24519,25.78897],[-111.24519,25.78879],[-111.2452,25.78859],[-111.24516,25.78849],[-111.24511,25.78848],[-111.24505,25.7885],[-111.245,25.7886],[-111.24497,25.78875],[-111.24497,25.78885],[-111.24491,25.789],[-111.24484,25.78911],[-111.24474,25.78921],[-111.24467,25.78931],[-111.24466,25.78939],[-111.24465,25.78956],[-111.24461,25.7897],[-111.24454,25.7899],[-111.24445,25.78997],[-111.2444,25.78992],[-111.24442,25.78982],[-111.24447,25.78973],[-111.24448,25.78963],[-111.24439,25.78961],[-111.24434,25.78963],[-111.24416,25.7897],[-111.24404,25.78965],[-111.24394,25.78961],[-111.24381,25.78954],[-111.24367,25.7895],[-111.24354,25.78943],[-111.24343,25.7893],[-111.24333,25.78912],[-111.24333,25.78886],[-111.2434,25.78863],[-111.24352,25.78852],[-111.2437,25.78834],[-111.24383,25.78811],[-111.24379,25.78787],[-111.24368,25.7878],[-111.24367,25.78771],[-111.24374,25.78756],[-111.24389,25.78728],[-111.24408,25.78712],[-111.24418,25.78707],[-111.24437,25.78701],[-111.24448,25.78688],[-111.24451,25.78676],[-111.24452,25.78659],[-111.24456,25.78635],[-111.24462,25.78623],[-111.24473,25.78612],[-111.2448,25.78608],[-111.24499,25.78607],[-111.24526,25.78609],[-111.24551,25.78603],[-111.24577,25.78596],[-111.24613,25.78581],[-111.24652,25.78538],[-111.24698,25.78454],[-111.24724,25.78403],[-111.24754,25.78335],[-111.24777,25.78265],[-111.24787,25.78206],[-111.24793,25.78195],[-111.24795,25.78175],[-111.24795,25.78142],[-111.24786,25.78112],[-111.24783,25.78094],[-111.24783,25.78075],[-111.2478,25.78047],[-111.24771,25.78026],[-111.24756,25.78014],[-111.24741,25.78003],[-111.24732,25.77993],[-111.24734,25.77989],[-111.24738,25.77984],[-111.24769,25.77974],[-111.24787,25.77962],[-111.24804,25.77939],[-111.24809,25.77912],[-111.24813,25.77888],[-111.24815,25.77874],[-111.24822,25.77836],[-111.24825,25.7781],[-111.24822,25.77793],[-111.24825,25.77782],[-111.24834,25.77774],[-111.24853,25.77766],[-111.24866,25.77751],[-111.24872,25.77739],[-111.24867,25.7773],[-111.24851,25.77729],[-111.24838,25.77733],[-111.24826,25.7774],[-111.24808,25.77748],[-111.248,25.77753],[-111.24791,25.77761],[-111.24788,25.77765],[-111.24782,25.77766],[-111.2478,25.77762],[-111.24778,25.77753],[-111.2478,25.77737],[-111.24782,25.7773],[-111.2478,25.77722],[-111.2477,25.77714],[-111.24752,25.77706],[-111.24741,25.77693],[-111.24739,25.77677],[-111.24748,25.77649],[-111.24748,25.7761],[-111.24739,25.7757],[-111.24714,25.77526],[-111.24672,25.7748],[-111.24636,25.7746],[-111.24604,25.77453],[-111.24544,25.77455],[-111.245,25.77457],[-111.24481,25.77451],[-111.24472,25.77447],[-111.24454,25.77428],[-111.24437,25.77419],[-111.24401,25.77411],[-111.24384,25.77406],[-111.24363,25.7739],[-111.24353,25.77366],[-111.2434,25.77351],[-111.24334,25.77334],[-111.24336,25.77311],[-111.2433,25.77258],[-111.24319,25.77231],[-111.24319,25.77203],[-111.24308,25.77165],[-111.24287,25.77146],[-111.24271,25.77133],[-111.24248,25.77095],[-111.24252,25.77078],[-111.24266,25.77068],[-111.24291,25.77043],[-111.24294,25.76993],[-111.24287,25.76974],[-111.24273,25.76971],[-111.24271,25.76959],[-111.24275,25.7695],[-111.24285,25.76934],[-111.24296,25.76917],[-111.243,25.76895],[-111.24304,25.76866],[-111.24312,25.76843],[-111.24319,25.76834],[-111.24327,25.76826],[-111.24342,25.76817],[-111.2436,25.76786],[-111.24362,25.76766],[-111.24365,25.76739],[-111.24377,25.76695],[-111.24387,25.76625],[-111.2441,25.7657],[-111.24446,25.76519],[-111.24504,25.76477],[-111.24525,25.76469],[-111.24541,25.76469],[-111.24564,25.76472],[-111.24579,25.76479],[-111.2459,25.76485],[-111.24602,25.76499],[-111.24613,25.76516],[-111.24616,25.76531],[-111.24614,25.76541],[-111.24609,25.7655],[-111.24605,25.76559],[-111.24611,25.76563],[-111.2462,25.7656],[-111.24631,25.76559],[-111.24651,25.76564],[-111.24656,25.76572],[-111.24657,25.76581],[-111.24653,25.76601],[-111.24653,25.7661],[-111.24658,25.76618],[-111.24664,25.76625],[-111.24668,25.76631],[-111.24671,25.76637],[-111.24674,25.7665],[-111.24677,25.76665],[-111.24686,25.76685],[-111.24693,25.76693],[-111.24702,25.76706],[-111.24719,25.76723],[-111.24736,25.76738],[-111.24749,25.7676],[-111.24778,25.76788],[-111.24798,25.76798],[-111.2481,25.76806],[-111.24817,25.76815],[-111.24822,25.76832],[-111.24824,25.76836],[-111.24827,25.76846],[-111.24827,25.76865],[-111.2483,25.76902],[-111.24834,25.7691],[-111.24844,25.76925],[-111.24856,25.76938],[-111.24872,25.76961],[-111.24882,25.7697],[-111.249,25.7698],[-111.2491,25.7699],[-111.24915,25.76996],[-111.24925,25.77007],[-111.24939,25.77015],[-111.24955,25.77021],[-111.24965,25.77027],[-111.24969,25.77037],[-111.24966,25.77047],[-111.24948,25.77061],[-111.24934,25.77087],[-111.24929,25.77093],[-111.24917,25.7711],[-111.24914,25.7712],[-111.24915,25.77124],[-111.24918,25.77127],[-111.24927,25.77127],[-111.24936,25.77123],[-111.24946,25.77119],[-111.24956,25.77117],[-111.24968,25.77117],[-111.24975,25.77118],[-111.24979,25.77122],[-111.24989,25.77134],[-111.25005,25.77157],[-111.25038,25.77177],[-111.25066,25.77191],[-111.25083,25.77196],[-111.25094,25.77201],[-111.25098,25.77205],[-111.25097,25.77213],[-111.25096,25.77218],[-111.25094,25.77227],[-111.25096,25.77232],[-111.25099,25.77233],[-111.25101,25.77233],[-111.25106,25.77232],[-111.25117,25.77234],[-111.25133,25.77251],[-111.25137,25.77259],[-111.25139,25.77271],[-111.25147,25.77293],[-111.25156,25.77319],[-111.25167,25.77341],[-111.25181,25.77351],[-111.25194,25.7736],[-111.25202,25.77368],[-111.25211,25.77381],[-111.25223,25.77403],[-111.25231,25.77414],[-111.25234,25.77428],[-111.2524,25.77441],[-111.25249,25.77456],[-111.25258,25.77468],[-111.2527,25.77488],[-111.25292,25.77513],[-111.25315,25.77535],[-111.25334,25.77553],[-111.25347,25.77562],[-111.25364,25.77572],[-111.25382,25.77581],[-111.25398,25.7759],[-111.25413,25.77597],[-111.25422,25.77601],[-111.25428,25.77603],[-111.25436,25.7761],[-111.2544,25.77618],[-111.25443,25.77625],[-111.25446,25.77638],[-111.25447,25.77651],[-111.25453,25.77671],[-111.25464,25.77689],[-111.25478,25.77701],[-111.2549,25.77709],[-111.25499,25.77714],[-111.25504,25.77721],[-111.2551,25.77732],[-111.25516,25.77743],[-111.25521,25.77749],[-111.25532,25.77756],[-111.25561,25.77775],[-111.25594,25.77802],[-111.25625,25.77826],[-111.25665,25.77843],[-111.25694,25.77855],[-111.25711,25.77864],[-111.25729,25.77878],[-111.25743,25.77889],[-111.25745,25.77898],[-111.25744,25.77907],[-111.25743,25.77917],[-111.2574,25.77935],[-111.25729,25.77964],[-111.25726,25.7799],[-111.25729,25.78023],[-111.25731,25.78044],[-111.25739,25.78063],[-111.25749,25.78078],[-111.25767,25.78101],[-111.25771,25.78125],[-111.25784,25.78159],[-111.25801,25.78189],[-111.25829,25.78211],[-111.25859,25.7823],[-111.25891,25.78257],[-111.25913,25.78285],[-111.25926,25.78309],[-111.25928,25.7833],[-111.25925,25.78348],[-111.25913,25.78366],[-111.25906,25.78387],[-111.25901,25.78407],[-111.259,25.7842],[-111.259,25.78435],[-111.25901,25.78444],[-111.25906,25.78452],[-111.25911,25.78459],[-111.25912,25.78467],[-111.25911,25.78475],[-111.25909,25.78481],[-111.25897,25.78489],[-111.25884,25.78496],[-111.25869,25.7851],[-111.25863,25.78522],[-111.2586,25.78535],[-111.25857,25.78549],[-111.2586,25.78566],[-111.25858,25.78589],[-111.25853,25.78612],[-111.25846,25.78644],[-111.25843,25.78685],[-111.25834,25.7871],[-111.25824,25.7873],[-111.258,25.78762],[-111.2579,25.78778],[-111.25785,25.78785],[-111.25782,25.78789],[-111.2578,25.78795],[-111.2578,25.78798],[-111.25782,25.78803],[-111.25784,25.78809],[-111.25788,25.78822],[-111.2579,25.78832],[-111.2579,25.78845],[-111.25787,25.78861],[-111.2578,25.78875],[-111.25773,25.78899],[-111.2577,25.78919],[-111.25771,25.78941],[-111.25774,25.78975],[-111.25785,25.79002],[-111.25796,25.79032],[-111.25808,25.79053],[-111.25826,25.79066],[-111.25833,25.7907],[-111.25843,25.79073],[-111.25854,25.79077],[-111.25861,25.7908],[-111.25866,25.79083],[-111.25867,25.79096],[-111.25867,25.79107],[-111.25869,25.79119],[-111.25874,25.7913],[-111.2588,25.7914],[-111.25889,25.79145],[-111.25898,25.79154],[-111.25907,25.79166],[-111.25916,25.79185],[-111.25916,25.79191],[-111.25914,25.79196],[-111.25906,25.79206],[-111.25901,25.79215],[-111.25893,25.79223],[-111.25888,25.79224],[-111.25886,25.7922],[-111.25888,25.79214],[-111.25893,25.79206],[-111.25899,25.79199],[-111.25902,25.79194],[-111.259,25.7919],[-111.25895,25.79189],[-111.25891,25.79192],[-111.25885,25.79196],[-111.25877,25.79203],[-111.25865,25.79209],[-111.25854,25.79211],[-111.25842,25.79214],[-111.25833,25.79219],[-111.25826,25.79225],[-111.25821,25.7923],[-111.2581,25.7924],[-111.25795,25.7926],[-111.25791,25.79266],[-111.25787,25.79276],[-111.25783,25.79288],[-111.25781,25.79314],[-111.25782,25.79325],[-111.25782,25.79332],[-111.25784,25.79338],[-111.25789,25.79344],[-111.25791,25.79347],[-111.25793,25.79352],[-111.25794,25.79356],[-111.25796,25.79361],[-111.25803,25.79363],[-111.25808,25.79362],[-111.2582,25.79361],[-111.25827,25.79364],[-111.2583,25.79369],[-111.25833,25.79378],[-111.25831,25.79384],[-111.2583,25.79386],[-111.2583,25.79391],[-111.25831,25.79392],[-111.25835,25.7939],[-111.25838,25.79388],[-111.25845,25.79383],[-111.2585,25.79379],[-111.25858,25.79378],[-111.25863,25.7938],[-111.25865,25.79384],[-111.25864,25.79391],[-111.25859,25.79395],[-111.25853,25.79399],[-111.25845,25.79408],[-111.25844,25.79412],[-111.25846,25.79414],[-111.25857,25.79416],[-111.25866,25.79419],[-111.25877,25.79425],[-111.25887,25.79432],[-111.25895,25.79445],[-111.25895,25.79457],[-111.25892,25.79468],[-111.25887,25.79478],[-111.25879,25.79482],[-111.25876,25.79482],[-111.25871,25.7948],[-111.25862,25.79477],[-111.25845,25.7947],[-111.25838,25.79468],[-111.25835,25.79461],[-111.25833,25.79454],[-111.2583,25.79446],[-111.25827,25.7944],[-111.25819,25.79437],[-111.25808,25.79426],[-111.25793,25.79405],[-111.25777,25.79388],[-111.25761,25.79379],[-111.25729,25.79368],[-111.25715,25.79368],[-111.25698,25.79369],[-111.25684,25.79373],[-111.25663,25.79386],[-111.25643,25.79401],[-111.25635,25.79407],[-111.25621,25.79428],[-111.25619,25.79447],[-111.2562,25.79461],[-111.25624,25.79473],[-111.25629,25.79481],[-111.25632,25.79488],[-111.25632,25.79494],[-111.2563,25.79504],[-111.25623,25.79523],[-111.25616,25.7956],[-111.25611,25.79576],[-111.25612,25.79589],[-111.25613,25.79594],[-111.25613,25.79596],[-111.25613,25.79604],[-111.2561,25.79613],[-111.2561,25.7962],[-111.25615,25.79629],[-111.25616,25.79644],[-111.25616,25.79657],[-111.25611,25.79673],[-111.25601,25.79692],[-111.25593,25.79709],[-111.25588,25.79728],[-111.25589,25.79754],[-111.25591,25.7977],[-111.25596,25.79783],[-111.25601,25.79793],[-111.25607,25.79799],[-111.25615,25.79804],[-111.2563,25.79806],[-111.2564,25.7981],[-111.25646,25.79817],[-111.25651,25.79825],[-111.2565,25.79835],[-111.25647,25.79842],[-111.25644,25.79848],[-111.25643,25.79858],[-111.25643,25.79868],[-111.25645,25.79874],[-111.25649,25.79881],[-111.25655,25.79884],[-111.2566,25.79885],[-111.25667,25.79889],[-111.25671,25.79893],[-111.25674,25.79895],[-111.25675,25.799],[-111.25675,25.79906],[-111.25674,25.79917],[-111.25674,25.79928],[-111.25676,25.79936],[-111.2568,25.7994],[-111.25683,25.79947],[-111.2569,25.79956],[-111.25694,25.79961],[-111.25697,25.79964],[-111.25702,25.79971],[-111.25701,25.79977],[-111.25697,25.79982],[-111.2569,25.79984],[-111.25683,25.79987],[-111.25668,25.79995],[-111.25667,25.80002],[-111.25668,25.80009],[-111.25672,25.80012],[-111.25679,25.80013],[-111.25696,25.80015],[-111.257,25.8002],[-111.25702,25.80028],[-111.257,25.80039],[-111.25697,25.80049],[-111.25693,25.80061],[-111.25694,25.8007],[-111.25701,25.80078],[-111.2571,25.80087],[-111.25715,25.80099],[-111.25713,25.80108],[-111.25706,25.8012],[-111.25698,25.80126],[-111.25684,25.80128],[-111.25664,25.80129],[-111.2565,25.80133],[-111.25634,25.80141],[-111.25614,25.80152],[-111.25591,25.80176],[-111.25575,25.80196],[-111.25571,25.8021],[-111.25566,25.80218],[-111.2556,25.80224],[-111.25556,25.80228],[-111.25555,25.80231],[-111.25557,25.80236],[-111.2557,25.80248],[-111.25574,25.80249],[-111.2558,25.80254],[-111.25583,25.80259],[-111.25584,25.80266],[-111.25581,25.80269],[-111.25577,25.80269],[-111.25575,25.80268],[-111.2557,25.80268],[-111.25566,25.80277],[-111.25564,25.80283],[-111.25563,25.80289],[-111.25565,25.80298],[-111.25569,25.803],[-111.25574,25.80302],[-111.25578,25.80302],[-111.25581,25.80303],[-111.25583,25.80306],[-111.25583,25.80307],[-111.25584,25.80312],[-111.25593,25.80323],[-111.25597,25.80334],[-111.25603,25.8034],[-111.25612,25.80346],[-111.25621,25.80346],[-111.25632,25.80348],[-111.25636,25.80351],[-111.25644,25.80359],[-111.25645,25.80367],[-111.2564,25.80374],[-111.25638,25.80379],[-111.25639,25.80387],[-111.25642,25.80391],[-111.25645,25.80395],[-111.25645,25.804],[-111.25646,25.80405],[-111.25652,25.80409],[-111.25658,25.80409],[-111.25661,25.80408],[-111.25663,25.80408],[-111.25667,25.80409],[-111.25673,25.80414],[-111.25679,25.80419],[-111.25693,25.80426],[-111.25705,25.80429],[-111.25725,25.80428],[-111.2573,25.80429],[-111.25732,25.80432],[-111.25733,25.80437],[-111.25735,25.80443],[-111.25736,25.80475],[-111.25739,25.80486],[-111.25744,25.80494],[-111.25751,25.80506],[-111.25755,25.80514],[-111.25758,25.80522],[-111.25758,25.8053],[-111.25758,25.80552],[-111.25752,25.80566],[-111.25745,25.80574],[-111.25735,25.80579],[-111.25727,25.80581],[-111.2572,25.8058],[-111.2571,25.80579],[-111.25701,25.80578],[-111.2569,25.80579],[-111.25679,25.8058],[-111.25664,25.80584],[-111.2565,25.80591],[-111.25638,25.80597],[-111.25628,25.80605],[-111.25624,25.80618],[-111.2562,25.80629],[-111.25612,25.80649],[-111.25608,25.80657],[-111.25607,25.80673],[-111.25606,25.80683],[-111.2561,25.80696],[-111.25619,25.80708],[-111.25627,25.80715],[-111.25644,25.80723],[-111.2566,25.80729],[-111.25673,25.80731],[-111.25684,25.80737],[-111.25699,25.80744],[-111.25706,25.80752],[-111.25712,25.8076],[-111.25714,25.8077],[-111.25713,25.80783],[-111.25711,25.80795],[-111.25709,25.80803],[-111.25705,25.80812],[-111.257,25.80817],[-111.25693,25.8082],[-111.2569,25.80822],[-111.25687,25.80824],[-111.25684,25.80829],[-111.25683,25.80832],[-111.25681,25.80837],[-111.25676,25.8084],[-111.25671,25.8084],[-111.25669,25.80839],[-111.25665,25.80839],[-111.25657,25.80839],[-111.25652,25.80841],[-111.25647,25.80843],[-111.25645,25.80854],[-111.25646,25.80864],[-111.2565,25.8087],[-111.25659,25.80883],[-111.25672,25.80905],[-111.25692,25.80932],[-111.25718,25.80949],[-111.25754,25.80971],[-111.25772,25.8098],[-111.25787,25.80986],[-111.25799,25.80987],[-111.25814,25.80991],[-111.25824,25.80994],[-111.25837,25.80996],[-111.2585,25.80997],[-111.25859,25.80994],[-111.25869,25.80989],[-111.25872,25.80985],[-111.25876,25.80977],[-111.25881,25.80968],[-111.25881,25.80961],[-111.25881,25.80956],[-111.25881,25.80948],[-111.25883,25.80947],[-111.25886,25.80948],[-111.25889,25.8095],[-111.2589,25.80956],[-111.25893,25.80962],[-111.25896,25.80967],[-111.25904,25.8097],[-111.2591,25.8097],[-111.25924,25.8097],[-111.25928,25.80967],[-111.25934,25.80966],[-111.25936,25.80969],[-111.25941,25.80976],[-111.25944,25.80991],[-111.25943,25.81002],[-111.25943,25.81018],[-111.25949,25.81033],[-111.25956,25.81041],[-111.25963,25.81045],[-111.25978,25.81055],[-111.25992,25.81058],[-111.26004,25.81058],[-111.26017,25.81057],[-111.2603,25.81053],[-111.26039,25.81045],[-111.26044,25.81035],[-111.26046,25.81026],[-111.26042,25.80996],[-111.2604,25.80943],[-111.26044,25.80922],[-111.26049,25.80918],[-111.26052,25.80914],[-111.26058,25.80907],[-111.2606,25.80897],[-111.26063,25.80884],[-111.26062,25.80866],[-111.2606,25.80836],[-111.26061,25.80824],[-111.26061,25.80816],[-111.26062,25.80813],[-111.26064,25.80812],[-111.26066,25.80817],[-111.26066,25.80822],[-111.26068,25.8083],[-111.26074,25.80839],[-111.26077,25.80843],[-111.26083,25.80851],[-111.26088,25.80858],[-111.26095,25.80872],[-111.26099,25.8088],[-111.26099,25.80891],[-111.261,25.809],[-111.26101,25.80907],[-111.26105,25.80916],[-111.2611,25.80922],[-111.26115,25.80933],[-111.26115,25.80946],[-111.26116,25.80962],[-111.26111,25.80977],[-111.26103,25.80995],[-111.26091,25.81009],[-111.26075,25.81021],[-111.26063,25.81034],[-111.26056,25.81045],[-111.26052,25.81052],[-111.26049,25.81065],[-111.26045,25.81072],[-111.26042,25.81076],[-111.2604,25.8108],[-111.26039,25.81083],[-111.26038,25.81087],[-111.2604,25.81095],[-111.26043,25.81097],[-111.26046,25.811],[-111.26048,25.81103],[-111.26048,25.81115],[-111.26055,25.81127],[-111.26059,25.81134],[-111.26057,25.81139],[-111.26057,25.81143],[-111.26054,25.81146],[-111.26051,25.81149],[-111.26044,25.81156],[-111.26041,25.81158],[-111.26037,25.81161],[-111.26036,25.81165],[-111.26039,25.81173],[-111.26038,25.81175],[-111.26031,25.8118],[-111.26027,25.81178],[-111.26021,25.81175],[-111.26016,25.81171],[-111.2601,25.81169]]],[[[-111.31606,25.84155],[-111.31613,25.84148],[-111.31632,25.84147],[-111.31637,25.8413],[-111.31645,25.84104],[-111.31654,25.84095],[-111.31656,25.84082],[-111.31659,25.84069],[-111.31656,25.84055],[-111.31672,25.84023],[-111.3169,25.84013],[-111.31703,25.84013],[-111.31716,25.84007],[-111.31719,25.84007],[-111.31746,25.83997],[-111.31749,25.84012],[-111.31765,25.84032],[-111.31779,25.84051],[-111.31766,25.84072],[-111.31758,25.84076],[-111.31751,25.84097],[-111.31751,25.84102],[-111.31741,25.84131],[-111.31725,25.84131],[-111.31701,25.8415],[-111.31675,25.84161],[-111.31654,25.84172],[-111.31646,25.8419],[-111.31649,25.8422],[-111.31648,25.84228],[-111.31637,25.84236],[-111.31621,25.84227],[-111.31612,25.84207],[-111.31605,25.84189],[-111.31602,25.84171],[-111.31606,25.84156],[-111.31606,25.84155]]],[[[-111.18042,26.04598],[-111.17965,26.04533],[-111.17924,26.04578],[-111.17857,26.04575],[-111.17829,26.04515],[-111.1778,26.04509],[-111.17759,26.04472],[-111.17785,26.0439],[-111.1786,26.04453],[-111.17933,26.04469],[-111.17976,26.04473],[-111.18018,26.04476],[-111.18072,26.04484],[-111.18092,26.0451],[-111.18072,26.04566],[-111.18042,26.04598]]],[[[-111.05981,26.06977],[-111.08417,26.01624],[-111.06679,25.96594],[-111.10115,25.99766],[-111.11996,25.99389],[-111.17967,25.90523],[-111.20453,25.8062],[-111.22893,25.8225],[-111.23329,25.84815],[-111.21455,25.8698],[-111.19777,25.95576],[-111.1679,25.98935],[-111.17544,26.04173],[-111.135,26.0519],[-111.12848,26.06751],[-111.10382,26.05155],[-111.05981,26.06977]]],[[[-111.30361,26.10538],[-111.30356,26.10526],[-111.30356,26.10505],[-111.30358,26.1049],[-111.30367,26.1048],[-111.30383,26.10485],[-111.30414,26.10497],[-111.30415,26.10497],[-111.30422,26.10506],[-111.30429,26.1051],[-111.30437,26.10517],[-111.30455,26.10521],[-111.30472,26.10522],[-111.30473,26.10522],[-111.30512,26.10524],[-111.30566,26.1051],[-111.30592,26.10499],[-111.30613,26.10484],[-111.30621,26.10467],[-111.30625,26.10465],[-111.3063,26.10465],[-111.30636,26.10474],[-111.30638,26.10484],[-111.30634,26.10513],[-111.30637,26.10542],[-111.30631,26.10578],[-111.30617,26.10602],[-111.30603,26.10616],[-111.30562,26.1063],[-111.30525,26.10637],[-111.30503,26.10631],[-111.30471,26.10629],[-111.30427,26.10611],[-111.3039,26.10587],[-111.30368,26.10559],[-111.30361,26.10538]]],[[[-111.26555,26.1373],[-111.26326,26.10614],[-111.29712,26.09858],[-111.26555,26.1373]]],[[[-111.436,26.64163],[-111.43575,26.64137],[-111.43546,26.64146],[-111.43525,26.64167],[-111.43488,26.64161],[-111.4347,26.64144],[-111.43454,26.64131],[-111.43471,26.64112],[-111.43491,26.64089],[-111.43481,26.6406],[-111.43434,26.64061],[-111.43453,26.64005],[-111.4343,26.63957],[-111.4338,26.63955],[-111.43391,26.63907],[-111.43346,26.63891],[-111.43312,26.63948],[-111.43263,26.63951],[-111.43221,26.63901],[-111.432,26.63855],[-111.43246,26.63852],[-111.43221,26.63822],[-111.43173,26.63817],[-111.43165,26.6378],[-111.43123,26.63767],[-111.43076,26.63772],[-111.42999,26.63759],[-111.42924,26.63742],[-111.42824,26.63692],[-111.42793,26.63632],[-111.42787,26.63583],[-111.42781,26.63541],[-111.42742,26.63496],[-111.42738,26.63464],[-111.42752,26.63454],[-111.42779,26.63469],[-111.42792,26.63451],[-111.42813,26.6343],[-111.42809,26.634],[-111.42766,26.63395],[-111.42739,26.63361],[-111.42716,26.63331],[-111.42688,26.63358],[-111.42662,26.63319],[-111.42659,26.63269],[-111.42681,26.63224],[-111.42655,26.63208],[-111.42625,26.63162],[-111.42642,26.63131],[-111.42672,26.63127],[-111.42649,26.63094],[-111.42636,26.63061],[-111.42594,26.63028],[-111.42528,26.62997],[-111.42483,26.62979],[-111.42485,26.62935],[-111.42512,26.62899],[-111.42535,26.62878],[-111.42506,26.62831],[-111.42483,26.62799],[-111.42455,26.62774],[-111.42424,26.62738],[-111.42433,26.62703],[-111.42449,26.62674],[-111.42469,26.62669],[-111.42496,26.62699],[-111.42531,26.62682],[-111.42509,26.62674],[-111.42494,26.62662],[-111.42481,26.62632],[-111.42468,26.62616],[-111.42432,26.62599],[-111.42423,26.62571],[-111.42439,26.62548],[-111.42442,26.62508],[-111.42491,26.62542],[-111.42518,26.62521],[-111.42501,26.62495],[-111.42509,26.62451],[-111.42557,26.62443],[-111.42559,26.6249],[-111.42598,26.62528],[-111.42674,26.62548],[-111.42706,26.62532],[-111.42703,26.62502],[-111.42697,26.62466],[-111.42765,26.62438],[-111.42766,26.62459],[-111.42737,26.62488],[-111.42787,26.62499],[-111.42812,26.62472],[-111.4289,26.62448],[-111.42865,26.62437],[-111.4293,26.62421],[-111.42998,26.62397],[-111.43044,26.62414],[-111.43047,26.62491],[-111.43033,26.62526],[-111.43019,26.62569],[-111.42988,26.62607],[-111.43025,26.62606],[-111.43054,26.6265],[-111.43042,26.62717],[-111.4305,26.62741],[-111.43059,26.6276],[-111.43068,26.62782],[-111.43091,26.62795],[-111.43092,26.6282],[-111.43106,26.62856],[-111.43126,26.62871],[-111.43155,26.62869],[-111.43166,26.62904],[-111.43195,26.62901],[-111.43221,26.629],[-111.4323,26.62918],[-111.43219,26.62944],[-111.4322,26.62967],[-111.4325,26.62958],[-111.43297,26.62966],[-111.43288,26.62991],[-111.43262,26.63033],[-111.43222,26.6304],[-111.43208,26.63075],[-111.43244,26.63093],[-111.43222,26.63126],[-111.43231,26.63178],[-111.43223,26.63211],[-111.43245,26.63246],[-111.43263,26.63246],[-111.43284,26.63245],[-111.43298,26.63259],[-111.43298,26.63279],[-111.4332,26.63275],[-111.43344,26.63272],[-111.43368,26.63271],[-111.43387,26.63271],[-111.43408,26.63293],[-111.43392,26.63313],[-111.43366,26.63331],[-111.43393,26.63356],[-111.43404,26.6337],[-111.43436,26.63371],[-111.43458,26.63378],[-111.4342,26.63392],[-111.43398,26.63413],[-111.43384,26.63457],[-111.43427,26.63465],[-111.43471,26.63477],[-111.4347,26.63464],[-111.4349,26.63448],[-111.43527,26.63454],[-111.43558,26.63479],[-111.43568,26.6351],[-111.43579,26.6355],[-111.43552,26.63574],[-111.43588,26.63588],[-111.43614,26.63579],[-111.43613,26.63613],[-111.4361,26.63635],[-111.43646,26.63649],[-111.43692,26.63685],[-111.43666,26.63701],[-111.43625,26.63707],[-111.43582,26.6371],[-111.4358,26.63758],[-111.43549,26.6376],[-111.43531,26.63794],[-111.43533,26.63826],[-111.43538,26.63864],[-111.43519,26.63888],[-111.43556,26.63889],[-111.43558,26.63917],[-111.43584,26.63934],[-111.4357,26.63965],[-111.436,26.63983],[-111.43586,26.64021],[-111.4363,26.64048],[-111.4361,26.64088],[-111.43614,26.64132],[-111.436,26.64163]]],[[[-113.22703,26.73236],[-113.17577,26.71883],[-113.13555,26.65818],[-113.26148,26.70886],[-113.22703,26.73236]]],[[[-113.23638,26.77204],[-113.1925,26.7388],[-113.21507,26.73863],[-113.23638,26.77204]]],[[[-111.91368,26.8796],[-111.91348,26.87959],[-111.91335,26.8796],[-111.91317,26.8795],[-111.9132,26.87933],[-111.91327,26.87914],[-111.91327,26.87898],[-111.91344,26.87879],[-111.91353,26.87856],[-111.91366,26.8783],[-111.91393,26.87808],[-111.91417,26.87798],[-111.91433,26.87791],[-111.91461,26.87784],[-111.91496,26.87774],[-111.91508,26.87771],[-111.9151,26.87771],[-111.9152,26.87764],[-111.91531,26.87757],[-111.9154,26.87758],[-111.91539,26.87765],[-111.91528,26.8778],[-111.91528,26.87797],[-111.91529,26.87818],[-111.91496,26.87855],[-111.91459,26.87892],[-111.91437,26.87922],[-111.91412,26.87945],[-111.91392,26.87957],[-111.91368,26.8796]]],[[[-113.15447,26.9085],[-113.15388,26.90844],[-113.15334,26.9085],[-113.15311,26.90874],[-113.15296,26.90894],[-113.1528,26.90948],[-113.1526,26.90947],[-113.15245,26.90938],[-113.15263,26.90915],[-113.15264,26.90888],[-113.153,26.90815],[-113.15262,26.90775],[-113.15198,26.90738],[-113.15167,26.90719],[-113.15117,26.90708],[-113.15085,26.907],[-113.15075,26.90688],[-113.15076,26.90669],[-113.15088,26.90641],[-113.15082,26.90595],[-113.15059,26.90577],[-113.15027,26.90537],[-113.14965,26.90481],[-113.14926,26.90448],[-113.14972,26.90389],[-113.15013,26.90332],[-113.15048,26.90314],[-113.15082,26.90243],[-113.15086,26.90167],[-113.15091,26.90104],[-113.15101,26.90044],[-113.15056,26.89966],[-113.15005,26.89927],[-113.15,26.89922],[-113.14998,26.89916],[-113.15006,26.8991],[-113.1508,26.89872],[-113.15083,26.89832],[-113.15065,26.898],[-113.15036,26.89764],[-113.14998,26.89745],[-113.15001,26.89731],[-113.15004,26.897],[-113.15022,26.89657],[-113.15028,26.89617],[-113.15016,26.89589],[-113.1502,26.89547],[-113.14983,26.89498],[-113.14974,26.8948],[-113.14985,26.89465],[-113.15011,26.89448],[-113.15045,26.89432],[-113.15058,26.89416],[-113.15058,26.89401],[-113.1505,26.89384],[-113.15037,26.8937],[-113.15032,26.89355],[-113.15039,26.89346],[-113.15059,26.89342],[-113.15087,26.89339],[-113.15119,26.89336],[-113.15138,26.89329],[-113.15144,26.8931],[-113.1516,26.89298],[-113.15211,26.89253],[-113.15262,26.89203],[-113.15294,26.89191],[-113.15336,26.89173],[-113.15368,26.89153],[-113.15372,26.8913],[-113.15384,26.89124],[-113.154,26.89127],[-113.15418,26.89131],[-113.1543,26.89122],[-113.15445,26.89115],[-113.15469,26.89104],[-113.15527,26.89111],[-113.15541,26.89125],[-113.15546,26.89136],[-113.15539,26.89148],[-113.15535,26.89158],[-113.15536,26.89168],[-113.15544,26.89174],[-113.1555,26.89183],[-113.15552,26.89207],[-113.15548,26.89225],[-113.15534,26.89233],[-113.1543,26.89348],[-113.15424,26.89379],[-113.15414,26.89395],[-113.1539,26.89415],[-113.15351,26.89422],[-113.15338,26.89461],[-113.15306,26.89547],[-113.15274,26.89589],[-113.15273,26.89623],[-113.15269,26.89691],[-113.15252,26.8975],[-113.15234,26.89771],[-113.15206,26.89795],[-113.15178,26.89826],[-113.15175,26.89845],[-113.15186,26.89872],[-113.15214,26.89901],[-113.1536,26.90049],[-113.15511,26.90162],[-113.15713,26.90272],[-113.15913,26.90359],[-113.16075,26.90393],[-113.16186,26.90394],[-113.16215,26.90362],[-113.1622,26.90344],[-113.16239,26.90338],[-113.1625,26.90346],[-113.16249,26.90364],[-113.16233,26.90396],[-113.16223,26.90422],[-113.16199,26.90487],[-113.16194,26.9055],[-113.16241,26.9064],[-113.16247,26.90699],[-113.16237,26.90735],[-113.16204,26.90812],[-113.16191,26.90869],[-113.16177,26.90929],[-113.16166,26.91022],[-113.16169,26.91081],[-113.16195,26.91135],[-113.1619,26.91179],[-113.1616,26.91226],[-113.16117,26.91277],[-113.16077,26.91323],[-113.16011,26.91378],[-113.15941,26.91407],[-113.15881,26.91434],[-113.15847,26.91503],[-113.1583,26.91525],[-113.15783,26.91553],[-113.15725,26.91604],[-113.15719,26.91615],[-113.15719,26.91628],[-113.15724,26.91641],[-113.15719,26.91654],[-113.15712,26.91665],[-113.15691,26.9167],[-113.15668,26.91661],[-113.15663,26.91635],[-113.15675,26.91617],[-113.15642,26.91586],[-113.15613,26.91573],[-113.15553,26.91575],[-113.1551,26.91563],[-113.15479,26.91557],[-113.15465,26.9155],[-113.15473,26.91526],[-113.15505,26.91497],[-113.15538,26.91448],[-113.15535,26.91372],[-113.15506,26.91286],[-113.15484,26.91206],[-113.15497,26.91144],[-113.15587,26.91034],[-113.15595,26.91005],[-113.15605,26.90946],[-113.15604,26.90922],[-113.15568,26.90891],[-113.15517,26.90866],[-113.15447,26.9085]]],[[[-113.16205,26.9319],[-113.16201,26.93167],[-113.16195,26.93152],[-113.16191,26.93137],[-113.16198,26.93116],[-113.16184,26.93089],[-113.16123,26.93056],[-113.16061,26.92973],[-113.16067,26.92923],[-113.16065,26.92887],[-113.16061,26.92868],[-113.16068,26.92844],[-113.16078,26.92832],[-113.16079,26.92799],[-113.1608,26.92785],[-113.16083,26.92775],[-113.16091,26.92769],[-113.16112,26.92767],[-113.16147,26.9273],[-113.16189,26.92666],[-113.1621,26.92596],[-113.16203,26.92533],[-113.16167,26.92483],[-113.16131,26.92457],[-113.16067,26.92429],[-113.16021,26.92413],[-113.1602,26.9237],[-113.16004,26.923],[-113.16015,26.92272],[-113.16006,26.92247],[-113.15996,26.9223],[-113.15967,26.92208],[-113.15945,26.92194],[-113.15936,26.92181],[-113.15938,26.92174],[-113.15943,26.92142],[-113.1595,26.92129],[-113.15952,26.92104],[-113.15948,26.92092],[-113.15946,26.92078],[-113.15947,26.92066],[-113.15954,26.92058],[-113.1598,26.92011],[-113.1599,26.91977],[-113.16,26.91975],[-113.16015,26.91974],[-113.16032,26.91986],[-113.16109,26.92068],[-113.16165,26.92132],[-113.16203,26.92187],[-113.16228,26.92211],[-113.16238,26.9224],[-113.16235,26.92254],[-113.16227,26.92262],[-113.16197,26.92286],[-113.16166,26.92306],[-113.16158,26.92339],[-113.16174,26.92386],[-113.16181,26.9241],[-113.16212,26.92455],[-113.16217,26.92463],[-113.16215,26.92475],[-113.16209,26.92498],[-113.16212,26.92516],[-113.16233,26.92531],[-113.16254,26.92549],[-113.16284,26.92582],[-113.16327,26.92608],[-113.16361,26.92627],[-113.16398,26.92644],[-113.16434,26.9266],[-113.16474,26.92669],[-113.16525,26.92663],[-113.16545,26.92626],[-113.1655,26.92618],[-113.1656,26.92619],[-113.16591,26.92639],[-113.16627,26.92675],[-113.16689,26.92715],[-113.16716,26.92724],[-113.16759,26.92756],[-113.16783,26.92785],[-113.1678,26.92803],[-113.16764,26.92817],[-113.16765,26.92837],[-113.16781,26.92865],[-113.16772,26.92899],[-113.16733,26.92941],[-113.16702,26.92958],[-113.16634,26.92958],[-113.16588,26.92971],[-113.16532,26.92986],[-113.16509,26.93004],[-113.16491,26.93027],[-113.16491,26.93047],[-113.1652,26.93072],[-113.16523,26.93094],[-113.1651,26.93113],[-113.16484,26.9312],[-113.16447,26.93125],[-113.16406,26.93126],[-113.16358,26.93132],[-113.16336,26.93144],[-113.16335,26.93168],[-113.16326,26.93178],[-113.16304,26.93186],[-113.16284,26.93181],[-113.16269,26.93172],[-113.16257,26.93165],[-113.16226,26.93174],[-113.16212,26.93193],[-113.16208,26.93193],[-113.16205,26.9319]]],[[[-111.91093,27.03633],[-111.91112,27.03623],[-111.91129,27.03621],[-111.91144,27.03625],[-111.91183,27.03602],[-111.91219,27.03577],[-111.9127,27.03547],[-111.91337,27.03517],[-111.91375,27.03471],[-111.91398,27.03455],[-111.9142,27.03452],[-111.91436,27.03446],[-111.91463,27.03421],[-111.91479,27.03413],[-111.91532,27.03402],[-111.9156,27.03385],[-111.91581,27.03384],[-111.91589,27.03395],[-111.91588,27.03417],[-111.91586,27.03464],[-111.91578,27.03534],[-111.9157,27.03547],[-111.9157,27.03555],[-111.91581,27.03567],[-111.91598,27.0362],[-111.91611,27.03653],[-111.91625,27.03675],[-111.91624,27.03704],[-111.91616,27.03726],[-111.9159,27.03748],[-111.91579,27.0376],[-111.91569,27.03775],[-111.91543,27.03797],[-111.91514,27.03805],[-111.91483,27.03826],[-111.91414,27.03844],[-111.91344,27.03885],[-111.9128,27.03918],[-111.91143,27.04024],[-111.91074,27.04092],[-111.91056,27.04098],[-111.91048,27.04106],[-111.91044,27.04122],[-111.9098,27.04187],[-111.90949,27.04238],[-111.90929,27.04275],[-111.90908,27.04289],[-111.90884,27.04285],[-111.90871,27.04267],[-111.90865,27.04239],[-111.90856,27.04193],[-111.90861,27.04097],[-111.90892,27.04018],[-111.9094,27.03961],[-111.90961,27.03915],[-111.90997,27.03857],[-111.90983,27.03791],[-111.9099,27.03735],[-111.91032,27.03689],[-111.91065,27.03661],[-111.91093,27.03633]]],[[[-111.90958,27.05815],[-111.90974,27.05806],[-111.90989,27.0582],[-111.9099,27.05833],[-111.90976,27.05845],[-111.90974,27.05866],[-111.90974,27.05887],[-111.90977,27.05909],[-111.90979,27.05934],[-111.90975,27.05952],[-111.90976,27.05974],[-111.90963,27.05992],[-111.90945,27.05993],[-111.90924,27.05993],[-111.90919,27.05974],[-111.90928,27.0595],[-111.90926,27.05932],[-111.90926,27.05915],[-111.90925,27.05896],[-111.90936,27.05878],[-111.90935,27.0586],[-111.90935,27.05846],[-111.90948,27.05845],[-111.90948,27.05833],[-111.90958,27.05815]]],[[[-112.06863,27.16562],[-112.06866,27.16548],[-112.0687,27.16542],[-112.0687,27.16538],[-112.06867,27.16534],[-112.06862,27.16528],[-112.06859,27.16535],[-112.06859,27.1654],[-112.06856,27.16542],[-112.06852,27.16545],[-112.06848,27.16542],[-112.06849,27.16538],[-112.06846,27.16538],[-112.0684,27.16535],[-112.06835,27.16527],[-112.06841,27.16522],[-112.06842,27.16517],[-112.0684,27.16514],[-112.06838,27.16512],[-112.06836,27.16518],[-112.06833,27.1652],[-112.06827,27.16522],[-112.06823,27.16521],[-112.06821,27.16517],[-112.06818,27.16516],[-112.06815,27.16511],[-112.06812,27.16509],[-112.06812,27.16499],[-112.06815,27.16493],[-112.0682,27.16483],[-112.06813,27.16486],[-112.06808,27.16489],[-112.068,27.16481],[-112.06786,27.16488],[-112.06779,27.16486],[-112.06774,27.16471],[-112.06784,27.16462],[-112.0679,27.16455],[-112.06796,27.16451],[-112.06793,27.16444],[-112.06789,27.16437],[-112.06784,27.16449],[-112.0677,27.16437],[-112.06771,27.16423],[-112.06769,27.16415],[-112.06771,27.16408],[-112.06786,27.16416],[-112.06792,27.16424],[-112.06799,27.16426],[-112.06806,27.16431],[-112.06817,27.16433],[-112.06827,27.1644],[-112.0684,27.16444],[-112.06844,27.16453],[-112.06851,27.16461],[-112.06851,27.16472],[-112.06854,27.16483],[-112.06857,27.16497],[-112.06878,27.16515],[-112.06897,27.16533],[-112.06914,27.16538],[-112.06915,27.16551],[-112.0691,27.16555],[-112.06904,27.16555],[-112.06897,27.16555],[-112.06889,27.16553],[-112.06884,27.1655],[-112.06877,27.16556],[-112.06871,27.16561],[-112.06863,27.16562]]],[[[-112.08821,27.25886],[-112.04662,27.22456],[-112.05938,27.17965],[-112.08483,27.18575],[-112.10843,27.23858],[-112.08821,27.25886]]],[[[-114.29328,27.11056],[-114.2932,27.1105],[-114.29307,27.11056],[-114.29293,27.11061],[-114.29297,27.11043],[-114.29295,27.11024],[-114.29293,27.11011],[-114.2928,27.11006],[-114.29281,27.10995],[-114.29295,27.10982],[-114.29314,27.10951],[-114.29305,27.10932],[-114.29305,27.10907],[-114.29314,27.10891],[-114.29297,27.10876],[-114.29305,27.10854],[-114.29318,27.10835],[-114.29319,27.1081],[-114.29321,27.10762],[-114.29327,27.10727],[-114.29315,27.10699],[-114.29288,27.10668],[-114.29262,27.10661],[-114.2923,27.10646],[-114.29224,27.1066],[-114.29193,27.10663],[-114.29204,27.10633],[-114.29198,27.10606],[-114.29178,27.10582],[-114.29154,27.10584],[-114.29117,27.10568],[-114.29083,27.10559],[-114.29067,27.10525],[-114.29066,27.10494],[-114.29062,27.10461],[-114.29047,27.10435],[-114.29057,27.10415],[-114.2908,27.10392],[-114.29082,27.10366],[-114.29045,27.10365],[-114.29037,27.10337],[-114.29015,27.10327],[-114.29031,27.10301],[-114.2902,27.10265],[-114.29045,27.10256],[-114.29069,27.10239],[-114.29033,27.10242],[-114.29009,27.10247],[-114.28987,27.10233],[-114.29005,27.10217],[-114.29011,27.10196],[-114.29005,27.10175],[-114.28974,27.10175],[-114.28946,27.10157],[-114.28919,27.10141],[-114.28901,27.10131],[-114.28914,27.1009],[-114.2893,27.10066],[-114.28937,27.10038],[-114.28955,27.10003],[-114.28948,27.09949],[-114.28943,27.09925],[-114.28952,27.09892],[-114.2898,27.09877],[-114.28991,27.09851],[-114.29011,27.09872],[-114.29035,27.09904],[-114.29057,27.0989],[-114.2906,27.09866],[-114.29066,27.09847],[-114.29079,27.09832],[-114.29096,27.09827],[-114.29126,27.09832],[-114.29144,27.09845],[-114.29148,27.09829],[-114.29185,27.0982],[-114.29212,27.0982],[-114.29238,27.09836],[-114.29265,27.09858],[-114.29286,27.09872],[-114.29294,27.0989],[-114.29295,27.09916],[-114.29302,27.0994],[-114.293,27.09955],[-114.29312,27.09966],[-114.29333,27.09979],[-114.29377,27.09987],[-114.29409,27.10013],[-114.29426,27.10032],[-114.29446,27.10054],[-114.29459,27.10089],[-114.29532,27.1015],[-114.29517,27.10168],[-114.29499,27.10178],[-114.29482,27.10179],[-114.29446,27.10174],[-114.29445,27.10211],[-114.29447,27.10236],[-114.29474,27.10237],[-114.29469,27.10255],[-114.29437,27.10264],[-114.29419,27.10274],[-114.29421,27.10305],[-114.29419,27.10342],[-114.29403,27.10367],[-114.2942,27.10393],[-114.2943,27.10419],[-114.29449,27.10447],[-114.29461,27.10468],[-114.29468,27.10491],[-114.29456,27.10512],[-114.29463,27.10544],[-114.29481,27.10566],[-114.29482,27.10578],[-114.2949,27.10591],[-114.29491,27.10596],[-114.29506,27.10604],[-114.29528,27.10604],[-114.29536,27.1061],[-114.29523,27.10612],[-114.29514,27.10624],[-114.295,27.10621],[-114.29492,27.10623],[-114.29489,27.10637],[-114.29481,27.10636],[-114.29481,27.10646],[-114.29485,27.10659],[-114.29489,27.10667],[-114.29498,27.10672],[-114.29512,27.10673],[-114.29511,27.10678],[-114.29499,27.10688],[-114.2949,27.10684],[-114.2948,27.1068],[-114.29476,27.10688],[-114.29464,27.10695],[-114.29454,27.107],[-114.29452,27.1071],[-114.29445,27.1071],[-114.29446,27.10721],[-114.29447,27.10729],[-114.2944,27.10735],[-114.29451,27.10742],[-114.2945,27.10748],[-114.2945,27.10754],[-114.29455,27.10758],[-114.29456,27.10768],[-114.29457,27.10783],[-114.29459,27.10796],[-114.29462,27.10811],[-114.2947,27.1083],[-114.29471,27.10834],[-114.29475,27.10836],[-114.2948,27.1084],[-114.29481,27.10844],[-114.29481,27.1085],[-114.29485,27.10853],[-114.29489,27.10856],[-114.29494,27.10857],[-114.295,27.10856],[-114.29504,27.10856],[-114.29506,27.10859],[-114.29507,27.10866],[-114.29507,27.10874],[-114.29509,27.10883],[-114.2951,27.10895],[-114.29511,27.10906],[-114.2951,27.10911],[-114.29499,27.10913],[-114.29493,27.10908],[-114.29484,27.10909],[-114.29475,27.10911],[-114.29467,27.10912],[-114.29469,27.10915],[-114.29477,27.10922],[-114.29471,27.10923],[-114.29464,27.10924],[-114.29462,27.1093],[-114.29466,27.10935],[-114.29472,27.10941],[-114.29477,27.10945],[-114.29479,27.10951],[-114.29472,27.10951],[-114.29465,27.10952],[-114.29457,27.10952],[-114.29449,27.10949],[-114.29435,27.10941],[-114.29434,27.10957],[-114.2942,27.10955],[-114.294,27.10961],[-114.29384,27.10982],[-114.29381,27.10994],[-114.29404,27.10996],[-114.29399,27.11016],[-114.29382,27.11013],[-114.29362,27.11023],[-114.29341,27.11061],[-114.29337,27.11061],[-114.29328,27.11056]]],[[[-114.29387,27.11297],[-114.29385,27.11293],[-114.29384,27.11294],[-114.29373,27.1129],[-114.29361,27.11291],[-114.29355,27.11297],[-114.2935,27.11296],[-114.29348,27.11294],[-114.29341,27.11297],[-114.29339,27.11299],[-114.29331,27.11301],[-114.29322,27.11297],[-114.29321,27.11292],[-114.29317,27.11284],[-114.29309,27.11271],[-114.29307,27.11264],[-114.29306,27.11253],[-114.29315,27.11253],[-114.2933,27.11253],[-114.29336,27.11252],[-114.29339,27.11248],[-114.29338,27.1124],[-114.29336,27.11231],[-114.2934,27.11227],[-114.2935,27.11223],[-114.29358,27.11223],[-114.29359,27.11226],[-114.29363,27.11231],[-114.29369,27.11237],[-114.29377,27.11242],[-114.2938,27.11246],[-114.29382,27.11251],[-114.29385,27.11256],[-114.29395,27.11264],[-114.29404,27.11272],[-114.29405,27.11273],[-114.2941,27.11273],[-114.29415,27.11275],[-114.29417,27.11279],[-114.29418,27.11284],[-114.29418,27.1129],[-114.29414,27.11292],[-114.29409,27.11292],[-114.29402,27.11292],[-114.29399,27.11294],[-114.29397,27.11297],[-114.29392,27.11298],[-114.29387,27.11297]]],[[[-114.37423,27.14895],[-114.37399,27.14897],[-114.37388,27.14906],[-114.37381,27.1492],[-114.37369,27.14927],[-114.37364,27.14924],[-114.37368,27.14921],[-114.37374,27.14918],[-114.37376,27.14911],[-114.37374,27.149],[-114.37367,27.14896],[-114.37351,27.14895],[-114.37342,27.14891],[-114.37332,27.14882],[-114.37317,27.14875],[-114.37289,27.14867],[-114.37255,27.14856],[-114.37233,27.1486],[-114.37214,27.1486],[-114.37207,27.14857],[-114.37203,27.14847],[-114.37197,27.14839],[-114.37187,27.14831],[-114.37182,27.14828],[-114.37145,27.14808],[-114.37125,27.14786],[-114.37109,27.14785],[-114.37111,27.1478],[-114.37118,27.14773],[-114.37122,27.14758],[-114.37122,27.14736],[-114.37117,27.1472],[-114.37117,27.14693],[-114.37124,27.14689],[-114.37138,27.14689],[-114.37156,27.14682],[-114.37169,27.14661],[-114.37174,27.14639],[-114.37176,27.14634],[-114.3718,27.14621],[-114.3718,27.14612],[-114.37195,27.14594],[-114.37199,27.1459],[-114.37199,27.14583],[-114.37198,27.14572],[-114.37198,27.14567],[-114.37194,27.14557],[-114.37202,27.14547],[-114.37209,27.14536],[-114.37225,27.14538],[-114.37231,27.14538],[-114.37233,27.14536],[-114.37237,27.14531],[-114.37239,27.14525],[-114.37246,27.14518],[-114.37252,27.14518],[-114.37262,27.1452],[-114.3728,27.14537],[-114.37288,27.14539],[-114.37306,27.1455],[-114.37322,27.1456],[-114.3734,27.14587],[-114.37365,27.14626],[-114.37381,27.14648],[-114.37393,27.14676],[-114.37404,27.14703],[-114.3741,27.14709],[-114.37434,27.14726],[-114.37449,27.14732],[-114.37477,27.14734],[-114.37483,27.14734],[-114.37497,27.14732],[-114.3751,27.14727],[-114.37522,27.14717],[-114.37529,27.14709],[-114.37543,27.14699],[-114.37555,27.14694],[-114.37565,27.14692],[-114.37585,27.14693],[-114.37603,27.14696],[-114.37611,27.14698],[-114.37621,27.14696],[-114.37633,27.14689],[-114.37651,27.14678],[-114.37663,27.14669],[-114.37687,27.14665],[-114.37717,27.14668],[-114.37722,27.14669],[-114.37736,27.14668],[-114.37748,27.14657],[-114.37751,27.14652],[-114.37762,27.14644],[-114.37785,27.14619],[-114.37796,27.14611],[-114.37815,27.14583],[-114.37819,27.14564],[-114.37829,27.14537],[-114.37833,27.14522],[-114.37837,27.14518],[-114.37855,27.14515],[-114.37876,27.14511],[-114.37889,27.14507],[-114.37908,27.145],[-114.37911,27.14497],[-114.37942,27.14487],[-114.3798,27.14474],[-114.38013,27.14463],[-114.38049,27.14459],[-114.3808,27.1446],[-114.38108,27.14463],[-114.38117,27.1447],[-114.38165,27.14491],[-114.38179,27.14497],[-114.3821,27.14522],[-114.38245,27.14548],[-114.38285,27.14557],[-114.38321,27.14554],[-114.38331,27.14549],[-114.38343,27.14548],[-114.38353,27.1455],[-114.3837,27.14559],[-114.38387,27.14565],[-114.38412,27.14576],[-114.38426,27.1458],[-114.3845,27.14584],[-114.38462,27.14587],[-114.38469,27.1459],[-114.38475,27.14595],[-114.38475,27.14601],[-114.38469,27.14603],[-114.38424,27.1464],[-114.38397,27.1464],[-114.38391,27.14635],[-114.3838,27.14628],[-114.38374,27.14624],[-114.38364,27.14616],[-114.38347,27.14611],[-114.3833,27.14613],[-114.3831,27.14614],[-114.38291,27.14616],[-114.38279,27.14621],[-114.38272,27.14626],[-114.3826,27.14624],[-114.38253,27.1462],[-114.38241,27.1462],[-114.3823,27.14616],[-114.38219,27.14617],[-114.38204,27.14621],[-114.38188,27.14621],[-114.38179,27.14619],[-114.38174,27.1462],[-114.38168,27.14624],[-114.38165,27.14629],[-114.3817,27.14637],[-114.38185,27.14646],[-114.3819,27.14652],[-114.38195,27.1466],[-114.382,27.14669],[-114.38205,27.14674],[-114.38204,27.14681],[-114.38193,27.14681],[-114.38182,27.14675],[-114.38178,27.14673],[-114.38167,27.14667],[-114.38149,27.14659],[-114.38137,27.14659],[-114.38134,27.14663],[-114.38132,27.14676],[-114.38136,27.14687],[-114.38138,27.147],[-114.38132,27.14702],[-114.38123,27.14697],[-114.38114,27.1469],[-114.38101,27.14681],[-114.38094,27.14674],[-114.3809,27.14664],[-114.38085,27.14654],[-114.38075,27.14643],[-114.38062,27.14638],[-114.38054,27.1464],[-114.3805,27.14643],[-114.38048,27.14648],[-114.38039,27.14653],[-114.38039,27.14665],[-114.38042,27.14676],[-114.38044,27.14684],[-114.38044,27.14687],[-114.38044,27.14696],[-114.38043,27.14697],[-114.38034,27.14697],[-114.38019,27.14692],[-114.38013,27.14691],[-114.38004,27.14694],[-114.37999,27.14696],[-114.37995,27.14699],[-114.37993,27.14701],[-114.37994,27.14704],[-114.37997,27.14712],[-114.38,27.14717],[-114.38004,27.14719],[-114.38008,27.14722],[-114.38013,27.14727],[-114.38015,27.14733],[-114.38016,27.14741],[-114.38021,27.14746],[-114.38025,27.14749],[-114.3803,27.14751],[-114.38039,27.14759],[-114.38043,27.14764],[-114.38046,27.14772],[-114.38046,27.14781],[-114.38043,27.14788],[-114.38036,27.14795],[-114.3803,27.14794],[-114.38013,27.14789],[-114.38004,27.14782],[-114.38001,27.14777],[-114.37999,27.14769],[-114.37994,27.14758],[-114.37978,27.14745],[-114.37964,27.14738],[-114.37952,27.14739],[-114.37946,27.14745],[-114.37946,27.14752],[-114.37945,27.1476],[-114.37948,27.14767],[-114.37948,27.14771],[-114.37947,27.14777],[-114.37942,27.14778],[-114.37936,27.14778],[-114.37927,27.14772],[-114.37923,27.14766],[-114.37917,27.14751],[-114.37914,27.14745],[-114.37905,27.14736],[-114.37901,27.14732],[-114.37897,27.14729],[-114.37896,27.14729],[-114.37887,27.14722],[-114.3784,27.14715],[-114.37829,27.14725],[-114.37822,27.14736],[-114.37816,27.14741],[-114.37804,27.14744],[-114.37793,27.14741],[-114.37776,27.14742],[-114.3776,27.14745],[-114.37746,27.14758],[-114.3772,27.14776],[-114.37713,27.14785],[-114.37701,27.14787],[-114.37659,27.14781],[-114.37631,27.14791],[-114.37623,27.14811],[-114.37623,27.14827],[-114.37606,27.14835],[-114.37592,27.14858],[-114.37569,27.14893],[-114.37543,27.14908],[-114.37535,27.14925],[-114.37544,27.14938],[-114.37555,27.14964],[-114.37572,27.14982],[-114.37577,27.14995],[-114.37592,27.15018],[-114.37595,27.15044],[-114.37578,27.15065],[-114.37556,27.15073],[-114.37541,27.15072],[-114.37532,27.15067],[-114.37523,27.15055],[-114.37509,27.15041],[-114.37497,27.15028],[-114.37479,27.15025],[-114.37476,27.15022],[-114.37473,27.15016],[-114.37466,27.15004],[-114.37445,27.14973],[-114.37444,27.14966],[-114.37454,27.14944],[-114.37466,27.14928],[-114.37467,27.14917],[-114.37459,27.14901],[-114.37446,27.14894],[-114.37423,27.14895]]],[[[-111.88597,27.4557],[-111.85746,27.43332],[-111.89535,27.43064],[-111.9013,27.4493],[-111.88597,27.4557]]],[[[-114.71079,27.514],[-114.71065,27.51398],[-114.71056,27.51395],[-114.71045,27.51397],[-114.7104,27.51397],[-114.71034,27.51393],[-114.71028,27.51391],[-114.71022,27.5139],[-114.71022,27.51384],[-114.71028,27.51379],[-114.71034,27.51375],[-114.71042,27.5137],[-114.7105,27.51364],[-114.71061,27.51367],[-114.71069,27.51362],[-114.71074,27.51362],[-114.7108,27.51367],[-114.71089,27.51364],[-114.71096,27.51363],[-114.71101,27.51369],[-114.71103,27.51373],[-114.71107,27.51373],[-114.71106,27.51381],[-114.71107,27.51383],[-114.71114,27.51388],[-114.7111,27.5139],[-114.71104,27.51394],[-114.71099,27.51397],[-114.71094,27.51397],[-114.71087,27.51397],[-114.71079,27.514]]],[[[-114.70968,27.51492],[-114.70969,27.51491],[-114.70972,27.51491],[-114.70975,27.5149],[-114.70977,27.51491],[-114.70978,27.51488],[-114.70976,27.51487],[-114.70969,27.51487],[-114.70965,27.51487],[-114.70959,27.51488],[-114.70956,27.5149],[-114.70955,27.51489],[-114.70953,27.51486],[-114.70949,27.51476],[-114.70949,27.51472],[-114.70953,27.51464],[-114.70961,27.51461],[-114.70974,27.5146],[-114.70984,27.51459],[-114.70998,27.51463],[-114.70998,27.51463],[-114.71,27.51466],[-114.71002,27.51469],[-114.71002,27.51471],[-114.71003,27.51474],[-114.71004,27.51477],[-114.71004,27.51479],[-114.71004,27.51482],[-114.71003,27.51487],[-114.70997,27.51493],[-114.70985,27.51501],[-114.70977,27.51502],[-114.70977,27.51502],[-114.70973,27.515],[-114.70972,27.51498],[-114.70968,27.51495],[-114.70968,27.51492]]],[[[-114.71086,27.51595],[-114.71082,27.5159],[-114.71078,27.5159],[-114.71076,27.5159],[-114.71077,27.51586],[-114.71077,27.51581],[-114.7108,27.51579],[-114.71079,27.51574],[-114.71078,27.51572],[-114.71079,27.51569],[-114.7108,27.51566],[-114.71079,27.51564],[-114.71082,27.51561],[-114.71083,27.51561],[-114.71085,27.51559],[-114.71086,27.51557],[-114.71086,27.51555],[-114.71086,27.51553],[-114.71084,27.51556],[-114.71081,27.51557],[-114.7108,27.51556],[-114.71077,27.51551],[-114.71076,27.51552],[-114.71074,27.51553],[-114.71069,27.5155],[-114.7107,27.51548],[-114.71074,27.51544],[-114.71078,27.51543],[-114.71082,27.51543],[-114.71086,27.51544],[-114.71093,27.51543],[-114.71098,27.51541],[-114.71102,27.51539],[-114.71104,27.51543],[-114.71108,27.51545],[-114.71113,27.51547],[-114.71118,27.51548],[-114.71123,27.51553],[-114.71124,27.51561],[-114.71119,27.51561],[-114.71119,27.51565],[-114.7112,27.51568],[-114.71119,27.51573],[-114.71119,27.51573],[-114.7112,27.51576],[-114.71119,27.51583],[-114.71116,27.51587],[-114.71114,27.51588],[-114.71111,27.51586],[-114.71109,27.51585],[-114.71103,27.51586],[-114.71103,27.51589],[-114.71099,27.51593],[-114.71098,27.51594],[-114.71093,27.51595],[-114.7109,27.51598],[-114.71086,27.51595]]],[[[-112.73946,27.84259],[-112.73901,27.8424],[-112.73852,27.84224],[-112.73812,27.84227],[-112.73782,27.84229],[-112.73713,27.84219],[-112.73675,27.84193],[-112.73652,27.84156],[-112.73647,27.8412],[-112.73676,27.84112],[-112.73711,27.84116],[-112.73753,27.84144],[-112.73766,27.84178],[-112.73809,27.84189],[-112.7385,27.84194],[-112.7389,27.84188],[-112.73903,27.84196],[-112.73922,27.84194],[-112.73948,27.84196],[-112.73976,27.84199],[-112.73995,27.84202],[-112.74024,27.84195],[-112.74042,27.84203],[-112.74056,27.84219],[-112.7408,27.8423],[-112.74104,27.84242],[-112.74141,27.84239],[-112.74125,27.84271],[-112.7411,27.84289],[-112.74103,27.84316],[-112.74066,27.84327],[-112.74021,27.84329],[-112.73996,27.84308],[-112.73983,27.84283],[-112.73946,27.84259]]],[[[-114.17973,27.76885],[-114.146,27.72144],[-114.18341,27.7528],[-114.17973,27.76885]]],[[[-114.22464,27.76632],[-114.18521,27.72134],[-114.24753,27.74352],[-114.22464,27.76632]]],[[[-112.75974,27.90171],[-112.75983,27.90165],[-112.76003,27.90172],[-112.7602,27.90181],[-112.76031,27.90193],[-112.76043,27.90204],[-112.76044,27.90222],[-112.76043,27.90233],[-112.76048,27.90252],[-112.7604,27.90272],[-112.76035,27.90279],[-112.76029,27.90291],[-112.76015,27.90292],[-112.75999,27.90307],[-112.75997,27.90323],[-112.75985,27.9033],[-112.7597,27.90343],[-112.75972,27.90327],[-112.7597,27.90317],[-112.75973,27.90303],[-112.75981,27.90292],[-112.75986,27.90272],[-112.75987,27.9026],[-112.75987,27.90249],[-112.75989,27.90228],[-112.76004,27.90223],[-112.76003,27.90209],[-112.75987,27.90196],[-112.75974,27.90184],[-112.75974,27.90171]]],[[[-115.22331,27.89386],[-115.22324,27.89383],[-115.22319,27.89383],[-115.22307,27.89378],[-115.22296,27.89375],[-115.22285,27.89375],[-115.22276,27.89371],[-115.22276,27.89372],[-115.22276,27.89372],[-115.22269,27.89364],[-115.22256,27.89361],[-115.22239,27.89361],[-115.2223,27.89361],[-115.22228,27.89351],[-115.22232,27.89347],[-115.22255,27.89337],[-115.22255,27.89336],[-115.22261,27.89329],[-115.22265,27.89316],[-115.22264,27.89302],[-115.22271,27.89284],[-115.2228,27.89273],[-115.2228,27.89267],[-115.22293,27.89265],[-115.22298,27.89264],[-115.22308,27.89272],[-115.2232,27.89277],[-115.22332,27.89272],[-115.22341,27.89265],[-115.22344,27.89266],[-115.22367,27.89274],[-115.22389,27.89305],[-115.2239,27.89308],[-115.22386,27.89313],[-115.22378,27.89314],[-115.22375,27.8932],[-115.22379,27.89325],[-115.22383,27.8933],[-115.22395,27.8933],[-115.22418,27.89349],[-115.2243,27.89356],[-115.2243,27.89362],[-115.22408,27.89363],[-115.22405,27.89358],[-115.224,27.89354],[-115.22389,27.89348],[-115.22382,27.89356],[-115.2238,27.89359],[-115.2237,27.89368],[-115.22363,27.89377],[-115.2237,27.89402],[-115.22345,27.89387],[-115.22343,27.89386],[-115.22331,27.89386]]],[[[-115.21568,27.89619],[-115.16211,27.87038],[-115.16631,27.85278],[-115.1783,27.84966],[-115.21568,27.89619]]],[[[-113.55,28.0],[-112.76478,28.0],[-112.75632,27.96754],[-112.7716,27.86315],[-112.71969,27.82548],[-112.70116,27.75141],[-112.66112,27.70944],[-112.63807,27.70612],[-112.6432,27.69532],[-112.63716,27.70485],[-112.59538,27.65048],[-112.48747,27.62109],[-112.36028,27.55259],[-112.33011,27.51761],[-112.30222,27.38391],[-112.24132,27.3258],[-112.19499,27.24997],[-112.20445,27.20706],[-112.1937,27.24359],[-112.20718,27.24931],[-112.19805,27.24146],[-112.21638,27.22404],[-112.21292,27.20434],[-112.09752,27.13312],[-111.95222,27.09494],[-111.94595,27.06986],[-111.9736,27.06813],[-112.00645,27.03305],[-112.01488,26.9747],[-111.95587,26.91417],[-111.95249,26.90124],[-111.98252,26.88866],[-111.95349,26.89918],[-111.87249,26.83174],[-111.86167,26.78416],[-111.87651,26.75583],[-111.89133,26.76329],[-111.90913,26.71996],[-111.863,26.69335],[-111.84614,26.64398],[-111.80641,26.62621],[-111.7826,26.56788],[-111.7112,26.55241],[-111.6771,26.58843],[-111.81445,26.71578],[-111.824,26.82022],[-111.85108,26.87943],[-111.82195,26.89628],[-111.80168,26.88915],[-111.72159,26.807],[-111.66599,26.78125],[-111.64699,26.74505],[-111.5612,26.69703],[-111.56739,26.5627],[-111.50299,26.53057],[-111.46039,26.53772],[-111.44214,26.51827],[-111.47196,26.4595],[-111.46894,26.41231],[-111.42479,26.38099],[-111.43402,26.36246],[-111.38707,26.32353],[-111.38304,26.28064],[-111.39788,26.25632],[-111.37905,26.18835],[-111.34475,26.11167],[-111.32383,26.10028],[-111.31896,26.06921],[-111.34566,26.02791],[-111.3382,25.98811],[-111.35865,25.95997],[-111.33676,25.90752],[-111.33295,25.83581],[-111.29201,25.81278],[-111.31734,25.82999],[-111.30621,25.77347],[-111.24309,25.72142],[-111.2239,25.72533],[-111.1934,25.61347],[-111.12185,25.5286],[-111.01654,25.5146],[-111.02486,25.44404],[-110.97967,25.34147],[-110.93312,25.29158],[-110.94617,25.25771],[-110.90642,25.18303],[-110.90754,25.14594],[-110.81616,25.03484],[-110.75713,25.01402],[-110.74968,24.96593],[-110.68521,24.8838],[-110.65707,24.80623],[-110.66349,24.77166],[-110.69012,24.70718],[-110.72662,24.67477],[-110.74054,24.61491],[-110.72926,24.515],[-110.68681,24.46185],[-110.68103,24.35713],[-110.61145,24.25561],[-110.55697,24.21019],[-110.42237,24.17718],[-110.32444,24.17622],[-110.37104,24.149],[-110.43341,24.17161],[-110.41364,24.1079],[-110.3512,24.11401],[-110.35199,24.14251],[-110.3047,24.17508],[-110.29836,24.21513],[-110.31247,24.22024],[-110.31348,24.25043],[-110.3275,24.24434],[-110.3111,24.26125],[-110.32421,24.25789],[-110.33178,24.27713],[-110.33647,24.25846],[-110.32697,24.30118],[-110.33991,24.31595],[-110.3155,24.31292],[-110.33434,24.32856],[-110.28351,24.35342],[-110.23336,24.34385],[-110.23571,24.31803],[-110.19332,24.29393],[-110.17427,24.2523],[-110.01772,24.17003],[-109.98377,24.04343],[-109.92978,24.02905],[-109.82663,24.06081],[-109.80399,24.02187],[-109.83546,23.98484],[-109.8375,23.93275],[-109.69926,23.79895],[-109.71323,23.73768],[-109.69736,23.66315],[-109.58322,23.61234],[-109.5834,23.59833],[-109.58285,23.61115],[-109.47105,23.55781],[-109.4795,23.51974],[-109.42312,23.44543],[-109.43191,23.4138],[-109.41311,23.38722],[-109.43169,23.37683],[-109.43793,23.23626],[-109.53245,23.11168],[-109.57638,23.08408],[-109.67712,23.06368],[-109.71434,23.02917],[-109.71288,23.00558],[-109.79477,22.96404],[-109.8429,22.90263],[-109.91145,22.88563],[-109.89563,22.87528],[-109.98988,22.8846],[-110.06136,22.94907],[-110.08563,22.99128],[-110.16635,23.31285],[-110.32932,23.56018],[-110.61253,23.70744],[-111.03277,24.10047],[-111.43379,24.32105],[-111.35623,24.2899],[-111.47807,24.3491],[-111.47553,24.36203],[-111.52708,24.41045],[-111.58333,24.41491],[-111.58223,24.43318],[-111.61071,24.44063],[-111.65265,24.55245],[-111.63688,24.54846],[-111.65807,24.57024],[-111.69197,24.58519],[-111.70264,24.53787],[-111.73242,24.54125],[-111.7325,24.56007],[-111.75291,24.542],[-111.79353,24.54554],[-111.81057,24.56818],[-111.8038,24.5387],[-111.75822,24.51564],[-111.81657,24.50655],[-111.81704,24.57627],[-111.84072,24.63662],[-111.93702,24.73621],[-111.93992,24.74729],[-111.91138,24.72411],[-111.96821,24.79368],[-111.97429,24.75618],[-111.94691,24.75232],[-111.96506,24.73743],[-111.98868,24.74897],[-111.99696,24.73978],[-111.98393,24.73708],[-112.03006,24.73555],[-112.01881,24.74498],[-112.04529,24.78723],[-112.02817,24.80118],[-112.05402,24.82904],[-112.03765,24.83433],[-112.0239,24.815],[-112.03849,24.84607],[-112.03002,24.83565],[-112.05696,24.82946],[-112.04041,24.80044],[-112.06036,24.81209],[-112.04416,24.79885],[-112.0406,24.75278],[-112.07832,24.72995],[-112.06496,24.76205],[-112.0946,24.79646],[-112.10934,24.80007],[-112.09058,24.77837],[-112.12014,24.78395],[-112.11714,24.80484],[-112.0938,24.80122],[-112.09108,24.83316],[-112.09967,24.85069],[-112.11619,24.84883],[-112.12255,24.87625],[-112.07927,24.90746],[-112.10501,24.89982],[-112.09469,24.9199],[-112.10606,24.9159],[-112.11144,24.93577],[-112.08129,24.92325],[-112.07633,24.93338],[-112.09845,24.9404],[-112.07818,24.95031],[-112.11044,24.94168],[-112.09449,24.96153],[-112.10077,25.00948],[-112.13927,24.94859],[-112.1272,24.92248],[-112.15157,24.86674],[-112.13541,24.86198],[-112.14336,24.80386],[-112.16004,24.83295],[-112.14942,24.86209],[-112.17635,24.82001],[-112.16666,24.81217],[-112.17598,24.81705],[-112.18887,24.85177],[-112.15676,24.86828],[-112.17316,24.86709],[-112.15699,24.92202],[-112.18357,24.9597],[-112.14484,24.96569],[-112.15243,24.97762],[-112.12226,25.03808],[-112.12018,25.07243],[-112.15439,25.06498],[-112.15697,25.09444],[-112.14053,25.10738],[-112.14966,25.13532],[-112.13033,25.18295],[-112.10791,25.18723],[-112.12481,25.1912],[-112.11429,25.2317],[-112.09382,25.22139],[-112.11455,25.24056],[-112.07719,25.24229],[-112.08418,25.2996],[-112.07295,25.30028],[-112.07014,25.3525],[-112.08695,25.35492],[-112.07297,25.36749],[-112.09345,25.37156],[-112.09378,25.39962],[-112.07808,25.40645],[-112.08581,25.43298],[-112.07531,25.41483],[-112.06713,25.43104],[-112.0684,25.44722],[-112.0886,25.44301],[-112.08761,25.4627],[-112.05841,25.47576],[-112.09052,25.47885],[-112.07788,25.4836],[-112.08034,25.50855],[-112.0638,25.49294],[-112.08003,25.51372],[-112.06316,25.52156],[-112.06447,25.55635],[-112.08465,25.55795],[-112.06615,25.56397],[-112.07432,25.57687],[-112.06173,25.58743],[-112.07055,25.67942],[-112.08603,25.67588],[-112.08137,25.69576],[-112.07178,25.68924],[-112.07534,25.72787],[-112.09321,25.69878],[-112.09855,25.73839],[-112.09719,25.69255],[-112.10721,25.77947],[-112.19101,25.98346],[-112.23428,26.03528],[-112.27638,26.05869],[-112.27096,26.07076],[-112.28971,26.05519],[-112.30863,26.07173],[-112.32797,26.1453],[-112.37492,26.21039],[-112.36615,26.22162],[-112.37734,26.21459],[-112.4548,26.26209],[-112.49783,26.23158],[-112.61401,26.30209],[-112.61554,26.3193],[-112.68004,26.31466],[-112.76173,26.39624],[-112.98163,26.53054],[-113.08485,26.6186],[-113.13484,26.63609],[-113.11199,26.65934],[-113.08208,26.62284],[-113.08137,26.63545],[-113.05288,26.6402],[-113.15193,26.74883],[-113.1409,26.75831],[-113.14956,26.79302],[-113.12552,26.79604],[-113.16975,26.79559],[-113.18613,26.75602],[-113.24502,26.78794],[-113.1952,26.79258],[-113.2093,26.79629],[-113.13829,26.85796],[-113.13858,26.93748],[-113.16564,26.99278],[-113.20103,26.928],[-113.20377,26.85052],[-113.23125,26.83523],[-113.25293,26.84531],[-113.27176,26.81952],[-113.26673,26.75322],[-113.36868,26.79748],[-113.45783,26.80531],[-113.41356,26.80703],[-113.44855,26.81032],[-113.41206,26.81352],[-113.43283,26.81645],[-113.42101,26.8257],[-113.39107,26.81463],[-113.417,26.83255],[-113.45398,26.8314],[-113.48527,26.81933],[-113.46646,26.80401],[-113.51053,26.78953],[-113.52148,26.75299],[-113.54905,26.73751],[-113.54698,26.71885],[-113.57681,26.70475],[-113.61528,26.71657],[-113.69987,26.79094],[-113.64449,26.75648],[-113.64341,26.73837],[-113.58951,26.71409],[-113.63701,26.73968],[-113.67094,26.78556],[-113.73398,26.79975],[-113.78722,26.91803],[-113.85529,26.9708],[-113.95225,26.99898],[-114.00313,26.9695],[-114.09061,27.08648],[-114.15748,27.12873],[-114.26058,27.15155],[-114.29003,27.1435],[-114.29634,27.12274],[-114.38222,27.17949],[-114.4352,27.17712],[-114.43443,27.20924],[-114.48779,27.22829],[-114.48824,27.34579],[-114.51408,27.41687],[-114.6019,27.47875],[-114.73795,27.52423],[-114.79359,27.615],[-114.8304,27.6311],[-114.84702,27.61695],[-114.87402,27.64336],[-114.84726,27.64794],[-114.84643,27.6757],[-114.86594,27.69531],[-114.89351,27.69005],[-114.90061,27.66351],[-114.93386,27.67803],[-114.95388,27.71633],[-114.99021,27.72878],[-115.00682,27.71643],[-115.05209,27.82],[-115.08245,27.84795],[-115.05476,27.86175],[-115.00911,27.82875],[-114.86596,27.83048],[-114.83497,27.80934],[-114.73687,27.80851],[-114.6387,27.77693],[-114.53313,27.7862],[-114.50089,27.77214],[-114.40041,27.81853],[-114.38639,27.80311],[-114.33784,27.80805],[-114.32469,27.78768],[-114.343,27.81451],[-114.32954,27.80251],[-114.33243,27.85913],[-114.39116,27.8225],[-114.34181,27.86353],[-114.30717,27.87228],[-114.29564,27.83491],[-114.30902,27.84171],[-114.30479,27.81187],[-114.31177,27.8271],[-114.30539,27.81839],[-114.32251,27.82129],[-114.30579,27.8018],[-114.32105,27.77599],[-114.24025,27.69567],[-114.16096,27.6722],[-114.12832,27.58787],[-114.10699,27.60087],[-114.10161,27.58591],[-114.07208,27.59297],[-114.09007,27.61219],[-114.02104,27.66134],[-113.95937,27.65148],[-113.96362,27.66484],[-113.95597,27.65582],[-113.92612,27.67837],[-113.91582,27.70954],[-113.94515,27.74494],[-113.97656,27.74279],[-113.9906,27.76212],[-114.02883,27.7413],[-114.0452,27.78968],[-114.07118,27.81221],[-114.08554,27.80066],[-114.07335,27.80153],[-114.04431,27.73739],[-114.07442,27.73671],[-114.07829,27.72302],[-114.07689,27.73911],[-114.09831,27.70686],[-114.14643,27.72618],[-114.17726,27.79947],[-114.16177,27.82944],[-114.17858,27.82295],[-114.12725,27.89002],[-114.20315,27.91592],[-114.15211,27.91943],[-114.14427,27.90176],[-114.15097,27.92019],[-114.13592,27.91892],[-114.16394,27.91507],[-114.16601,27.92838],[-114.14416,27.93969],[-114.16381,27.93817],[-114.16584,27.91925],[-114.17142,27.94907],[-114.15907,27.94786],[-114.18671,27.9531],[-114.17942,27.92232],[-114.21335,27.9325],[-114.26381,27.88745],[-114.27442,27.90208],[-114.27394,27.92972],[-114.20544,28.0],[-113.55,28.0]]]]}},{"type":"Feature","properties":{"cve_ent":"04","estado":"Campeche"},"geometry":{"type":"MultiPolygon","coordinates":[[[[-91.9565,20.197],[-91.95636,20.19697],[-91.95622,20.19697],[-91.95613,20.19693],[-91.95603,20.19686],[-91.95589,20.19677],[-91.95574,20.19668],[-91.95561,20.19661],[-91.95555,20.19659],[-91.95547,20.19653],[-91.95538,20.19643],[-91.95536,20.19632],[-91.95541,20.19621],[-91.95546,20.19611],[-91.95562,20.19604],[-91.95579,20.19596],[-91.95603,20.19593],[-91.95628,20.19596],[-91.95642,20.19607],[-91.95657,20.19624],[-91.95675,20.19634],[-91.95699,20.19642],[-91.95729,20.19654],[-91.95752,20.19661],[-91.95772,20.19668],[-91.95774,20.19674],[-91.95771,20.19681],[-91.95741,20.19695],[-91.95724,20.197],[-91.95703,20.19704],[-91.95692,20.19707],[-91.95673,20.19706],[-91.95661,20.19703],[-91.9565,20.197]]],[[[-91.97847,20.20404],[-91.97831,20.20397],[-91.97823,20.2039],[-91.97814,20.2038],[-91.97802,20.20371],[-91.9779,20.20362],[-91.97784,20.20357],[-91.97777,20.20352],[-91.97766,20.20347],[-91.97754,20.20346],[-91.97746,20.20346],[-91.97735,20.20346],[-91.97725,20.20344],[-91.97715,20.20338],[-91.97707,20.20334],[-91.97691,20.20328],[-91.97678,20.20325],[-91.97666,20.20323],[-91.97656,20.20319],[-91.97649,20.20314],[-91.97645,20.20306],[-91.97647,20.20295],[-91.97655,20.20277],[-91.97664,20.20266],[-91.97676,20.20254],[-91.97683,20.2025],[-91.97691,20.20247],[-91.97699,20.20247],[-91.97703,20.2025],[-91.97707,20.2026],[-91.97714,20.20274],[-91.97719,20.20284],[-91.97727,20.20294],[-91.97734,20.20302],[-91.97742,20.20312],[-91.97751,20.20319],[-91.97761,20.20329],[-91.97772,20.20337],[-91.97782,20.20344],[-91.97791,20.20351],[-91.97802,20.20359],[-91.97812,20.20363],[-91.97819,20.2037],[-91.97824,20.20378],[-91.97834,20.20385],[-91.97845,20.2039],[-91.97856,20.20394],[-91.97868,20.20398],[-91.97878,20.204],[-91.97881,20.204],[-91.97892,20.20398],[-91.97895,20.20399],[-91.97896,20.20403],[-91.97893,20.20407],[-91.97889,20.20409],[-91.97878,20.2041],[-91.97863,20.20408],[-91.97847,20.20404]]],[[[-91.96312,20.20172],[-91.96341,20.2017],[-91.96382,20.20197],[-91.96406,20.20224],[-91.96411,20.20241],[-91.96401,20.20258],[-91.96384,20.2028],[-91.96363,20.20297],[-91.96346,20.20319],[-91.9632,20.20385],[-91.96292,20.20443],[-91.96271,20.20502],[-91.96256,20.20558],[-91.96246,20.20611],[-91.96243,20.2068],[-91.96244,20.20736],[-91.96245,20.20795],[-91.9624,20.20839],[-91.96232,20.20862],[-91.96196,20.20827],[-91.96154,20.208],[-91.96112,20.20769],[-91.961,20.20752],[-91.96114,20.20735],[-91.96127,20.20713],[-91.96137,20.20688],[-91.9614,20.20659],[-91.96138,20.20632],[-91.96133,20.20615],[-91.96136,20.20597],[-91.96144,20.20576],[-91.96147,20.20544],[-91.96147,20.20515],[-91.9614,20.20477],[-91.96132,20.20448],[-91.96122,20.20422],[-91.96114,20.20391],[-91.96104,20.20368],[-91.96101,20.20348],[-91.96105,20.20319],[-91.96109,20.20294],[-91.96116,20.20279],[-91.96128,20.20267],[-91.96132,20.20242],[-91.96146,20.20215],[-91.96175,20.20206],[-91.96204,20.20198],[-91.96233,20.20187],[-91.9627,20.20174],[-91.96277,20.20174],[-91.96312,20.20172]]],[[[-90.49716,20.3423],[-90.49735,20.34231],[-90.49785,20.34238],[-90.49808,20.34246],[-90.49823,20.34256],[-90.49841,20.34267],[-90.49858,20.34281],[-90.49871,20.34294],[-90.49883,20.34307],[-90.49892,20.3432],[-90.49901,20.34336],[-90.499,20.34355],[-90.49898,20.34371],[-90.49895,20.34385],[-90.49887,20.34399],[-90.49879,20.34411],[-90.49869,20.34419],[-90.49867,20.3442],[-90.49847,20.34429],[-90.49833,20.34435],[-90.4982,20.34438],[-90.49798,20.34442],[-90.49784,20.34443],[-90.49757,20.34444],[-90.49744,20.34445],[-90.4972,20.34442],[-90.497,20.34429],[-90.49685,20.34424],[-90.49676,20.34416],[-90.49671,20.3441],[-90.49664,20.344],[-90.49654,20.34391],[-90.49642,20.34381],[-90.49631,20.34371],[-90.49626,20.34359],[-90.49622,20.34346],[-90.49623,20.34332],[-90.49615,20.34322],[-90.49617,20.34308],[-90.4963,20.34287],[-90.49636,20.3428],[-90.49637,20.3428],[-90.49652,20.34272],[-90.49654,20.34271],[-90.49661,20.34266],[-90.49663,20.34265],[-90.49677,20.3426],[-90.49688,20.34258],[-90.49703,20.34252],[-90.49706,20.34251],[-90.49715,20.34232],[-90.49716,20.3423]]],[[[-90.4704,20.62146],[-90.46965,20.65307],[-90.47091,20.59839],[-90.4704,20.62146]]],[[[-90.46125,20.63833],[-90.46124,20.6383],[-90.46187,20.63858],[-90.46239,20.63938],[-90.46258,20.6405],[-90.46237,20.64154],[-90.46209,20.64342],[-90.46254,20.6454],[-90.46298,20.64755],[-90.46402,20.64991],[-90.46428,20.65054],[-90.46669,20.65247],[-90.46807,20.65317],[-90.47041,20.65611],[-90.46945,20.65843],[-90.46942,20.65843],[-90.46601,20.65837],[-90.46336,20.65705],[-90.46158,20.65552],[-90.46125,20.65359],[-90.46129,20.65239],[-90.46071,20.6503],[-90.46123,20.64839],[-90.46083,20.64613],[-90.46045,20.64415],[-90.4608,20.64255],[-90.46138,20.6414],[-90.46136,20.64035],[-90.46149,20.63923],[-90.46125,20.63833]]],[[[-90.45246,20.68234],[-90.4541,20.65589],[-90.4668,20.67565],[-90.4586,20.69374],[-90.45246,20.68234]]],[[[-90.37936,20.84833],[-90.38665,20.55559],[-90.34114,20.5537],[-90.33524,20.57635],[-90.33524,20.54131],[-90.22924,20.54356],[-90.23421,20.47047],[-90.18479,20.46105],[-90.1863,20.43693],[-90.13157,20.44308],[-90.06721,20.42523],[-90.04169,20.46645],[-90.00417,20.48702],[-89.83796,20.28718],[-89.87238,20.28763],[-89.87566,20.2531],[-89.84068,20.25103],[-89.84616,20.20969],[-89.80251,20.20161],[-89.79397,20.13617],[-89.74847,20.17927],[-89.5987,19.9982],[-89.60467,19.93828],[-89.58681,19.92046],[-89.5875,19.87442],[-89.52567,19.77555],[-89.47591,19.77122],[-89.47915,19.74065],[-89.49166,19.74223],[-89.47722,19.71105],[-89.14667,19.42386],[-89.14695,19.13316],[-89.13582,19.13237],[-89.14438,18.75592],[-89.15574,18.75311],[-89.15024,18.45106],[-89.12549,18.45063],[-89.12123,18.38585],[-89.13821,18.38554],[-89.13236,18.2934],[-89.15167,18.29356],[-89.15806,18.22133],[-89.14287,18.22416],[-89.14307,18.14582],[-89.20024,18.14463],[-89.20246,18.08328],[-89.14438,18.08244],[-89.14475,18.0577],[-89.16336,18.05789],[-89.163,18.01852],[-89.20674,18.02108],[-89.20741,17.99265],[-89.20587,17.9541],[-89.15217,17.95361],[-89.15171,17.81561],[-90.98764,17.81547],[-90.98795,17.96255],[-91.1202,17.96338],[-91.11358,17.97585],[-91.13067,17.98225],[-91.13318,17.95801],[-91.15112,17.96267],[-91.14473,17.97516],[-91.21746,17.97499],[-91.32702,18.06267],[-91.38443,18.06407],[-91.50404,18.11646],[-91.51653,18.13049],[-91.51521,18.15495],[-91.50186,18.15557],[-91.50934,18.17105],[-91.53451,18.14617],[-91.57997,18.15818],[-91.5722,18.14202],[-91.6095,18.09844],[-91.62474,17.94907],[-91.61271,17.91292],[-91.63309,17.90502],[-91.63881,17.87395],[-91.76049,17.95763],[-91.76227,17.93901],[-91.80464,17.97255],[-91.86721,17.98327],[-91.90035,18.01215],[-91.96675,18.01599],[-91.97878,18.04283],[-92.0421,18.07832],[-92.03994,18.09795],[-92.08297,18.08569],[-92.12166,18.10175],[-92.1609,18.15542],[-92.16442,18.19787],[-92.14894,18.21041],[-92.18324,18.27406],[-92.17295,18.27534],[-92.17615,18.45823],[-92.31029,18.45558],[-92.32253,18.47308],[-92.3538,18.44229],[-92.42527,18.51131],[-92.42504,18.55334],[-92.46575,18.61656],[-92.46879,18.65096],[-91.97596,18.69936],[-91.95095,18.69291],[-91.90088,18.63016],[-91.85669,18.61263],[-91.82587,18.6302],[-91.85404,18.64728],[-91.84134,18.66426],[-91.74356,18.67907],[-91.53436,18.77977],[-91.5224,18.76562],[-91.39649,18.89007],[-91.11816,19.03197],[-90.8992,19.18373],[-90.75831,19.3077],[-90.72266,19.35891],[-90.70296,19.48657],[-90.71192,19.56229],[-90.68556,19.62536],[-90.70627,19.65439],[-90.74368,19.65509],[-90.70636,19.65467],[-90.71236,19.67171],[-90.67098,19.71743],[-90.66131,19.7589],[-90.52211,19.85836],[-90.52913,19.86595],[-90.50888,19.86625],[-90.4473,19.95947],[-90.47067,19.98577],[-90.46256,20.01403],[-90.49123,20.06126],[-90.47877,20.11321],[-90.49515,20.1601],[-90.47743,20.18521],[-90.49668,20.34092],[-90.48286,20.37451],[-90.50262,20.46412],[-90.47498,20.47058],[-90.50215,20.47182],[-90.50231,20.49756],[-90.44817,20.63378],[-90.44332,20.71919],[-90.45255,20.68573],[-90.45401,20.70331],[-90.40748,20.76827],[-90.4154,20.8169],[-90.40452,20.84676],[-90.37936,20.84833]]]]}},{"type":"Feature","properties":{"cve_ent":"05","estado":"Coahuila de Zaragoza"},"geometry":{"type":"MultiPolygon","coordinates":[[[[-102.31549,29.88],[-102.2651,29.8677],[-102.26034,29.85312],[-102.24644,29.86423],[-102.22323,29.84054],[-102.19626,29.83626],[-102.18703,29.84877],[-102.17955,29.82606],[-102.14358,29.80358],[-102.07222,29.78662],[-102.04912,29.78546],[-102.03545,29.80425],[-101.98786,29.79699],[-101.97549,29.81568],[-101.95762,29.79587],[-101.93543,29.79956],[-101.92895,29.78271],[-101.85321,29.80776],[-101.8236,29.78727],[-101.81765,29.81167],[-101.80437,29.78004],[-101.7753,29.78917],[-101.71008,29.76182],[-101.66146,29.77126],[-101.64386,29.75407],[-101.62719,29.77087],[-101.57486,29.76928],[-101.56948,29.79681],[-101.54465,29.81219],[-101.53665,29.75812],[-101.4643,29.78961],[-101.44768,29.75049],[-101.40132,29.77071],[-101.4157,29.74641],[-101.37091,29.69881],[-101.36071,29.64869],[-101.34586,29.66276],[-101.30175,29.65096],[-101.31268,29.6059],[-101.30223,29.57603],[-101.27891,29.58767],[-101.27027,29.62822],[-101.24915,29.62286],[-101.24301,29.56617],[-101.2586,29.52244],[-101.18555,29.518],[-101.14763,29.47446],[-101.06181,29.46425],[-101.01006,29.36853],[-100.88644,29.30778],[-100.87687,29.28014],[-100.81379,29.26371],[-100.76701,29.19571],[-100.77278,29.16839],[-100.67612,29.1033],[-100.64567,28.9879],[-100.65146,28.94286],[-100.62965,28.92255],[-100.64091,28.91462],[-100.60095,28.90161],[-100.57442,28.82855],[-100.54763,28.82624],[-100.53513,28.80471],[-100.53344,28.75881],[-100.50737,28.74042],[-100.50018,28.66167],[-100.44618,28.64169],[-100.44716,28.60923],[-100.39869,28.58538],[-100.411,28.54975],[-100.38854,28.5154],[-100.33387,28.49928],[-100.3684,28.47667],[-100.33747,28.44302],[-100.34293,28.38716],[-100.28676,28.31324],[-100.29362,28.27876],[-100.25452,28.23787],[-100.22064,28.23276],[-100.20916,28.19123],[-100.08461,28.14503],[-100.053,28.08505],[-100.01775,28.06513],[-99.99049,27.99362],[-99.93122,27.98058],[-99.93765,27.94219],[-99.89353,27.89948],[-99.90408,27.8737],[-99.87696,27.84147],[-99.87764,27.79965],[-99.84437,27.77844],[-99.99884,27.61528],[-100.18843,27.79914],[-100.35061,27.6846],[-100.4177,27.39363],[-100.67801,27.3348],[-100.83412,27.19517],[-100.83056,27.07389],[-100.79944,27.04583],[-100.76586,27.06333],[-100.74771,27.03626],[-100.73584,27.04758],[-100.74862,27.08125],[-100.71966,27.0792],[-100.68272,27.11139],[-100.67424,27.0846],[-100.534,27.04558],[-100.55136,26.85873],[-100.53816,26.80856],[-100.59014,26.75952],[-100.6144,26.68564],[-100.69123,26.61379],[-100.75304,26.73521],[-101.20676,26.36978],[-101.09762,26.25291],[-101.06857,26.18903],[-100.98274,26.13948],[-100.9429,26.08679],[-100.91642,26.07561],[-100.90553,25.95695],[-100.83442,25.94504],[-100.82267,25.91688],[-100.8619,25.81848],[-100.80561,25.7243],[-100.78342,25.63968],[-100.72977,25.6339],[-100.69029,25.5671],[-100.6329,25.5713],[-100.61473,25.54235],[-100.53844,25.53185],[-100.5297,25.51439],[-100.59975,25.51996],[-100.61909,25.50569],[-100.57951,25.49454],[-100.58489,25.47081],[-100.53088,25.46347],[-100.5227,25.43432],[-100.45188,25.41081],[-100.4701,25.33779],[-100.41456,25.327],[-100.31302,25.33637],[-100.25414,25.30691],[-100.24314,25.26744],[-100.26251,25.25402],[-100.22958,25.21792],[-100.26138,25.20707],[-100.32555,25.22226],[-100.33201,25.18629],[-100.59569,25.25476],[-100.70889,25.23646],[-100.80313,25.16526],[-100.82151,24.99671],[-100.7275,24.91872],[-100.82613,24.835],[-100.79698,24.75081],[-100.79993,24.55619],[-100.81042,24.55159],[-100.90223,24.58392],[-100.95879,24.54268],[-101.0805,24.59119],[-101.12762,24.62336],[-101.20173,24.76549],[-101.34214,24.81335],[-101.40216,24.78822],[-101.46164,24.73676],[-101.62227,24.75898],[-101.64077,24.8007],[-101.60901,24.78966],[-101.60126,24.83556],[-101.65633,24.86079],[-101.68515,24.84001],[-101.77346,24.87554],[-101.84881,25.01762],[-102.29551,25.12524],[-102.46333,25.11592],[-102.44676,24.99952],[-102.66969,25.06664],[-102.85313,24.772],[-102.8564,24.73977],[-102.86964,24.74205],[-102.97518,24.79945],[-103.00514,24.79322],[-103.09295,24.82286],[-103.25915,24.96466],[-103.24656,24.99603],[-103.27802,25.03461],[-103.26218,25.05855],[-103.35954,25.11003],[-103.40286,25.18235],[-103.51094,25.27982],[-103.46206,25.37631],[-103.4067,25.3989],[-103.33692,25.37123],[-103.34137,25.41014],[-103.36906,25.41646],[-103.49441,25.53773],[-103.45544,25.55706],[-103.41603,25.61442],[-103.42477,25.62368],[-103.40328,25.62813],[-103.406,25.64503],[-103.38142,25.64034],[-103.33944,25.7076],[-103.35284,25.71655],[-103.33371,25.73874],[-103.31859,25.8127],[-103.34636,25.8603],[-103.35049,26.14239],[-103.26083,26.28473],[-103.31679,26.36178],[-103.37418,26.60235],[-103.64389,26.69016],[-103.65826,26.71948],[-103.71525,26.73508],[-103.75397,26.82957],[-103.8517,26.89613],[-103.83592,26.93581],[-103.85209,26.93462],[-103.78463,26.9807],[-103.77995,27.00889],[-103.74083,27.02252],[-103.75246,27.07792],[-103.78347,27.09121],[-103.7994,27.12473],[-103.79843,27.21348],[-103.83212,27.29829],[-103.87688,27.31159],[-103.8546,27.54943],[-103.89726,27.65655],[-103.88324,27.65759],[-103.89669,27.74056],[-103.88115,27.73919],[-103.93565,27.79755],[-103.90084,27.82686],[-103.96,27.83531],[-103.94333,27.88884],[-103.95497,27.95082],[-103.93564,27.94534],[-103.94187,27.9278],[-103.89289,27.91402],[-103.87772,27.95749],[-103.92669,27.97136],[-103.8675,28.11214],[-103.64301,28.51246],[-103.64794,28.53298],[-103.62457,28.58115],[-103.60101,28.57491],[-103.59192,28.59083],[-103.61605,28.59819],[-103.59637,28.63947],[-103.582,28.62879],[-103.57266,28.64064],[-103.5573,28.61128],[-103.51451,28.665],[-103.43166,28.81318],[-103.41002,28.84092],[-103.39635,28.83353],[-103.40365,28.86925],[-103.30764,29.00329],[-103.28791,29.00205],[-103.27992,28.97589],[-103.26734,28.996],[-103.25052,28.98026],[-103.228,28.99171],[-103.16387,28.97205],[-103.11585,28.98436],[-103.10071,29.06033],[-103.08587,29.05381],[-103.07597,29.09142],[-103.0338,29.1012],[-102.99527,29.17964],[-102.95082,29.17353],[-102.94319,29.1916],[-102.91789,29.19084],[-102.91231,29.21943],[-102.89437,29.20857],[-102.86736,29.22373],[-102.87151,29.2416],[-102.90631,29.25932],[-102.88398,29.34798],[-102.83922,29.3589],[-102.84494,29.37431],[-102.81239,29.40027],[-102.83322,29.4102],[-102.82538,29.45794],[-102.80067,29.48614],[-102.80832,29.52264],[-102.77105,29.5484],[-102.76842,29.59494],[-102.7402,29.5979],[-102.74102,29.63586],[-102.69331,29.67672],[-102.69862,29.69735],[-102.67487,29.74406],[-102.63028,29.73404],[-102.57404,29.75502],[-102.56957,29.77174],[-102.54805,29.7446],[-102.51367,29.76574],[-102.51778,29.78394],[-102.48725,29.78693],[-102.38758,29.76151],[-102.36491,29.84555],[-102.31549,29.88]]]]}},{"type":"Feature","properties":{"cve_ent":"06","estado":"Colima"},"geometry":{"type":"MultiPolygon","coordinates":[[[[-114.73734,18.37206],[-114.6805,18.36131],[-114.69837,18.34516],[-114.7521,18.33886],[-114.75638,18.3653],[-114.73734,18.37206]]],[[[-104.48607,19.10484],[-104.48593,19.10471],[-104.48594,19.10462],[-104.48599,19.10449],[-104.486,19.10442],[-104.48584,19.10444],[-104.48567,19.10438],[-104.48568,19.1043],[-104.48558,19.10416],[-104.48549,19.10411],[-104.48543,19.10399],[-104.48527,19.1039],[-104.48502,19.10391],[-104.48473,19.10391],[-104.48467,19.10384],[-104.4848,19.1037],[-104.48489,19.1034],[-104.48497,19.10321],[-104.48496,19.1031],[-104.48482,19.10301],[-104.48488,19.10282],[-104.48518,19.10287],[-104.48532,19.1029],[-104.4855,19.10283],[-104.48555,19.10268],[-104.48547,19.10249],[-104.48565,19.10239],[-104.48548,19.10229],[-104.48536,19.1022],[-104.4857,19.1022],[-104.48583,19.10217],[-104.48599,19.10241],[-104.4861,19.10246],[-104.48631,19.10248],[-104.48652,19.10229],[-104.48657,19.10214],[-104.48647,19.10198],[-104.48635,19.10186],[-104.48628,19.10177],[-104.48635,19.10167],[-104.48658,19.10175],[-104.48663,19.10169],[-104.48662,19.10161],[-104.48652,19.10154],[-104.48654,19.10146],[-104.4867,19.10144],[-104.48695,19.10136],[-104.48712,19.10127],[-104.48734,19.10121],[-104.48755,19.10135],[-104.48772,19.10143],[-104.4879,19.10152],[-104.48798,19.10168],[-104.48803,19.10186],[-104.48819,19.10208],[-104.48848,19.10222],[-104.48868,19.10237],[-104.48864,19.10248],[-104.48852,19.10244],[-104.48827,19.10239],[-104.48826,19.10243],[-104.48814,19.10244],[-104.48795,19.10241],[-104.48802,19.10249],[-104.4883,19.10255],[-104.48848,19.10266],[-104.4879,19.10259],[-104.48785,19.10272],[-104.48773,19.10273],[-104.48775,19.1028],[-104.48787,19.10297],[-104.48786,19.1031],[-104.48787,19.10318],[-104.48804,19.10327],[-104.48814,19.10335],[-104.48833,19.10333],[-104.48861,19.10339],[-104.4887,19.10345],[-104.48882,19.10357],[-104.48871,19.10359],[-104.48873,19.10371],[-104.48868,19.10382],[-104.48862,19.10383],[-104.48862,19.10395],[-104.48858,19.10404],[-104.48849,19.10414],[-104.48843,19.10428],[-104.48837,19.10433],[-104.48841,19.10443],[-104.48834,19.10451],[-104.48822,19.10454],[-104.48813,19.10452],[-104.48801,19.1045],[-104.48792,19.1045],[-104.48785,19.10459],[-104.48776,19.10469],[-104.48766,19.10472],[-104.48753,19.10471],[-104.4874,19.10463],[-104.48734,19.10471],[-104.48723,19.10478],[-104.48716,19.10472],[-104.48708,19.10476],[-104.48698,19.10476],[-104.4869,19.10482],[-104.48684,19.10475],[-104.48677,19.10477],[-104.48664,19.1048],[-104.48655,19.10484],[-104.48637,19.10486],[-104.48607,19.10484]]],[[[-110.98634,18.86114],[-110.94026,18.83432],[-110.90775,18.77891],[-110.92009,18.7323],[-110.95147,18.71922],[-110.97082,18.74528],[-111.01554,18.75374],[-111.03586,18.78792],[-111.05559,18.78069],[-111.04097,18.79844],[-111.05206,18.8163],[-111.01294,18.82537],[-110.98634,18.86114]]],[[[-112.06431,18.99157],[-112.06447,18.9913],[-112.06503,18.99136],[-112.06511,18.99145],[-112.06529,18.99174],[-112.06553,18.99196],[-112.06583,18.99201],[-112.06613,18.99215],[-112.06624,18.99236],[-112.06636,18.99259],[-112.06636,18.99259],[-112.06638,18.99273],[-112.06638,18.99273],[-112.06642,18.99293],[-112.06642,18.99293],[-112.06642,18.99308],[-112.06636,18.99321],[-112.06624,18.99336],[-112.066,18.99333],[-112.06565,18.99325],[-112.06559,18.99305],[-112.06547,18.99274],[-112.0653,18.99263],[-112.06516,18.99252],[-112.06494,18.99242],[-112.0648,18.99236],[-112.06472,18.99231],[-112.0646,18.99207],[-112.06433,18.99178],[-112.06431,18.99157],[-112.06431,18.99157]]],[[[-103.61828,19.51252],[-103.6062,19.50056],[-103.61536,19.475],[-103.57427,19.41156],[-103.48643,19.33789],[-103.50918,19.29515],[-103.51524,19.21135],[-103.49763,19.17464],[-103.52648,19.07873],[-103.48851,19.02759],[-103.49878,19.01167],[-103.48845,18.96391],[-103.5086,18.96367],[-103.53135,18.90626],[-103.55807,18.90658],[-103.57324,18.87133],[-103.58758,18.86585],[-103.61556,18.89242],[-103.63028,18.88532],[-103.64057,18.86724],[-103.61719,18.84285],[-103.62003,18.80138],[-103.7003,18.75436],[-103.73791,18.68402],[-103.80342,18.74891],[-103.98321,18.87225],[-104.16081,18.96268],[-104.33206,19.01762],[-104.33007,19.05116],[-104.30535,19.0573],[-104.30395,19.07186],[-104.33397,19.10216],[-104.35416,19.09104],[-104.35541,19.11538],[-104.39394,19.11461],[-104.39543,19.08503],[-104.41132,19.10645],[-104.43847,19.0984],[-104.44172,19.08326],[-104.45147,19.10848],[-104.48938,19.12455],[-104.69059,19.17698],[-104.67998,19.19317],[-104.61882,19.18085],[-104.61283,19.15548],[-104.58984,19.1501],[-104.60029,19.17905],[-104.57694,19.1802],[-104.56911,19.2187],[-104.53029,19.25979],[-104.50838,19.24423],[-104.49454,19.25395],[-104.48895,19.22994],[-104.47167,19.22884],[-104.43926,19.27799],[-104.40095,19.28907],[-104.40132,19.26681],[-104.37427,19.28188],[-104.36187,19.26908],[-104.34388,19.28955],[-104.3148,19.27936],[-104.29759,19.30267],[-104.26118,19.31181],[-104.19167,19.29221],[-104.1798,19.31256],[-104.16165,19.30272],[-104.12298,19.31904],[-104.13334,19.35375],[-104.09023,19.39302],[-104.06173,19.4977],[-104.00005,19.46883],[-103.97401,19.47455],[-103.9648,19.45416],[-103.89952,19.43455],[-103.90877,19.45363],[-103.88933,19.4636],[-103.85645,19.43133],[-103.82413,19.43779],[-103.81925,19.40874],[-103.71826,19.4535],[-103.69005,19.49245],[-103.61828,19.51252]]],[[[-110.80102,19.33487],[-110.79628,19.3027],[-110.81266,19.29823],[-110.80102,19.33487]]]]}},{"type":"Feature","properties":{"cve_ent":"07","estado":"Chiapas"},"geometry":{"type":"MultiPolygon","coordinates":[[[[-91.99567,17.94259],[-91.97845,17.91369],[-91.9396,17.90629],[-91.95683,17.87993],[-91.94841,17.86331],[-91.92806,17.87082],[-91.91813,17.89952],[-91.84969,17.88286],[-91.81091,17.8994],[-91.80437,17.86887],[-91.77969,17.8513],[-91.79237,17.82452],[-91.78225,17.78248],[-91.79016,17.74602],[-91.83066,17.73768],[-91.76785,17.70312],[-91.73881,17.71081],[-91.68138,17.67013],[-91.67299,17.68347],[-91.65474,17.67616],[-91.6599,17.63045],[-91.64457,17.62192],[-91.66356,17.61217],[-91.63883,17.58147],[-91.63429,17.53462],[-91.66282,17.47982],[-91.6998,17.46711],[-91.66521,17.46166],[-91.67204,17.44406],[-91.57969,17.40734],[-91.55879,17.40053],[-91.55786,17.42224],[-91.53724,17.41974],[-91.50994,17.3922],[-91.41983,17.37407],[-91.41678,17.34563],[-91.38351,17.31283],[-91.38955,17.29952],[-91.42553,17.30184],[-91.43976,17.25],[-91.42742,17.21659],[-91.35475,17.19077],[-91.34649,17.15903],[-91.32445,17.18275],[-91.26645,17.17013],[-91.26694,17.10788],[-91.22696,17.09506],[-91.17525,17.0157],[-91.12276,17.00338],[-91.12005,16.97753],[-91.06448,16.92513],[-91.06563,16.90286],[-91.00711,16.88618],[-90.98783,16.86308],[-90.98506,16.89795],[-90.96501,16.9015],[-90.95451,16.88447],[-90.97405,16.86363],[-90.93364,16.85933],[-90.92177,16.82194],[-90.87771,16.82379],[-90.84878,16.79653],[-90.80409,16.79872],[-90.80281,16.77623],[-90.71526,16.72789],[-90.6576,16.63946],[-90.65336,16.5945],[-90.66684,16.58181],[-90.64463,16.57908],[-90.64049,16.59581],[-90.6256,16.5777],[-90.64708,16.56052],[-90.64541,16.51864],[-90.61658,16.52179],[-90.60563,16.50364],[-90.63249,16.48008],[-90.5952,16.49078],[-90.58845,16.46969],[-90.54701,16.48235],[-90.5278,16.45772],[-90.51422,16.4699],[-90.4958,16.45349],[-90.48035,16.46126],[-90.48609,16.42391],[-90.42072,16.4249],[-90.40772,16.40403],[-90.39427,16.41594],[-90.40113,16.39143],[-90.37033,16.36593],[-90.39581,16.37451],[-90.40977,16.36302],[-90.40931,16.3459],[-90.40303,16.36106],[-90.38164,16.33845],[-90.41001,16.32918],[-90.41164,16.30724],[-90.43857,16.3021],[-90.42243,16.25918],[-90.45472,16.24865],[-90.42783,16.2332],[-90.45667,16.20951],[-90.45198,16.18504],[-90.4245,16.16318],[-90.45025,16.14995],[-90.42788,16.13712],[-90.42977,16.11777],[-90.45145,16.1245],[-90.45661,16.11215],[-90.45367,16.09226],[-90.42504,16.10367],[-90.44084,16.07419],[-91.73138,16.07402],[-92.21008,15.26122],[-92.0592,15.07033],[-92.08567,15.02073],[-92.12698,15.01524],[-92.15077,14.98692],[-92.13622,14.89165],[-92.18483,14.82826],[-92.16073,14.7735],[-92.16993,14.74375],[-92.14749,14.71903],[-92.14574,14.66344],[-92.17705,14.62623],[-92.18248,14.57833],[-92.22675,14.5321],[-92.41554,14.69279],[-92.4087,14.70246],[-92.43257,14.72842],[-92.85398,15.15879],[-93.33235,15.59112],[-93.74898,15.89652],[-93.89076,15.97262],[-93.95715,15.9846],[-94.03601,16.02209],[-94.10957,16.1791],[-94.04847,16.21617],[-94.03296,16.27594],[-94.05066,16.32971],[-94.13916,16.46179],[-93.86092,17.16374],[-93.82714,17.1725],[-93.79831,17.24192],[-93.78861,17.23233],[-93.77245,17.24582],[-93.66269,17.25628],[-93.66441,17.28619],[-93.60794,17.31493],[-93.5138,17.44281],[-93.51488,17.49032],[-93.48415,17.54988],[-93.45171,17.54648],[-93.44595,17.58599],[-93.42049,17.59005],[-93.38479,17.64438],[-93.35628,17.64804],[-93.3543,17.71288],[-93.39055,17.7734],[-93.34914,17.76709],[-93.34311,17.78752],[-93.38095,17.78316],[-93.36661,17.80292],[-93.34059,17.79812],[-93.3409,17.93033],[-93.29801,17.93858],[-93.27832,17.98529],[-93.24092,17.95009],[-93.192,17.95614],[-93.12913,17.90785],[-93.09138,17.89756],[-93.1318,17.85232],[-93.11564,17.82221],[-93.10165,17.84583],[-93.04313,17.84258],[-93.02544,17.82542],[-93.01201,17.79367],[-93.04264,17.76841],[-93.05772,17.72049],[-93.03712,17.70338],[-93.04053,17.60983],[-92.98049,17.53756],[-92.99265,17.53002],[-92.98487,17.51131],[-92.96804,17.51797],[-92.94812,17.48274],[-92.9392,17.50245],[-92.88736,17.51046],[-92.85981,17.50028],[-92.84988,17.46898],[-92.83155,17.48086],[-92.81963,17.43275],[-92.85426,17.4112],[-92.82922,17.3963],[-92.8294,17.4086],[-92.78579,17.41753],[-92.75418,17.3433],[-92.67877,17.37849],[-92.66819,17.45669],[-92.65941,17.44428],[-92.60583,17.47738],[-92.59699,17.52036],[-92.57141,17.54961],[-92.53007,17.55],[-92.51998,17.57305],[-92.40208,17.57804],[-92.35067,17.61793],[-92.3499,17.70278],[-92.33735,17.71209],[-92.27462,17.69226],[-92.1945,17.77664],[-92.18849,17.76813],[-92.17195,17.78657],[-92.15171,17.76457],[-92.13083,17.76608],[-92.14658,17.81468],[-92.12048,17.79597],[-92.10203,17.85088],[-92.04941,17.85477],[-92.0718,17.87767],[-92.00336,17.89052],[-91.99567,17.94259]]]]}},{"type":"Feature","properties":{"cve_ent":"08","estado":"Chihuahua"},"geometry":{"type":"MultiPolygon","coordinates":[[[[-107.65314,31.78369],[-106.52852,31.78382],[-106.48755,31.74772],[-106.45205,31.76462],[-106.38127,31.73234],[-106.20813,31.46758],[-106.0802,31.3986],[-106.00478,31.39266],[-105.95351,31.36409],[-105.93783,31.31824],[-105.87033,31.28972],[-105.78327,31.19815],[-105.77258,31.16621],[-105.7419,31.16471],[-105.60414,31.08327],[-105.55759,30.99005],[-105.50285,30.96801],[-105.49153,30.9423],[-105.4001,30.88938],[-105.40119,30.85319],[-105.3391,30.84026],[-105.31651,30.81088],[-105.29116,30.82583],[-105.25636,30.79442],[-105.21555,30.8059],[-105.21682,30.78354],[-105.19556,30.79225],[-105.17555,30.76758],[-105.16591,30.77954],[-105.16169,30.75242],[-105.11859,30.74959],[-105.06194,30.68582],[-105.0069,30.68578],[-104.97168,30.61],[-104.92236,30.60353],[-104.86649,30.49403],[-104.86824,30.44203],[-104.84784,30.42068],[-104.85916,30.3904],[-104.81657,30.37512],[-104.81128,30.33265],[-104.76533,30.30612],[-104.76319,30.27458],[-104.70619,30.23413],[-104.68626,30.17292],[-104.69645,30.13468],[-104.68509,30.0854],[-104.70659,30.05058],[-104.68984,30.01496],[-104.69349,29.97583],[-104.68103,29.97759],[-104.68501,29.9566],[-104.67348,29.95601],[-104.68295,29.92917],[-104.56535,29.77013],[-104.56971,29.75247],[-104.54971,29.7414],[-104.56044,29.73608],[-104.53084,29.6905],[-104.54416,29.6807],[-104.50833,29.63265],[-104.47635,29.62833],[-104.39898,29.573],[-104.38492,29.54299],[-104.35615,29.54119],[-104.33538,29.5198],[-104.31341,29.53176],[-104.23682,29.49715],[-104.23075,29.47912],[-104.21288,29.48509],[-104.21751,29.45612],[-104.16793,29.39551],[-104.10781,29.37357],[-104.03789,29.31991],[-103.78332,29.26552],[-103.7773,29.22193],[-103.76038,29.23346],[-103.74265,29.2223],[-103.71828,29.18115],[-103.65923,29.17059],[-103.65015,29.15669],[-103.55407,29.15852],[-103.43282,29.04363],[-103.3596,29.01879],[-103.34508,29.0468],[-103.32748,29.0399],[-103.33648,29.01817],[-103.30689,29.02378],[-103.3577,28.92025],[-103.40365,28.86925],[-103.39635,28.83353],[-103.41002,28.84092],[-103.43166,28.81318],[-103.51451,28.665],[-103.5573,28.61128],[-103.57266,28.64064],[-103.582,28.62879],[-103.59637,28.63947],[-103.61605,28.59819],[-103.59192,28.59083],[-103.60101,28.57491],[-103.62457,28.58115],[-103.64794,28.53298],[-103.64301,28.51246],[-103.8675,28.11214],[-103.92669,27.97136],[-103.87772,27.95749],[-103.89289,27.91402],[-103.94187,27.9278],[-103.93564,27.94534],[-103.95497,27.95082],[-103.94333,27.88884],[-103.96,27.83531],[-103.90084,27.82686],[-103.93565,27.79755],[-103.88115,27.73919],[-103.89669,27.74056],[-103.88324,27.65759],[-103.89726,27.65655],[-103.8546,27.54943],[-103.87688,27.31159],[-103.83212,27.29829],[-103.79843,27.21348],[-103.7994,27.12473],[-103.78347,27.09121],[-103.75246,27.07792],[-103.74083,27.02252],[-103.77995,27.00889],[-103.78463,26.9807],[-103.85209,26.93462],[-103.83592,26.93581],[-103.8517,26.89613],[-103.75397,26.82957],[-103.69909,26.72526],[-103.8613,26.75409],[-103.99383,26.75361],[-103.995,26.77754],[-104.03319,26.77439],[-104.04574,26.74298],[-104.22781,26.77715],[-104.27304,26.84228],[-104.31531,26.79907],[-104.30176,26.77195],[-104.31728,26.76074],[-104.28654,26.7254],[-104.33039,26.65653],[-104.43478,26.60452],[-104.50283,26.46585],[-104.50097,26.41476],[-104.57445,26.34047],[-104.59386,26.38044],[-104.62009,26.36884],[-104.65408,26.39105],[-104.72704,26.47796],[-104.80927,26.5085],[-104.8989,26.51002],[-104.94438,26.46834],[-104.96322,26.47339],[-104.9631,26.44918],[-105.00039,26.45495],[-105.05663,26.4193],[-105.10155,26.52141],[-105.26468,26.46207],[-105.27908,26.48748],[-105.31675,26.46229],[-105.35277,26.47888],[-105.34271,26.50452],[-105.36862,26.53427],[-105.40343,26.51752],[-105.47014,26.5279],[-105.47151,26.5087],[-105.49609,26.54285],[-105.549,26.54658],[-105.61949,26.68351],[-105.60101,26.61485],[-105.67488,26.61767],[-105.67095,26.63523],[-105.68988,26.65719],[-105.7048,26.65291],[-105.74634,26.71387],[-105.79426,26.69877],[-105.77581,26.66093],[-105.86544,26.74738],[-105.8941,26.74101],[-105.89834,26.76385],[-105.90861,26.75284],[-105.93919,26.76322],[-106.04734,26.84488],[-106.10064,26.75933],[-106.12526,26.77941],[-106.17763,26.77234],[-106.17658,26.72772],[-106.14144,26.72079],[-106.13067,26.7022],[-106.17266,26.70517],[-106.18967,26.69514],[-106.18799,26.67448],[-106.20792,26.67806],[-106.23654,26.61217],[-106.23296,26.55956],[-106.28014,26.53207],[-106.26957,26.52717],[-106.28067,26.51175],[-106.25388,26.50736],[-106.24203,26.46682],[-106.26437,26.40612],[-106.2976,26.39645],[-106.30218,26.36388],[-106.27546,26.36742],[-106.28704,26.33508],[-106.31226,26.34875],[-106.43278,26.20401],[-106.41561,26.1394],[-106.45864,26.11216],[-106.47123,26.06052],[-106.4534,26.02784],[-106.47041,26.00543],[-106.44471,26.00509],[-106.45582,25.97258],[-106.54731,25.95242],[-106.56013,25.91271],[-106.55597,25.69171],[-106.46404,25.74171],[-106.46362,25.72904],[-106.59182,25.64739],[-106.63085,25.5858],[-106.6556,25.57517],[-106.65283,25.55884],[-106.70797,25.60245],[-106.68197,25.57917],[-106.70576,25.59735],[-106.70255,25.58121],[-106.87376,25.57186],[-106.89378,25.64429],[-106.99432,25.66223],[-106.96694,25.66833],[-106.96532,25.69788],[-106.9903,25.71492],[-107.01068,25.69146],[-107.04313,25.6977],[-107.06422,25.71907],[-107.0579,25.75737],[-107.29613,25.92479],[-107.27635,26.00198],[-107.30669,26.04878],[-107.30489,26.0764],[-107.34653,26.10952],[-107.43104,26.14286],[-107.52002,26.10423],[-107.54328,26.14635],[-107.58203,26.17064],[-107.63575,26.15458],[-107.71108,26.17441],[-107.73872,26.16724],[-107.75517,26.13451],[-107.78069,26.13694],[-107.78892,26.16861],[-107.85402,26.19652],[-107.85626,26.22604],[-108.0128,26.43905],[-107.96964,26.47017],[-107.98562,26.4721],[-107.95727,26.49374],[-107.96102,26.52696],[-108.03181,26.61592],[-108.0816,26.64199],[-108.01175,26.68948],[-108.01923,26.73067],[-108.0057,26.76105],[-108.03765,26.76978],[-108.02682,26.79847],[-108.09411,26.87046],[-108.14425,26.86765],[-108.1431,26.90788],[-108.17455,26.88146],[-108.18392,26.89974],[-108.20739,26.906],[-108.20972,26.88544],[-108.23024,26.90572],[-108.23502,26.95862],[-108.18152,26.99411],[-108.19507,27.0327],[-108.25045,27.04103],[-108.28601,27.01247],[-108.31656,27.03449],[-108.33333,27.0046],[-108.35011,27.02255],[-108.40964,27.0134],[-108.47997,27.03959],[-108.50249,26.98736],[-108.57225,27.01266],[-108.56254,27.04602],[-108.60228,27.03694],[-108.61143,27.15414],[-108.65322,27.17605],[-108.66258,27.21954],[-108.66438,27.2394],[-108.59105,27.31808],[-108.66165,27.46474],[-108.65241,27.53703],[-108.71281,27.56625],[-108.73985,27.59995],[-108.74931,27.66473],[-108.78449,27.73047],[-108.89552,27.74481],[-108.92029,27.78397],[-108.86914,27.83929],[-108.91487,27.85401],[-108.92651,27.94059],[-109.0319,28.01829],[-109.07289,28.14857],[-109.06199,28.1992],[-109.07489,28.27261],[-109.05844,28.26727],[-109.0687,28.28614],[-109.04068,28.26699],[-109.02278,28.27753],[-108.99744,28.25505],[-108.99397,28.29796],[-108.96726,28.265],[-108.92201,28.25149],[-108.88066,28.26473],[-108.85609,28.25154],[-108.83042,28.26505],[-108.79166,28.25362],[-108.79668,28.26716],[-108.75098,28.27157],[-108.68723,28.30346],[-108.64129,28.29161],[-108.63618,28.33523],[-108.60351,28.34756],[-108.55093,28.31806],[-108.51964,28.33476],[-108.52165,28.36506],[-108.50137,28.35573],[-108.4797,28.36955],[-108.51554,28.42628],[-108.50767,28.50822],[-108.52329,28.50591],[-108.53129,28.55667],[-108.58015,28.63245],[-108.58379,28.74014],[-108.64329,28.76507],[-108.64556,28.79473],[-108.62382,28.80612],[-108.65785,28.80922],[-108.67818,28.86328],[-108.7098,28.88952],[-108.69815,28.93627],[-108.72435,29.0699],[-108.70944,29.083],[-108.72959,29.09653],[-108.69853,29.12774],[-108.72885,29.1718],[-108.7453,29.16234],[-108.75387,29.2001],[-108.73541,29.21771],[-108.76189,29.25388],[-108.68221,29.26743],[-108.66973,29.30742],[-108.71775,29.46595],[-108.62516,29.50103],[-108.64871,29.5091],[-108.66231,29.54448],[-108.63832,29.55832],[-108.65951,29.58404],[-108.64114,29.58889],[-108.65499,29.64943],[-108.61828,29.66053],[-108.6591,29.71613],[-108.59253,29.71765],[-108.59275,29.72839],[-108.54078,29.73623],[-108.53496,29.75136],[-108.54126,29.79614],[-108.61856,29.80047],[-108.63572,29.82968],[-108.6072,29.84714],[-108.62871,29.95303],[-108.60692,30.02862],[-108.62022,30.29823],[-108.55055,30.26664],[-108.5422,30.28351],[-108.58001,30.33748],[-108.62206,30.34032],[-108.61984,30.3748],[-108.64865,30.41686],[-108.61356,30.43572],[-108.60384,30.46511],[-108.66477,30.46815],[-108.66197,30.52194],[-108.67779,30.55707],[-108.72744,30.58048],[-108.72667,30.59455],[-108.76202,30.58727],[-108.87647,30.62457],[-108.86693,30.68939],[-108.91897,30.73935],[-108.9483,30.73691],[-108.92985,30.86102],[-108.93924,30.90757],[-108.80239,30.9041],[-108.80326,31.00483],[-108.68381,31.00597],[-108.68439,31.03374],[-108.75247,31.03385],[-108.7299,31.05215],[-108.76616,31.07363],[-108.77,31.10247],[-108.84564,31.13558],[-108.83501,31.16933],[-108.80502,31.19296],[-108.84833,31.19511],[-108.86069,31.21893],[-108.90033,31.20245],[-108.90629,31.21334],[-108.87981,31.23879],[-108.81723,31.23901],[-108.75592,31.33242],[-108.20847,31.33336],[-108.20837,31.78375],[-107.65314,31.78369]]]]}},{"type":"Feature","properties":{"cve_ent":"09","estado":"Ciudad de México"},"geometry":{"type":"MultiPolygon","coordinates":[[[[-99.11124,19.5615],[-99.128,19.52453],[-99.06386,19.49878],[-99.04646,19.44236],[-99.05814,19.40069],[-98.99194,19.3676],[-98.9579,19.32323],[-98.97653,19.25313],[-98.96859,19.23222],[-98.9403,19.22324],[-98.96853,19.21057],[-98.95239,19.16864],[-98.96737,19.16444],[-98.95463,19.14952],[-98.96646,19.14387],[-98.96572,19.08586],[-98.979,19.07446],[-99.02899,19.08537],[-99.0598,19.04824],[-99.13538,19.0893],[-99.22678,19.09606],[-99.2787,19.1317],[-99.31534,19.2292],[-99.34234,19.24112],[-99.33916,19.2677],[-99.36492,19.27777],[-99.31761,19.36573],[-99.22227,19.42702],[-99.20926,19.51241],[-99.15718,19.50285],[-99.17705,19.52933],[-99.1568,19.52809],[-99.1581,19.55735],[-99.12371,19.59276],[-99.11124,19.5615]]]]}},{"type":"Feature","properties":{"cve_ent":"10","estado":"Durango"},"geometry":{"type":"MultiPolygon","coordinates":[[[[-105.96732,26.78554],[-105.90861,26.75284],[-105.89834,26.76385],[-105.8941,26.74101],[-105.86544,26.74738],[-105.77581,26.66093],[-105.79426,26.69877],[-105.74634,26.71387],[-105.7048,26.65291],[-105.68988,26.65719],[-105.67095,26.63523],[-105.67488,26.61767],[-105.60101,26.61485],[-105.61949,26.68351],[-105.549,26.54658],[-105.49609,26.54285],[-105.47151,26.5087],[-105.47014,26.5279],[-105.40343,26.51752],[-105.36862,26.53427],[-105.34271,26.50452],[-105.35277,26.47888],[-105.31675,26.46229],[-105.27908,26.48748],[-105.26468,26.46207],[-105.10155,26.52141],[-105.05663,26.4193],[-105.00039,26.45495],[-104.9631,26.44918],[-104.96322,26.47339],[-104.94438,26.46834],[-104.8989,26.51002],[-104.80927,26.5085],[-104.72704,26.47796],[-104.65408,26.39105],[-104.62009,26.36884],[-104.59386,26.38044],[-104.57445,26.34047],[-104.50097,26.41476],[-104.50283,26.46585],[-104.43478,26.60452],[-104.33039,26.65653],[-104.28654,26.7254],[-104.31728,26.76074],[-104.30176,26.77195],[-104.31531,26.79907],[-104.27304,26.84228],[-104.22781,26.77715],[-104.04574,26.74298],[-104.03319,26.77439],[-103.995,26.77754],[-103.99383,26.75361],[-103.8613,26.75409],[-103.65826,26.71948],[-103.64389,26.69016],[-103.37418,26.60235],[-103.31679,26.36178],[-103.26083,26.28473],[-103.35049,26.14239],[-103.34636,25.8603],[-103.31859,25.8127],[-103.33371,25.73874],[-103.35284,25.71655],[-103.33944,25.7076],[-103.38142,25.64034],[-103.406,25.64503],[-103.40328,25.62813],[-103.42477,25.62368],[-103.41603,25.61442],[-103.45544,25.55706],[-103.49441,25.53773],[-103.36906,25.41646],[-103.34137,25.41014],[-103.33692,25.37123],[-103.4067,25.3989],[-103.46206,25.37631],[-103.51071,25.27913],[-103.40286,25.18235],[-103.35954,25.11003],[-103.26218,25.05855],[-103.27802,25.03461],[-103.24656,24.99603],[-103.25915,24.96466],[-103.08912,24.82119],[-103.00514,24.79322],[-102.97522,24.79946],[-102.8564,24.73977],[-102.85313,24.772],[-102.66969,25.06664],[-102.62888,25.00832],[-102.64296,24.97865],[-102.67298,24.97882],[-102.67306,24.94275],[-102.56624,24.90222],[-102.51218,24.70972],[-102.48027,24.42801],[-102.52015,24.42393],[-102.53393,24.40772],[-102.60659,24.41117],[-102.6999,24.37397],[-102.75665,24.37698],[-102.78885,24.40625],[-102.83174,24.38469],[-102.89189,24.46112],[-102.90011,24.4285],[-102.96744,24.4577],[-102.98357,24.43326],[-103.04315,24.4665],[-103.07508,24.42262],[-103.08751,24.43603],[-103.09853,24.40163],[-103.16526,24.4352],[-103.22283,24.4171],[-103.25353,24.44725],[-103.28265,24.42884],[-103.41933,24.43049],[-103.44834,24.3326],[-103.48406,24.31834],[-103.50676,24.28796],[-103.56835,24.28637],[-103.55954,24.19379],[-103.62201,24.11746],[-103.63597,24.11029],[-103.66036,24.14933],[-103.79977,24.05056],[-103.81327,24.02197],[-103.84313,24.02697],[-103.84783,24.00324],[-103.87239,24.00702],[-103.8388,23.96482],[-103.81836,23.96491],[-103.85311,23.87462],[-103.81607,23.80765],[-103.86236,23.75264],[-103.84101,23.70124],[-103.85108,23.6796],[-103.7851,23.67656],[-103.79354,23.63086],[-103.8113,23.61365],[-103.84918,23.64008],[-103.87743,23.62897],[-103.88252,23.59227],[-103.90687,23.60187],[-103.89009,23.57983],[-103.92147,23.58918],[-103.92531,23.55698],[-104.06598,23.46349],[-104.11121,23.35121],[-104.12902,23.18221],[-104.17213,23.12841],[-104.16659,22.94522],[-104.13299,22.90496],[-104.11264,22.90512],[-104.11148,22.81031],[-104.09523,22.80584],[-104.08048,22.76662],[-104.18218,22.75827],[-104.22104,22.77942],[-104.23207,22.7531],[-104.26634,22.73654],[-104.28997,22.64561],[-104.26927,22.63582],[-104.28329,22.6217],[-104.26141,22.5862],[-104.32582,22.5374],[-104.29903,22.4617],[-104.34884,22.40972],[-104.37151,22.42166],[-104.49539,22.37632],[-104.48369,22.34943],[-104.50651,22.34516],[-104.58167,22.39995],[-104.60256,22.46051],[-104.65529,22.46215],[-104.66762,22.56255],[-104.70874,22.55462],[-104.7198,22.56905],[-104.73607,22.55795],[-104.75981,22.56872],[-104.78892,22.64797],[-104.81468,22.63425],[-104.8584,22.64833],[-104.86249,22.60707],[-104.96053,22.50531],[-104.98791,22.49873],[-105.00755,22.58567],[-105.07237,22.6565],[-105.06842,22.67841],[-104.89272,22.73741],[-104.91564,22.74854],[-104.90558,22.79958],[-104.91839,22.81978],[-104.95897,22.8136],[-104.98841,22.83605],[-104.9878,22.88825],[-105.01004,22.92236],[-105.00314,22.97698],[-105.32357,22.94133],[-105.34305,22.96816],[-105.3337,22.99468],[-105.35386,23.01978],[-105.35047,23.06058],[-105.39825,23.08821],[-105.41589,23.1169],[-105.50198,23.12801],[-105.55431,23.09889],[-105.64399,23.14177],[-105.63032,23.23558],[-105.64264,23.23896],[-105.64321,23.27648],[-105.68708,23.28752],[-105.694,23.34057],[-105.73069,23.3749],[-105.70029,23.42017],[-105.73886,23.44521],[-105.72344,23.47484],[-105.76034,23.50296],[-105.7693,23.55647],[-105.81164,23.61103],[-105.84552,23.60326],[-105.84519,23.58369],[-105.8536,23.59729],[-105.88432,23.59039],[-105.89266,23.55265],[-105.90891,23.58827],[-105.92663,23.68414],[-105.90609,23.7394],[-105.92306,23.74775],[-105.96127,23.84074],[-105.95366,23.90858],[-105.86724,23.87524],[-105.85759,23.8993],[-105.89992,23.94392],[-105.94542,23.94803],[-105.90846,23.98343],[-105.91214,23.99753],[-105.99872,24.04338],[-106.00788,24.07251],[-105.98972,24.11439],[-106.04388,24.22085],[-106.06995,24.2202],[-106.07584,24.27139],[-106.15254,24.33877],[-106.16998,24.33365],[-106.26887,24.37476],[-106.33633,24.3557],[-106.36754,24.30194],[-106.46965,24.27786],[-106.51709,24.28698],[-106.60159,24.41457],[-106.56928,24.43702],[-106.56002,24.47271],[-106.63007,24.5065],[-106.62261,24.5249],[-106.64546,24.52898],[-106.70595,24.66526],[-106.86585,24.82296],[-106.93066,24.82092],[-106.95142,24.85902],[-106.92708,24.86662],[-106.93451,24.88054],[-107.00058,24.92824],[-107.02105,24.90991],[-107.01834,24.93362],[-107.06357,25.02526],[-107.12989,25.05314],[-107.12492,25.18664],[-107.14877,25.22455],[-107.12106,25.24311],[-107.1572,25.26176],[-107.20782,25.33156],[-107.17155,25.32636],[-107.21013,25.4171],[-107.15869,25.44199],[-107.13929,25.48956],[-107.17812,25.51518],[-107.17388,25.55655],[-107.12456,25.55041],[-106.97329,25.62957],[-106.99432,25.66223],[-106.89378,25.64429],[-106.87376,25.57186],[-106.70255,25.58121],[-106.70576,25.59735],[-106.68197,25.57917],[-106.70797,25.60245],[-106.65283,25.55884],[-106.6556,25.57517],[-106.63085,25.5858],[-106.59182,25.64739],[-106.46362,25.72904],[-106.46404,25.74171],[-106.55597,25.69171],[-106.56013,25.91271],[-106.54731,25.95242],[-106.45582,25.97258],[-106.44471,26.00509],[-106.47041,26.00543],[-106.4534,26.02784],[-106.47123,26.06052],[-106.45864,26.11216],[-106.41561,26.1394],[-106.43278,26.20401],[-106.31226,26.34875],[-106.28704,26.33508],[-106.27546,26.36742],[-106.30218,26.36388],[-106.2976,26.39645],[-106.26437,26.40612],[-106.24203,26.46682],[-106.25388,26.50736],[-106.28067,26.51175],[-106.26957,26.52717],[-106.28014,26.53207],[-106.23296,26.55956],[-106.23654,26.61217],[-106.20792,26.67806],[-106.18799,26.67448],[-106.18967,26.69514],[-106.17266,26.70517],[-106.13067,26.7022],[-106.14144,26.72079],[-106.17658,26.72772],[-106.17763,26.77234],[-106.12526,26.77941],[-106.10064,26.75933],[-106.04734,26.84488],[-105.96732,26.78554]]]]}},{"type":"Feature","properties":{"cve_ent":"11","estado":"Guanajuato"},"geometry":{"type":"MultiPolygon","coordinates":[[[[-101.36146,21.83912],[-101.31948,21.83533],[-101.28969,21.81214],[-101.21715,21.81608],[-101.21979,21.8022],[-101.16127,21.75751],[-101.05925,21.76552],[-100.98197,21.75353],[-100.91258,21.71365],[-100.92127,21.70027],[-100.90718,21.68164],[-100.87011,21.67249],[-100.86515,21.68708],[-100.83432,21.66456],[-100.85768,21.61899],[-100.8095,21.59205],[-100.73434,21.57873],[-100.71763,21.55023],[-100.68117,21.5475],[-100.65746,21.52472],[-100.63545,21.54319],[-100.6143,21.53313],[-100.61495,21.50579],[-100.53395,21.54233],[-100.46108,21.54533],[-100.4607,21.57121],[-100.4858,21.5944],[-100.4604,21.62399],[-100.44734,21.67492],[-100.35137,21.69167],[-100.27214,21.68735],[-100.24631,21.66493],[-100.17963,21.65079],[-100.17144,21.60127],[-100.14719,21.61813],[-100.07584,21.55793],[-100.06228,21.52331],[-99.95682,21.52623],[-99.96511,21.50512],[-99.94571,21.49743],[-99.95935,21.48351],[-99.94233,21.44962],[-99.94317,21.46178],[-99.90517,21.44816],[-99.83493,21.47812],[-99.83918,21.46239],[-99.81707,21.46169],[-99.77407,21.49178],[-99.78779,21.32962],[-99.75789,21.29214],[-99.73416,21.30144],[-99.73725,21.31288],[-99.6713,21.30119],[-99.69908,21.2667],[-99.68785,21.22578],[-99.73848,21.23582],[-99.83126,21.15732],[-99.98637,21.21831],[-100.01109,21.18946],[-99.99642,21.18259],[-100.02754,21.10025],[-100.01107,21.0285],[-100.02256,21.01462],[-100.06895,21.02281],[-100.06075,21.00582],[-100.08074,20.94986],[-100.06417,20.93629],[-100.11783,20.92216],[-100.13531,20.93726],[-100.18153,20.9304],[-100.26362,20.971],[-100.26554,20.92925],[-100.29921,20.93133],[-100.29839,20.91529],[-100.33359,20.89073],[-100.4134,20.88743],[-100.45396,20.90018],[-100.45318,20.9232],[-100.47223,20.92845],[-100.46996,20.90704],[-100.48537,20.9088],[-100.50902,20.87071],[-100.50205,20.85292],[-100.57759,20.81667],[-100.55833,20.80457],[-100.54891,20.73638],[-100.59654,20.71726],[-100.55113,20.63377],[-100.52954,20.63867],[-100.49618,20.61619],[-100.48209,20.57151],[-100.485,20.5538],[-100.50477,20.55503],[-100.50976,20.50653],[-100.49238,20.49042],[-100.47618,20.38961],[-100.41,20.37601],[-100.38838,20.30902],[-100.32576,20.26102],[-100.35524,20.21902],[-100.34031,20.18974],[-100.39726,20.09695],[-100.35826,20.06492],[-100.36293,19.98986],[-100.46582,19.9874],[-100.51169,19.95822],[-100.51995,19.91882],[-100.53601,19.92301],[-100.53182,19.97639],[-100.55072,19.95797],[-100.59308,19.95828],[-100.55678,19.9853],[-100.57671,19.99306],[-100.5956,19.99166],[-100.61757,19.95769],[-100.66038,19.96455],[-100.74875,19.91275],[-100.77881,19.91515],[-100.79206,19.95557],[-100.8243,19.97833],[-100.83576,19.9346],[-100.94754,19.96255],[-100.94788,19.93356],[-100.97055,19.92924],[-100.98079,19.95522],[-101.00228,19.95236],[-101.00466,19.96623],[-100.97671,19.98274],[-100.9827,20.00263],[-100.96764,20.01129],[-101.00809,20.02809],[-101.01399,20.04571],[-100.99272,20.06449],[-101.02135,20.08694],[-101.07486,20.08839],[-101.13315,20.05998],[-101.17524,20.09712],[-101.17162,20.07345],[-101.19632,20.05719],[-101.16035,20.0402],[-101.20153,20.02574],[-101.20306,20.00722],[-101.25303,20.0355],[-101.40168,20.03501],[-101.38751,20.08296],[-101.4047,20.0802],[-101.40869,20.12313],[-101.38938,20.13486],[-101.4225,20.16323],[-101.41989,20.20159],[-101.3632,20.19579],[-101.35262,20.23493],[-101.36052,20.24906],[-101.39532,20.24855],[-101.42056,20.2752],[-101.45593,20.26717],[-101.4402,20.30519],[-101.4567,20.30437],[-101.45094,20.3195],[-101.46491,20.32901],[-101.50107,20.31167],[-101.52294,20.33235],[-101.55327,20.33252],[-101.56578,20.31574],[-101.5831,20.32736],[-101.60107,20.29802],[-101.62465,20.31458],[-101.62553,20.267],[-101.64252,20.26765],[-101.64625,20.23867],[-101.66331,20.23758],[-101.66847,20.21314],[-101.68692,20.21722],[-101.69793,20.18967],[-101.7312,20.2148],[-101.75939,20.20173],[-101.78662,20.21932],[-101.82486,20.20184],[-101.83387,20.22479],[-101.88811,20.18839],[-101.89302,20.20378],[-101.9179,20.19508],[-101.90794,20.21515],[-101.9306,20.20812],[-101.93987,20.22708],[-101.93217,20.24374],[-101.95118,20.27158],[-101.93455,20.29769],[-101.96347,20.31856],[-101.94529,20.34267],[-101.99639,20.35964],[-102.0137,20.35063],[-102.0138,20.32793],[-102.02523,20.34798],[-102.01359,20.3939],[-102.06503,20.37492],[-102.09641,20.38426],[-102.04399,20.45659],[-102.04603,20.48261],[-102.01009,20.52606],[-102.01414,20.5426],[-101.97392,20.54179],[-101.95114,20.60743],[-101.97119,20.63761],[-101.96808,20.66364],[-102.01384,20.66444],[-102.01439,20.71706],[-102.03774,20.7174],[-102.03446,20.74214],[-102.06449,20.73875],[-102.06759,20.77225],[-102.09591,20.78005],[-102.07987,20.82907],[-102.02178,20.86216],[-101.97988,20.92505],[-101.93895,20.93061],[-101.875,21.09289],[-101.81766,21.10705],[-101.83345,21.13727],[-101.81183,21.14124],[-101.80401,21.16635],[-101.78111,21.16053],[-101.75972,21.26762],[-101.64318,21.29934],[-101.64284,21.35511],[-101.67758,21.39514],[-101.57042,21.41854],[-101.58904,21.4649],[-101.64117,21.52227],[-101.58019,21.62553],[-101.59609,21.63706],[-101.56914,21.69231],[-101.58404,21.70957],[-101.57086,21.70431],[-101.55765,21.7351],[-101.57968,21.7364],[-101.58569,21.77878],[-101.53883,21.77733],[-101.47387,21.82739],[-101.36146,21.83912]]]]}},{"type":"Feature","properties":{"cve_ent":"12","estado":"Guerrero"},"geometry":{"type":"MultiPolygon","coordinates":[[[[-99.9061,16.82274],[-99.90524,16.82222],[-99.90481,16.82169],[-99.90421,16.82164],[-99.90321,16.82196],[-99.90296,16.82253],[-99.90231,16.82288],[-99.90142,16.82274],[-99.90153,16.8222],[-99.90212,16.82206],[-99.90173,16.82182],[-99.90186,16.82156],[-99.90132,16.82133],[-99.90129,16.82114],[-99.90196,16.82106],[-99.90234,16.82073],[-99.90269,16.82057],[-99.90349,16.82048],[-99.90327,16.82005],[-99.90283,16.81973],[-99.90306,16.81933],[-99.90368,16.81898],[-99.90424,16.81946],[-99.90479,16.81916],[-99.90507,16.81907],[-99.9053,16.81872],[-99.90508,16.8184],[-99.90536,16.818],[-99.90561,16.81755],[-99.90563,16.81793],[-99.90583,16.81774],[-99.9061,16.81801],[-99.90638,16.81782],[-99.90675,16.81785],[-99.90629,16.81859],[-99.90745,16.81898],[-99.90819,16.81957],[-99.90901,16.81936],[-99.90968,16.81937],[-99.91013,16.81917],[-99.91065,16.81898],[-99.91092,16.81988],[-99.91136,16.82004],[-99.91166,16.82008],[-99.91178,16.81982],[-99.91201,16.8196],[-99.91232,16.81944],[-99.91284,16.81983],[-99.91306,16.82004],[-99.91325,16.82033],[-99.9134,16.82063],[-99.91356,16.8207],[-99.91365,16.82045],[-99.91378,16.8204],[-99.91402,16.82055],[-99.91417,16.82056],[-99.9142,16.82084],[-99.91437,16.82103],[-99.91458,16.82106],[-99.91484,16.82126],[-99.9152,16.82138],[-99.91504,16.82179],[-99.9149,16.82217],[-99.91502,16.82236],[-99.91525,16.82236],[-99.91538,16.8225],[-99.91552,16.82272],[-99.91587,16.82265],[-99.91619,16.82264],[-99.91597,16.82311],[-99.91615,16.82283],[-99.91638,16.82284],[-99.91657,16.82278],[-99.91643,16.82305],[-99.91661,16.82309],[-99.91693,16.82296],[-99.9172,16.8231],[-99.91746,16.82313],[-99.91767,16.82303],[-99.91787,16.82288],[-99.91806,16.82274],[-99.91815,16.82271],[-99.91814,16.82286],[-99.91807,16.8231],[-99.91773,16.82321],[-99.91774,16.82345],[-99.91801,16.8236],[-99.91777,16.82379],[-99.91746,16.8238],[-99.91718,16.8239],[-99.91683,16.82397],[-99.91631,16.8237],[-99.9159,16.8234],[-99.91581,16.8232],[-99.91561,16.82327],[-99.91535,16.82334],[-99.91509,16.82349],[-99.91468,16.82331],[-99.91438,16.82333],[-99.9142,16.8231],[-99.91437,16.82284],[-99.91401,16.82266],[-99.9133,16.82287],[-99.91274,16.82276],[-99.9123,16.82241],[-99.91198,16.82263],[-99.91223,16.82338],[-99.91167,16.82368],[-99.91143,16.8242],[-99.91195,16.82442],[-99.91126,16.82477],[-99.91006,16.82487],[-99.9088,16.825],[-99.90846,16.8243],[-99.90755,16.82374],[-99.90657,16.82332],[-99.9061,16.82317],[-99.9061,16.82274]]],[[[-101.65873,17.67943],[-101.65863,17.67942],[-101.65861,17.67948],[-101.65861,17.67951],[-101.65862,17.67957],[-101.65862,17.67965],[-101.65862,17.67979],[-101.65859,17.67984],[-101.65853,17.67983],[-101.65848,17.67979],[-101.65838,17.67942],[-101.65839,17.67929],[-101.65837,17.67896],[-101.6583,17.67886],[-101.65817,17.67876],[-101.65807,17.67869],[-101.65801,17.67863],[-101.65795,17.67853],[-101.6579,17.67843],[-101.65772,17.67806],[-101.6577,17.67797],[-101.65763,17.67792],[-101.65746,17.67783],[-101.65737,17.6778],[-101.65729,17.67778],[-101.65713,17.67776],[-101.65681,17.67774],[-101.6566,17.67777],[-101.65637,17.67783],[-101.65619,17.67787],[-101.65582,17.67799],[-101.65573,17.67804],[-101.65561,17.67812],[-101.65568,17.67828],[-101.65569,17.67833],[-101.65584,17.67836],[-101.65585,17.67832],[-101.65588,17.67832],[-101.65586,17.67845],[-101.65583,17.67844],[-101.65584,17.67839],[-101.65571,17.67836],[-101.65574,17.67847],[-101.65501,17.67868],[-101.65486,17.67875],[-101.6548,17.6788],[-101.6547,17.67881],[-101.65454,17.67882],[-101.65432,17.67863],[-101.65424,17.67852],[-101.65414,17.67837],[-101.65412,17.67826],[-101.65411,17.67812],[-101.65414,17.67804],[-101.65415,17.67803],[-101.65422,17.67796],[-101.65427,17.67786],[-101.65428,17.67784],[-101.65429,17.67772],[-101.65425,17.67755],[-101.65419,17.67733],[-101.65399,17.67715],[-101.65381,17.67699],[-101.65353,17.67678],[-101.65331,17.67663],[-101.65312,17.67653],[-101.65302,17.6765],[-101.65274,17.67641],[-101.65258,17.67637],[-101.65246,17.67636],[-101.6524,17.67637],[-101.6524,17.6764],[-101.65242,17.6764],[-101.65239,17.67657],[-101.65243,17.67658],[-101.65243,17.6766],[-101.65233,17.67659],[-101.65234,17.67656],[-101.65237,17.67657],[-101.65239,17.67644],[-101.65238,17.67644],[-101.65238,17.67638],[-101.65232,17.67638],[-101.65212,17.67646],[-101.65204,17.6764],[-101.65165,17.67594],[-101.65161,17.67587],[-101.65154,17.67567],[-101.65154,17.67561],[-101.65156,17.67555],[-101.65159,17.6755],[-101.65172,17.67528],[-101.65183,17.67496],[-101.65185,17.67481],[-101.65185,17.67478],[-101.65182,17.67469],[-101.65182,17.67438],[-101.65198,17.67388],[-101.65201,17.67383],[-101.65224,17.67387],[-101.65233,17.67389],[-101.65286,17.67409],[-101.65308,17.67431],[-101.65327,17.67452],[-101.65338,17.67474],[-101.65373,17.67504],[-101.65398,17.67532],[-101.65424,17.67569],[-101.65457,17.67652],[-101.65498,17.6768],[-101.65514,17.67696],[-101.65528,17.67711],[-101.65545,17.67719],[-101.65582,17.67708],[-101.65609,17.67692],[-101.65634,17.67666],[-101.65664,17.6763],[-101.6567,17.67623],[-101.65677,17.67606],[-101.65677,17.67605],[-101.65679,17.67579],[-101.65675,17.6757],[-101.65679,17.67553],[-101.65679,17.67553],[-101.65688,17.67552],[-101.65696,17.67544],[-101.65698,17.67536],[-101.65698,17.67524],[-101.657,17.67521],[-101.65688,17.67501],[-101.6568,17.67496],[-101.65674,17.67491],[-101.65664,17.67477],[-101.65646,17.67463],[-101.65637,17.67459],[-101.65634,17.67448],[-101.65645,17.67414],[-101.65652,17.67392],[-101.65672,17.67363],[-101.65685,17.67358],[-101.65721,17.67349],[-101.65744,17.67369],[-101.6575,17.67372],[-101.65756,17.67374],[-101.65762,17.67376],[-101.65774,17.67373],[-101.65789,17.6737],[-101.65803,17.67366],[-101.65818,17.6736],[-101.65854,17.67357],[-101.65878,17.67359],[-101.65902,17.67359],[-101.65926,17.67352],[-101.65938,17.67344],[-101.65938,17.67338],[-101.65941,17.67336],[-101.65941,17.67335],[-101.65955,17.6733],[-101.65959,17.67329],[-101.65991,17.67367],[-101.65995,17.67388],[-101.66001,17.67414],[-101.6605,17.67488],[-101.66086,17.67492],[-101.66101,17.67519],[-101.6607,17.67534],[-101.66076,17.67588],[-101.66134,17.67594],[-101.66165,17.67571],[-101.66177,17.67584],[-101.66173,17.67599],[-101.66174,17.67612],[-101.66162,17.67624],[-101.66152,17.67664],[-101.66071,17.67661],[-101.66093,17.6768],[-101.66138,17.67703],[-101.66133,17.67708],[-101.66102,17.67732],[-101.661,17.67734],[-101.66089,17.67732],[-101.6608,17.67732],[-101.66077,17.67732],[-101.66075,17.67731],[-101.6605,17.67739],[-101.66026,17.67755],[-101.66013,17.67765],[-101.66011,17.67768],[-101.6601,17.67769],[-101.66005,17.67781],[-101.65998,17.67796],[-101.66005,17.678],[-101.66023,17.67803],[-101.66031,17.67803],[-101.66049,17.67807],[-101.66071,17.67812],[-101.66083,17.67822],[-101.66083,17.67829],[-101.66068,17.67874],[-101.66065,17.67884],[-101.66062,17.67894],[-101.66061,17.67899],[-101.66057,17.67904],[-101.66045,17.67909],[-101.6604,17.6791],[-101.66038,17.67911],[-101.66031,17.67912],[-101.66025,17.67912],[-101.66011,17.67904],[-101.65996,17.679],[-101.6598,17.67897],[-101.65968,17.679],[-101.65957,17.67905],[-101.65941,17.67912],[-101.65937,17.67916],[-101.65933,17.67921],[-101.65932,17.67928],[-101.65933,17.6793],[-101.65946,17.67942],[-101.65946,17.67948],[-101.65946,17.67962],[-101.65946,17.67987],[-101.65939,17.67993],[-101.65927,17.67997],[-101.65916,17.67999],[-101.65913,17.67998],[-101.65905,17.67994],[-101.65901,17.67989],[-101.659,17.67981],[-101.659,17.67979],[-101.659,17.67964],[-101.6588,17.67947],[-101.65873,17.67943]]],[[[-100.61018,18.88712],[-100.58549,18.85877],[-100.49348,18.82392],[-100.49029,18.7893],[-100.45939,18.79689],[-100.456,18.77788],[-100.43063,18.78325],[-100.41809,18.75951],[-100.43713,18.75056],[-100.44713,18.70158],[-100.47834,18.68686],[-100.48703,18.64035],[-100.42973,18.59927],[-100.44936,18.55656],[-100.4291,18.51005],[-100.39595,18.54052],[-100.3737,18.52911],[-100.362,18.49685],[-100.38536,18.42652],[-100.35944,18.42346],[-100.30375,18.36702],[-100.29198,18.38161],[-100.27089,18.37373],[-100.25952,18.42743],[-100.2364,18.41677],[-100.21708,18.44592],[-100.18574,18.45511],[-100.1742,18.48168],[-100.08995,18.52216],[-100.06889,18.56444],[-100.08241,18.58795],[-100.02496,18.60687],[-99.9993,18.58358],[-100.0016,18.56393],[-99.96167,18.55298],[-99.94716,18.58794],[-99.88846,18.61866],[-99.84762,18.60549],[-99.84836,18.62026],[-99.81656,18.625],[-99.81252,18.64086],[-99.793,18.63066],[-99.73703,18.73983],[-99.67197,18.7135],[-99.70916,18.76884],[-99.69699,18.78634],[-99.66146,18.77131],[-99.63091,18.72055],[-99.62287,18.73984],[-99.58991,18.73931],[-99.56978,18.70551],[-99.53643,18.69375],[-99.49441,18.72054],[-99.45389,18.6099],[-99.4197,18.59034],[-99.42288,18.56207],[-99.36295,18.49903],[-99.3574,18.46767],[-99.34345,18.46713],[-99.35268,18.48598],[-99.32826,18.48883],[-99.32837,18.45954],[-99.20542,18.45659],[-99.17791,18.42475],[-99.18132,18.44842],[-99.14062,18.47497],[-99.12831,18.42731],[-99.06605,18.36711],[-99.07596,18.34238],[-99.05177,18.28982],[-99.06936,18.28323],[-99.05323,18.26416],[-99.06371,18.25148],[-99.03171,18.27231],[-99.0169,18.26639],[-99.01933,18.24541],[-98.98904,18.24932],[-99.00007,18.1902],[-98.88188,18.16616],[-98.85237,18.1176],[-98.86981,18.05722],[-98.813,18.06488],[-98.8113,18.05063],[-98.79707,18.06265],[-98.7351,18.0451],[-98.7671,18.01961],[-98.80126,18.02205],[-98.81494,18.0017],[-98.73183,17.98255],[-98.65054,17.93316],[-98.58552,17.97494],[-98.52963,17.97582],[-98.52672,17.99629],[-98.42509,17.97693],[-98.42417,17.93824],[-98.445,17.9223],[-98.42423,17.89224],[-98.42496,17.83959],[-98.49634,17.76881],[-98.48966,17.70344],[-98.46104,17.63036],[-98.41015,17.59977],[-98.37697,17.60535],[-98.32945,17.53298],[-98.31188,17.47749],[-98.32901,17.47873],[-98.33585,17.4563],[-98.28737,17.32901],[-98.30481,17.32752],[-98.3235,17.27594],[-98.28848,17.23822],[-98.24434,17.25147],[-98.20314,17.21629],[-98.2226,17.12215],[-98.15342,17.1104],[-98.00728,17.04014],[-98.03016,17.01576],[-98.05749,17.02378],[-98.11126,16.95887],[-98.07233,16.87425],[-98.10816,16.76095],[-98.13518,16.75839],[-98.12424,16.74964],[-98.13899,16.72378],[-98.20027,16.69724],[-98.20154,16.71267],[-98.23353,16.71737],[-98.24344,16.6967],[-98.22846,16.6395],[-98.21421,16.6188],[-98.19378,16.62146],[-98.20336,16.58718],[-98.26943,16.55846],[-98.32997,16.57275],[-98.39514,16.54684],[-98.38733,16.49779],[-98.35253,16.48943],[-98.34947,16.44559],[-98.39916,16.38051],[-98.47086,16.38116],[-98.5334,16.35158],[-98.55263,16.31595],[-98.77275,16.55475],[-98.84172,16.54845],[-98.85695,16.52825],[-98.90586,16.53443],[-99.33289,16.65845],[-99.6576,16.69593],[-99.81765,16.7879],[-99.84513,16.78431],[-99.85906,16.79624],[-99.83698,16.80561],[-99.87652,16.81455],[-99.85122,16.83698],[-99.86209,16.85513],[-99.89809,16.85388],[-99.91092,16.84186],[-99.89406,16.83279],[-99.91575,16.82776],[-99.9229,16.85952],[-99.98988,16.90926],[-101.03758,17.26854],[-101.06127,17.26476],[-101.0562,17.30695],[-101.17447,17.38912],[-101.20682,17.42873],[-101.4572,17.52508],[-101.4436,17.5639],[-101.50437,17.6197],[-101.55245,17.61132],[-101.55182,17.63857],[-101.57212,17.62234],[-101.60679,17.6608],[-101.65317,17.66247],[-101.64749,17.70116],[-101.66707,17.73375],[-101.74743,17.79281],[-101.77063,17.84586],[-101.8155,17.89073],[-102.03217,17.98756],[-102.09883,17.98296],[-102.13791,17.94019],[-102.13755,17.96968],[-102.18016,17.9989],[-102.17828,18.12292],[-102.14246,18.18706],[-101.97815,18.20731],[-101.97341,18.23231],[-101.90665,18.24481],[-101.89682,18.27712],[-101.86325,18.26166],[-101.88292,18.27744],[-101.86269,18.28723],[-101.8702,18.30832],[-101.85572,18.31428],[-101.88932,18.40047],[-101.86044,18.44619],[-101.88793,18.4815],[-101.88226,18.53423],[-101.84384,18.5744],[-101.77179,18.60372],[-101.71736,18.61201],[-101.70118,18.58789],[-101.6245,18.59915],[-101.58356,18.52099],[-101.50744,18.4868],[-101.44195,18.48899],[-101.40688,18.51251],[-101.3656,18.49988],[-101.36188,18.52022],[-101.28208,18.54473],[-101.08866,18.50591],[-101.012,18.52754],[-101.00599,18.49365],[-100.97371,18.48196],[-100.95744,18.44443],[-100.94275,18.45508],[-100.92227,18.44457],[-100.91452,18.47175],[-100.89437,18.46314],[-100.87398,18.49201],[-100.83848,18.47307],[-100.79818,18.48054],[-100.77764,18.43954],[-100.73737,18.4273],[-100.72273,18.40045],[-100.70704,18.419],[-100.69105,18.41415],[-100.67669,18.37256],[-100.643,18.34616],[-100.58823,18.41215],[-100.63149,18.43847],[-100.63724,18.45775],[-100.71504,18.4864],[-100.72268,18.51377],[-100.74423,18.51807],[-100.7649,18.56121],[-100.75121,18.64167],[-100.77028,18.69271],[-100.78426,18.687],[-100.77294,18.73257],[-100.79691,18.74627],[-100.79897,18.78454],[-100.78252,18.80165],[-100.79177,18.83417],[-100.76667,18.86542],[-100.7484,18.86793],[-100.70999,18.83643],[-100.69607,18.79413],[-100.61018,18.88712]]]]}},{"type":"Feature","properties":{"cve_ent":"13","estado":"Hidalgo"},"geometry":{"type":"MultiPolygon","coordinates":[[[[-98.48554,21.39838],[-98.4687,21.38703],[-98.46361,21.35015],[-98.49562,21.34042],[-98.54398,21.2639],[-98.51654,21.24427],[-98.46836,21.24965],[-98.47966,21.22389],[-98.45695,21.21483],[-98.44677,21.17981],[-98.41644,21.15498],[-98.35075,21.15714],[-98.31586,21.18688],[-98.2979,21.1774],[-98.27913,21.19275],[-98.29451,21.14719],[-98.24911,21.1294],[-98.21682,21.15147],[-98.19515,21.12036],[-98.20198,21.10644],[-98.17486,21.10622],[-98.14741,21.07658],[-98.16116,21.01913],[-98.18827,21.03131],[-98.21501,20.98963],[-98.20954,20.96709],[-98.21611,20.95261],[-98.22857,20.95761],[-98.23935,20.92303],[-98.22486,20.90636],[-98.25097,20.8973],[-98.2655,20.86654],[-98.25377,20.82149],[-98.22471,20.81824],[-98.23365,20.79756],[-98.29881,20.77784],[-98.30783,20.80192],[-98.32852,20.7841],[-98.34467,20.79749],[-98.31484,20.80982],[-98.35287,20.83601],[-98.34515,20.86485],[-98.40291,20.85838],[-98.45055,20.82147],[-98.46456,20.77253],[-98.44973,20.75135],[-98.50361,20.73223],[-98.51665,20.74289],[-98.50644,20.73312],[-98.55018,20.68939],[-98.5334,20.66272],[-98.52505,20.68184],[-98.42145,20.74428],[-98.4459,20.69434],[-98.45988,20.6962],[-98.46369,20.66724],[-98.49485,20.64434],[-98.48018,20.589],[-98.51225,20.59422],[-98.53467,20.53066],[-98.59729,20.49577],[-98.54969,20.43536],[-98.54897,20.36029],[-98.5174,20.33685],[-98.46039,20.33145],[-98.38615,20.40271],[-98.32101,20.41801],[-98.31214,20.44977],[-98.22869,20.52083],[-98.15804,20.54256],[-98.11179,20.61594],[-98.08718,20.62288],[-98.0749,20.67655],[-98.02101,20.62678],[-98.01727,20.52599],[-97.98507,20.51741],[-98.01138,20.45577],[-98.07048,20.43027],[-98.12684,20.33623],[-98.18131,20.33654],[-98.17908,20.29381],[-98.25403,20.30134],[-98.28444,20.26279],[-98.27055,20.21581],[-98.17592,20.25423],[-98.12796,20.18594],[-98.13958,20.15014],[-98.09788,20.14539],[-98.10846,20.1208],[-98.12461,20.12407],[-98.12827,20.1072],[-98.1597,20.09257],[-98.1809,20.04699],[-98.16043,19.97813],[-98.1807,19.95975],[-98.21594,19.96852],[-98.22208,19.94693],[-98.2516,19.94815],[-98.24807,19.91753],[-98.26782,19.91611],[-98.26935,19.89571],[-98.315,19.85512],[-98.26715,19.84334],[-98.23482,19.77705],[-98.19448,19.76559],[-98.1957,19.74162],[-98.25957,19.71721],[-98.33167,19.72232],[-98.3238,19.6853],[-98.3817,19.60936],[-98.4902,19.61995],[-98.49161,19.60737],[-98.51924,19.6024],[-98.53558,19.63442],[-98.5504,19.61858],[-98.56636,19.64112],[-98.60984,19.60201],[-98.66315,19.60475],[-98.67005,19.65868],[-98.64381,19.64884],[-98.61967,19.66116],[-98.6399,19.67108],[-98.62392,19.69641],[-98.63292,19.72224],[-98.6081,19.72508],[-98.59687,19.76584],[-98.66081,19.83503],[-98.67479,19.8324],[-98.67588,19.81318],[-98.69764,19.83211],[-98.67266,19.86283],[-98.71282,19.8538],[-98.78057,19.88354],[-98.79517,19.85641],[-98.84403,19.88199],[-98.85583,19.90428],[-98.8659,19.89259],[-98.88316,19.90153],[-98.91182,19.88102],[-98.90602,19.84513],[-98.92763,19.84339],[-98.95004,19.79964],[-99.0082,19.8284],[-99.02058,19.86768],[-98.95355,19.88854],[-98.95611,19.92818],[-98.99978,19.94183],[-98.99562,19.95689],[-98.94273,19.97907],[-98.94665,20.02748],[-98.98898,20.06826],[-99.02155,19.98701],[-99.00412,19.96495],[-99.03451,19.97177],[-99.03134,20.01485],[-99.04943,20.0077],[-99.05958,19.974],[-99.06384,20.01419],[-99.08545,20.03249],[-99.1586,20.02719],[-99.22776,19.95107],[-99.2056,19.9275],[-99.2283,19.87505],[-99.29694,19.83522],[-99.3066,19.79769],[-99.33865,19.80203],[-99.34456,19.77945],[-99.38303,19.77142],[-99.37325,19.85154],[-99.41499,19.85053],[-99.44521,19.88432],[-99.43593,19.90313],[-99.46388,19.8926],[-99.48398,19.90518],[-99.47776,19.96057],[-99.45024,19.96425],[-99.43685,20.0013],[-99.45976,20.06546],[-99.51813,20.14567],[-99.50183,20.15329],[-99.51224,20.1751],[-99.53349,20.16206],[-99.59956,20.16967],[-99.6306,20.14569],[-99.65973,20.18082],[-99.67695,20.16247],[-99.71937,20.16714],[-99.84189,20.28188],[-99.85954,20.26463],[-99.82807,20.54301],[-99.73868,20.56052],[-99.71195,20.58127],[-99.69641,20.57445],[-99.65787,20.6018],[-99.61951,20.59141],[-99.56534,20.64039],[-99.50192,20.65896],[-99.50554,20.6847],[-99.54847,20.7372],[-99.50382,20.76579],[-99.48873,20.83293],[-99.44606,20.85303],[-99.43523,20.8994],[-99.41256,20.90543],[-99.41559,20.9249],[-99.39063,20.95227],[-99.38995,21.00414],[-99.36325,21.04173],[-99.39728,21.10207],[-99.34636,21.10088],[-99.34183,21.12366],[-99.30921,21.1473],[-99.24768,21.10127],[-99.15052,21.14775],[-99.09063,21.1531],[-99.07648,21.17346],[-99.06241,21.17431],[-99.07271,21.15797],[-99.06133,21.15421],[-99.04308,21.17868],[-99.05237,21.21952],[-99.07353,21.23043],[-99.05118,21.25343],[-99.05514,21.28254],[-98.94496,21.31134],[-98.88266,21.17961],[-98.8574,21.18926],[-98.82495,21.16135],[-98.79395,21.16018],[-98.78988,21.1785],[-98.80814,21.19324],[-98.77292,21.17197],[-98.74131,21.19279],[-98.72766,21.17955],[-98.70212,21.18512],[-98.69664,21.16146],[-98.68266,21.20064],[-98.65052,21.18093],[-98.60874,21.20141],[-98.59524,21.28323],[-98.60467,21.30184],[-98.67073,21.32472],[-98.68108,21.34618],[-98.65275,21.34684],[-98.63855,21.36772],[-98.59694,21.35907],[-98.54957,21.3846],[-98.51143,21.36251],[-98.50708,21.38616],[-98.48554,21.39838]]]]}},{"type":"Feature","properties":{"cve_ent":"14","estado":"Jalisco"},"geometry":{"type":"MultiPolygon","coordinates":[[[[-104.81446,19.22904],[-104.81437,19.22869],[-104.81414,19.22861],[-104.81376,19.22849],[-104.81401,19.22779],[-104.81405,19.22778],[-104.81395,19.22755],[-104.81388,19.2273],[-104.81386,19.22727],[-104.81388,19.22702],[-104.81392,19.22683],[-104.81394,19.2267],[-104.8139,19.22657],[-104.8137,19.22635],[-104.81367,19.22635],[-104.81362,19.22634],[-104.81354,19.22614],[-104.81354,19.22605],[-104.81353,19.2259],[-104.81369,19.2258],[-104.81377,19.22577],[-104.8141,19.22556],[-104.8141,19.22555],[-104.81423,19.22538],[-104.81433,19.22528],[-104.81429,19.22512],[-104.81427,19.22512],[-104.81416,19.22507],[-104.81409,19.22502],[-104.81409,19.22502],[-104.81403,19.22494],[-104.81401,19.22494],[-104.81394,19.22491],[-104.81392,19.22487],[-104.81392,19.22479],[-104.81394,19.22474],[-104.81406,19.22469],[-104.81409,19.22446],[-104.81424,19.22444],[-104.8144,19.22464],[-104.81446,19.22464],[-104.81445,19.22451],[-104.81458,19.22427],[-104.81469,19.22443],[-104.81485,19.22472],[-104.81488,19.2247],[-104.81499,19.22481],[-104.81522,19.22481],[-104.81521,19.22471],[-104.81533,19.22463],[-104.8154,19.22443],[-104.81553,19.22429],[-104.81541,19.22414],[-104.8154,19.22405],[-104.81539,19.22381],[-104.81562,19.2238],[-104.81575,19.224],[-104.81596,19.22413],[-104.81599,19.22412],[-104.81607,19.22382],[-104.8161,19.22357],[-104.81625,19.2236],[-104.8164,19.22354],[-104.81642,19.22331],[-104.81643,19.22323],[-104.81638,19.22315],[-104.81634,19.2231],[-104.81627,19.22305],[-104.81619,19.22295],[-104.81617,19.2229],[-104.81613,19.22277],[-104.81615,19.22268],[-104.81627,19.22258],[-104.81631,19.22253],[-104.81638,19.22236],[-104.81639,19.22228],[-104.81639,19.22222],[-104.81636,19.22212],[-104.81635,19.22206],[-104.81635,19.22205],[-104.81635,19.22202],[-104.8163,19.22194],[-104.81638,19.22171],[-104.81631,19.22152],[-104.81617,19.22167],[-104.81609,19.22121],[-104.81609,19.22108],[-104.81608,19.22092],[-104.81636,19.2209],[-104.81643,19.22093],[-104.81655,19.22107],[-104.81668,19.22104],[-104.8167,19.22106],[-104.81675,19.22123],[-104.81676,19.22134],[-104.81671,19.22163],[-104.81678,19.22183],[-104.81687,19.22196],[-104.81695,19.2221],[-104.81685,19.22233],[-104.81688,19.22249],[-104.81689,19.22259],[-104.81691,19.22272],[-104.8169,19.22283],[-104.81691,19.22288],[-104.81694,19.22297],[-104.81694,19.22311],[-104.81688,19.22329],[-104.81682,19.22339],[-104.8168,19.22344],[-104.81667,19.22358],[-104.81665,19.22367],[-104.8166,19.22385],[-104.8166,19.22396],[-104.81661,19.22412],[-104.81661,19.22412],[-104.81659,19.22416],[-104.8167,19.22412],[-104.81688,19.22429],[-104.81708,19.22401],[-104.81732,19.22401],[-104.81764,19.22407],[-104.8174,19.22446],[-104.81723,19.22464],[-104.81706,19.22454],[-104.81699,19.22477],[-104.81701,19.22508],[-104.81692,19.22535],[-104.81692,19.2256],[-104.81691,19.22577],[-104.81705,19.22606],[-104.817,19.22632],[-104.81688,19.22654],[-104.81676,19.22671],[-104.81675,19.22694],[-104.81673,19.22725],[-104.81631,19.22726],[-104.81619,19.22743],[-104.81606,19.22751],[-104.81608,19.22761],[-104.8161,19.2278],[-104.81596,19.22792],[-104.816,19.22803],[-104.81599,19.22815],[-104.81611,19.22818],[-104.81607,19.22845],[-104.81579,19.22848],[-104.81571,19.22863],[-104.81552,19.22873],[-104.81546,19.22877],[-104.8153,19.22878],[-104.81524,19.22878],[-104.81507,19.22881],[-104.81495,19.22898],[-104.815,19.22902],[-104.81501,19.22903],[-104.81507,19.22902],[-104.81513,19.2291],[-104.81516,19.22915],[-104.81526,19.22927],[-104.8151,19.22938],[-104.81519,19.22947],[-104.81509,19.22956],[-104.81491,19.2296],[-104.81478,19.22966],[-104.81487,19.22982],[-104.81487,19.22994],[-104.81487,19.22995],[-104.81494,19.22999],[-104.81497,19.23007],[-104.81495,19.2301],[-104.81489,19.23012],[-104.81498,19.23022],[-104.81488,19.23031],[-104.81468,19.2305],[-104.81484,19.23053],[-104.81463,19.23074],[-104.81456,19.23081],[-104.81485,19.23099],[-104.8149,19.23129],[-104.81419,19.23109],[-104.81393,19.23104],[-104.81384,19.23098],[-104.81386,19.23078],[-104.81391,19.23068],[-104.81393,19.23054],[-104.81378,19.2304],[-104.81373,19.23033],[-104.81379,19.23026],[-104.8138,19.23024],[-104.8139,19.23015],[-104.814,19.23007],[-104.81403,19.22995],[-104.81407,19.22985],[-104.81418,19.22971],[-104.81427,19.22959],[-104.81437,19.22946],[-104.8144,19.22934],[-104.81446,19.22904]]],[[[-104.81251,19.23302],[-104.81268,19.2328],[-104.81269,19.23259],[-104.81218,19.23236],[-104.81222,19.2323],[-104.81226,19.23214],[-104.8127,19.23218],[-104.81261,19.23201],[-104.81265,19.23186],[-104.81291,19.232],[-104.81323,19.23207],[-104.8134,19.23183],[-104.81336,19.23157],[-104.81308,19.23146],[-104.81302,19.23128],[-104.81303,19.23128],[-104.81311,19.23114],[-104.81321,19.2311],[-104.81332,19.23098],[-104.81339,19.23093],[-104.81352,19.23101],[-104.81379,19.23118],[-104.81395,19.23127],[-104.814,19.23148],[-104.81404,19.23158],[-104.81404,19.23171],[-104.81419,19.23192],[-104.81408,19.2321],[-104.81416,19.23265],[-104.81425,19.23297],[-104.81457,19.23295],[-104.81482,19.2331],[-104.81419,19.23328],[-104.81379,19.2334],[-104.81355,19.2335],[-104.81373,19.23386],[-104.81373,19.23396],[-104.81368,19.23412],[-104.81368,19.23412],[-104.81356,19.23428],[-104.81297,19.23426],[-104.81286,19.2339],[-104.81259,19.23358],[-104.81204,19.23327],[-104.81251,19.23302]]],[[[-104.87615,19.27336],[-104.876,19.27322],[-104.8759,19.27323],[-104.87589,19.27302],[-104.87595,19.27288],[-104.87612,19.27268],[-104.87616,19.27269],[-104.87626,19.27254],[-104.87648,19.27248],[-104.87651,19.27237],[-104.87686,19.2725],[-104.87708,19.27267],[-104.87729,19.27265],[-104.87747,19.27275],[-104.8775,19.27305],[-104.87737,19.27316],[-104.87721,19.27328],[-104.87718,19.27338],[-104.87715,19.27358],[-104.87686,19.27373],[-104.8765,19.27354],[-104.87624,19.27351],[-104.87617,19.27346],[-104.87615,19.27336]]],[[[-104.95991,19.30605],[-104.96009,19.30605],[-104.96016,19.30609],[-104.96022,19.30621],[-104.96021,19.30642],[-104.96028,19.30656],[-104.96052,19.30674],[-104.96068,19.30699],[-104.96095,19.30769],[-104.96098,19.30786],[-104.96091,19.30797],[-104.96075,19.30806],[-104.9606,19.30813],[-104.96046,19.30802],[-104.96039,19.3079],[-104.96025,19.30784],[-104.96012,19.30781],[-104.95954,19.30709],[-104.9596,19.30682],[-104.95974,19.30672],[-104.95985,19.30656],[-104.95988,19.30647],[-104.95979,19.30627],[-104.95983,19.30615],[-104.95991,19.30605]]],[[[-104.95526,19.31014],[-104.95525,19.31006],[-104.95529,19.31002],[-104.95538,19.31004],[-104.95542,19.31007],[-104.95549,19.31008],[-104.95554,19.31003],[-104.95556,19.30995],[-104.95557,19.30974],[-104.95558,19.30958],[-104.95561,19.3095],[-104.95569,19.30943],[-104.95582,19.30959],[-104.95596,19.3095],[-104.95607,19.30956],[-104.95613,19.30963],[-104.95633,19.30969],[-104.95636,19.30975],[-104.9563,19.30991],[-104.95641,19.30997],[-104.95658,19.31015],[-104.95658,19.31034],[-104.95628,19.3105],[-104.95615,19.31051],[-104.95593,19.31055],[-104.95579,19.31057],[-104.95561,19.31058],[-104.95553,19.31054],[-104.95553,19.31054],[-104.95532,19.3104],[-104.95532,19.31034],[-104.95529,19.31029],[-104.95527,19.31023],[-104.95527,19.31019],[-104.95526,19.31014]]],[[[-104.95148,19.31425],[-104.95155,19.31421],[-104.95167,19.31433],[-104.95181,19.31446],[-104.95194,19.31463],[-104.95196,19.31478],[-104.952,19.3149],[-104.9521,19.3151],[-104.95195,19.31527],[-104.95179,19.31527],[-104.95168,19.31524],[-104.95164,19.3152],[-104.9516,19.31518],[-104.95147,19.3151],[-104.95141,19.31505],[-104.95135,19.31496],[-104.95134,19.31479],[-104.95125,19.31456],[-104.9513,19.31442],[-104.95136,19.31434],[-104.95148,19.31425]]],[[[-105.03528,19.39091],[-105.03507,19.39084],[-105.03499,19.39088],[-105.03489,19.3909],[-105.0348,19.39089],[-105.03479,19.3908],[-105.03477,19.39071],[-105.03473,19.39067],[-105.03468,19.39057],[-105.03466,19.39043],[-105.03465,19.39037],[-105.03462,19.39031],[-105.03452,19.39022],[-105.03443,19.39018],[-105.03433,19.39018],[-105.03429,19.39022],[-105.03427,19.39029],[-105.03413,19.39036],[-105.03405,19.39032],[-105.03395,19.39026],[-105.03393,19.39009],[-105.03397,19.38996],[-105.03396,19.38979],[-105.03399,19.38975],[-105.03406,19.3897],[-105.03408,19.38967],[-105.03408,19.38958],[-105.03408,19.38947],[-105.03405,19.38938],[-105.03406,19.38929],[-105.03398,19.38905],[-105.03409,19.38897],[-105.03425,19.38896],[-105.03439,19.38895],[-105.03457,19.38901],[-105.03475,19.38915],[-105.03492,19.38913],[-105.03511,19.389],[-105.03515,19.38887],[-105.03529,19.38875],[-105.03553,19.38875],[-105.03561,19.38878],[-105.03571,19.38885],[-105.03586,19.38883],[-105.0359,19.38889],[-105.036,19.38903],[-105.03604,19.38908],[-105.03603,19.38923],[-105.03594,19.38927],[-105.03587,19.38932],[-105.03575,19.38942],[-105.0357,19.38969],[-105.03577,19.38986],[-105.03582,19.3901],[-105.03583,19.39027],[-105.03581,19.39037],[-105.03577,19.39053],[-105.03575,19.39063],[-105.03569,19.39073],[-105.0355,19.39088],[-105.03548,19.39091],[-105.03537,19.39095],[-105.03528,19.39091]]],[[[-105.0357,19.44108],[-105.03556,19.441],[-105.03541,19.44106],[-105.03529,19.44106],[-105.03528,19.44111],[-105.03527,19.4411],[-105.03523,19.44104],[-105.03516,19.44092],[-105.03507,19.44078],[-105.03483,19.44073],[-105.03476,19.44047],[-105.03498,19.44043],[-105.03501,19.44023],[-105.03499,19.44011],[-105.03512,19.43988],[-105.03531,19.43986],[-105.0354,19.43968],[-105.03573,19.43961],[-105.03575,19.4398],[-105.03583,19.43998],[-105.03582,19.44014],[-105.03586,19.44024],[-105.03607,19.44005],[-105.03616,19.44008],[-105.03637,19.4401],[-105.03632,19.4402],[-105.03625,19.44034],[-105.03621,19.44059],[-105.03606,19.44076],[-105.03604,19.44089],[-105.03605,19.44103],[-105.0359,19.4412],[-105.0357,19.44108]]],[[[-105.06353,19.47677],[-105.06333,19.47655],[-105.06342,19.47644],[-105.06344,19.47632],[-105.06361,19.47635],[-105.0638,19.47643],[-105.06395,19.4765],[-105.06406,19.47658],[-105.06411,19.47659],[-105.06415,19.47663],[-105.06426,19.4766],[-105.06446,19.47655],[-105.06465,19.47651],[-105.06483,19.47635],[-105.06551,19.47624],[-105.06583,19.47619],[-105.06604,19.47624],[-105.06627,19.47635],[-105.06623,19.47652],[-105.06605,19.47662],[-105.06563,19.47666],[-105.06507,19.47675],[-105.06484,19.47679],[-105.06463,19.4771],[-105.06402,19.47719],[-105.06378,19.47702],[-105.06353,19.47677]]],[[[-105.06664,19.47914],[-105.0664,19.47906],[-105.0664,19.47906],[-105.0663,19.47902],[-105.06619,19.47905],[-105.06606,19.47902],[-105.066,19.47896],[-105.06589,19.4789],[-105.06572,19.47883],[-105.06554,19.47872],[-105.06485,19.47872],[-105.06484,19.47872],[-105.06455,19.47857],[-105.06454,19.47876],[-105.06461,19.47892],[-105.06449,19.47898],[-105.0643,19.47882],[-105.06424,19.47864],[-105.06431,19.47844],[-105.06429,19.47839],[-105.06421,19.47831],[-105.06417,19.47818],[-105.06406,19.47807],[-105.06388,19.47785],[-105.06413,19.4776],[-105.0646,19.47741],[-105.06494,19.47738],[-105.06541,19.47745],[-105.06574,19.47761],[-105.06606,19.47758],[-105.06696,19.47757],[-105.06664,19.47734],[-105.06698,19.47714],[-105.06734,19.47744],[-105.06806,19.47746],[-105.06844,19.47778],[-105.06823,19.47834],[-105.06786,19.47833],[-105.06772,19.47812],[-105.06752,19.4781],[-105.06715,19.47808],[-105.06691,19.47788],[-105.06648,19.47779],[-105.06653,19.47802],[-105.06613,19.47806],[-105.06603,19.47835],[-105.06607,19.47849],[-105.06616,19.47868],[-105.06635,19.47877],[-105.06652,19.47888],[-105.0667,19.47907],[-105.0667,19.47917],[-105.06664,19.47914]]],[[[-105.08544,19.51481],[-105.08543,19.51479],[-105.08537,19.51479],[-105.08535,19.5148],[-105.08531,19.5148],[-105.08527,19.5148],[-105.08511,19.51475],[-105.08506,19.51471],[-105.08499,19.51462],[-105.08497,19.51452],[-105.08499,19.51424],[-105.08503,19.51399],[-105.08509,19.51388],[-105.08513,19.51385],[-105.0852,19.51382],[-105.08537,19.51382],[-105.08564,19.51383],[-105.08574,19.51387],[-105.08577,19.51389],[-105.08581,19.51392],[-105.08588,19.51394],[-105.08593,19.51401],[-105.08606,19.51416],[-105.08615,19.51438],[-105.08619,19.51445],[-105.08619,19.51454],[-105.08618,19.51459],[-105.08617,19.51464],[-105.08613,19.51469],[-105.08611,19.51473],[-105.08608,19.5148],[-105.08602,19.51485],[-105.08574,19.51496],[-105.0856,19.51497],[-105.08551,19.51493],[-105.08545,19.51489],[-105.08544,19.51485],[-105.08544,19.51481]]],[[[-105.08633,19.52276],[-105.08627,19.52274],[-105.08625,19.52274],[-105.08611,19.52281],[-105.08598,19.52281],[-105.08574,19.5227],[-105.08557,19.5226],[-105.08549,19.5225],[-105.08545,19.52231],[-105.08549,19.5221],[-105.08563,19.52198],[-105.08569,19.52187],[-105.08572,19.52162],[-105.08556,19.52155],[-105.08563,19.5211],[-105.08599,19.52112],[-105.08632,19.52153],[-105.08676,19.52144],[-105.08699,19.5215],[-105.08693,19.52178],[-105.08681,19.52187],[-105.08702,19.522],[-105.08689,19.52205],[-105.08683,19.5221],[-105.08673,19.52218],[-105.08649,19.52219],[-105.08648,19.52223],[-105.08669,19.52246],[-105.08678,19.52253],[-105.08712,19.52255],[-105.08719,19.52262],[-105.08716,19.52275],[-105.08715,19.52276],[-105.08699,19.52277],[-105.0869,19.5228],[-105.0867,19.52282],[-105.08664,19.52282],[-105.08659,19.52283],[-105.08644,19.52282],[-105.0864,19.5228],[-105.08633,19.52276]]],[[[-105.09326,19.52646],[-105.09315,19.52617],[-105.09294,19.5259],[-105.09312,19.52558],[-105.09258,19.52536],[-105.0922,19.52518],[-105.09194,19.52517],[-105.0914,19.52496],[-105.09088,19.52464],[-105.09071,19.52438],[-105.09055,19.52385],[-105.09075,19.52352],[-105.09102,19.5233],[-105.09138,19.52314],[-105.09207,19.5236],[-105.0928,19.52371],[-105.09326,19.52371],[-105.09385,19.52371],[-105.0942,19.52422],[-105.09344,19.52454],[-105.09378,19.52482],[-105.09393,19.52454],[-105.09444,19.52447],[-105.09473,19.52481],[-105.09446,19.52496],[-105.09487,19.52502],[-105.09525,19.5251],[-105.09519,19.52532],[-105.09412,19.52557],[-105.09433,19.52578],[-105.09516,19.52577],[-105.09564,19.52571],[-105.09589,19.52598],[-105.09589,19.52615],[-105.09558,19.52635],[-105.09519,19.52649],[-105.09478,19.52649],[-105.09443,19.52633],[-105.09422,19.52669],[-105.09386,19.52676],[-105.09359,19.52676],[-105.09345,19.52666],[-105.09326,19.52646]]],[[[-105.09358,19.53046],[-105.09348,19.53044],[-105.09332,19.53047],[-105.09321,19.53043],[-105.09309,19.53039],[-105.09309,19.5302],[-105.09325,19.53009],[-105.09335,19.52999],[-105.09359,19.52993],[-105.09374,19.52994],[-105.09384,19.52991],[-105.0939,19.52986],[-105.09403,19.5295],[-105.09404,19.52941],[-105.09405,19.52932],[-105.09414,19.52919],[-105.09434,19.52915],[-105.09446,19.52916],[-105.09453,19.52926],[-105.09456,19.52938],[-105.09446,19.52951],[-105.09438,19.52956],[-105.09427,19.52956],[-105.09424,19.52959],[-105.09418,19.52976],[-105.09422,19.53007],[-105.09425,19.53014],[-105.09423,19.53023],[-105.09419,19.53032],[-105.09416,19.53043],[-105.09397,19.53056],[-105.09377,19.53055],[-105.09365,19.53048],[-105.09358,19.53046]]],[[[-105.08833,19.53321],[-105.08831,19.53299],[-105.08832,19.53273],[-105.08832,19.53246],[-105.08822,19.53223],[-105.08813,19.53202],[-105.08791,19.53185],[-105.0878,19.53172],[-105.08786,19.53163],[-105.08809,19.53154],[-105.08831,19.53166],[-105.08851,19.53167],[-105.08872,19.53174],[-105.08895,19.53172],[-105.08912,19.5318],[-105.0892,19.53192],[-105.08953,19.53184],[-105.08953,19.53201],[-105.08975,19.53214],[-105.0899,19.53236],[-105.08968,19.53244],[-105.08948,19.53253],[-105.08958,19.53269],[-105.08964,19.53289],[-105.08963,19.53306],[-105.08965,19.53322],[-105.08927,19.53318],[-105.08909,19.53336],[-105.08891,19.53351],[-105.08857,19.5334],[-105.08833,19.53321]]],[[[-105.08875,19.53611],[-105.08839,19.53607],[-105.08829,19.53598],[-105.08827,19.53573],[-105.08839,19.53537],[-105.08831,19.53517],[-105.08793,19.5355],[-105.08769,19.53574],[-105.08761,19.53552],[-105.08766,19.53533],[-105.08764,19.53513],[-105.08762,19.5351],[-105.08753,19.53501],[-105.08725,19.53493],[-105.08715,19.53487],[-105.08706,19.53469],[-105.0872,19.53433],[-105.08743,19.53434],[-105.08762,19.53439],[-105.08776,19.53431],[-105.08796,19.53423],[-105.08802,19.53408],[-105.08811,19.534],[-105.08826,19.53387],[-105.08859,19.53384],[-105.08894,19.53401],[-105.08929,19.53401],[-105.08914,19.53418],[-105.08936,19.53425],[-105.08942,19.53434],[-105.08953,19.53441],[-105.08962,19.53448],[-105.08965,19.53458],[-105.0896,19.53483],[-105.0896,19.5349],[-105.08957,19.53499],[-105.08949,19.53498],[-105.08933,19.53501],[-105.08919,19.53501],[-105.08895,19.53507],[-105.08926,19.53544],[-105.08919,19.5355],[-105.08888,19.53554],[-105.089,19.53578],[-105.08897,19.53592],[-105.08896,19.53599],[-105.08901,19.53607],[-105.08893,19.5361],[-105.08886,19.53609],[-105.08875,19.53611]]],[[[-105.09218,19.53504],[-105.09247,19.53493],[-105.09273,19.53498],[-105.09281,19.53514],[-105.09282,19.53526],[-105.0928,19.53546],[-105.09277,19.53553],[-105.09262,19.53567],[-105.09257,19.53575],[-105.09253,19.53603],[-105.09247,19.53623],[-105.09238,19.53632],[-105.09223,19.53638],[-105.09212,19.53639],[-105.092,19.53634],[-105.09195,19.53628],[-105.09187,19.53604],[-105.0919,19.5359],[-105.09195,19.53581],[-105.09198,19.53578],[-105.09201,19.53572],[-105.09203,19.53566],[-105.09202,19.53532],[-105.09205,19.53522],[-105.09205,19.5352],[-105.09211,19.5351],[-105.09218,19.53504]]],[[[-105.09398,19.54045],[-105.0937,19.54021],[-105.09354,19.5403],[-105.09319,19.54023],[-105.09288,19.5401],[-105.09279,19.54007],[-105.09263,19.53994],[-105.09242,19.53985],[-105.09224,19.53973],[-105.09223,19.5395],[-105.09208,19.53929],[-105.09223,19.53915],[-105.09236,19.53902],[-105.09242,19.53879],[-105.0927,19.53864],[-105.09276,19.53844],[-105.09303,19.53818],[-105.09323,19.53793],[-105.09338,19.5379],[-105.09356,19.53798],[-105.09358,19.53813],[-105.09346,19.53823],[-105.09354,19.5383],[-105.09369,19.53833],[-105.09374,19.53825],[-105.09387,19.53813],[-105.09407,19.53811],[-105.09421,19.53799],[-105.09427,19.53785],[-105.09441,19.53787],[-105.09446,19.53801],[-105.09451,19.53808],[-105.09456,19.53822],[-105.09444,19.5383],[-105.0943,19.53837],[-105.09437,19.53839],[-105.09453,19.53837],[-105.09461,19.53847],[-105.09481,19.53865],[-105.09501,19.53869],[-105.09512,19.53878],[-105.09515,19.539],[-105.09508,19.53908],[-105.09501,19.53916],[-105.09495,19.53934],[-105.09508,19.5396],[-105.09507,19.53979],[-105.09497,19.53991],[-105.09497,19.54006],[-105.09483,19.54014],[-105.09464,19.5402],[-105.09444,19.54022],[-105.09442,19.54039],[-105.09425,19.54047],[-105.09407,19.54045],[-105.09398,19.54045]]],[[[-105.11419,19.54916],[-105.11405,19.54891],[-105.1139,19.54855],[-105.11339,19.54864],[-105.11308,19.54854],[-105.11318,19.54833],[-105.11366,19.54815],[-105.11422,19.54772],[-105.11467,19.54788],[-105.11517,19.54759],[-105.11535,19.54723],[-105.11586,19.54727],[-105.11593,19.54728],[-105.11601,19.5473],[-105.1161,19.54747],[-105.11614,19.54761],[-105.11609,19.54772],[-105.11601,19.54777],[-105.11593,19.54786],[-105.11579,19.54794],[-105.11568,19.54812],[-105.11576,19.54828],[-105.11563,19.54838],[-105.11572,19.54853],[-105.11564,19.54867],[-105.11568,19.54878],[-105.11556,19.5489],[-105.11532,19.54883],[-105.11514,19.54893],[-105.11496,19.54901],[-105.11477,19.54913],[-105.11439,19.54911],[-105.11419,19.54916]]],[[[-105.10848,19.55074],[-105.10799,19.55065],[-105.1077,19.55108],[-105.10757,19.55062],[-105.10758,19.55033],[-105.10723,19.55013],[-105.1069,19.55065],[-105.1063,19.54996],[-105.10624,19.54928],[-105.10654,19.5489],[-105.10721,19.54808],[-105.10804,19.54814],[-105.10795,19.54773],[-105.10753,19.54722],[-105.10799,19.54702],[-105.10813,19.54679],[-105.10896,19.54681],[-105.10949,19.54699],[-105.10987,19.54666],[-105.11003,19.54593],[-105.10916,19.54591],[-105.1081,19.54551],[-105.10776,19.54499],[-105.10805,19.54453],[-105.10872,19.54451],[-105.10916,19.54477],[-105.10944,19.54459],[-105.10959,19.5445],[-105.10957,19.54429],[-105.10971,19.54424],[-105.11012,19.54406],[-105.11037,19.54423],[-105.11049,19.54436],[-105.11057,19.54475],[-105.11081,19.54478],[-105.11104,19.54504],[-105.11095,19.54539],[-105.11116,19.54563],[-105.11146,19.54557],[-105.11181,19.54568],[-105.11231,19.54573],[-105.11251,19.54554],[-105.11285,19.54547],[-105.11305,19.54533],[-105.1133,19.54543],[-105.11343,19.54587],[-105.11328,19.54623],[-105.11299,19.54649],[-105.11269,19.54683],[-105.1121,19.54776],[-105.11214,19.54826],[-105.11186,19.54895],[-105.11196,19.54951],[-105.11126,19.5505],[-105.1107,19.55105],[-105.11,19.55165],[-105.10932,19.5521],[-105.10869,19.55189],[-105.10867,19.55119],[-105.10848,19.55074]]],[[[-105.10768,19.55648],[-105.10748,19.55642],[-105.10733,19.55643],[-105.10712,19.55643],[-105.10685,19.55641],[-105.10661,19.55635],[-105.1064,19.55609],[-105.10655,19.55584],[-105.10676,19.5557],[-105.10721,19.55564],[-105.10754,19.5557],[-105.10764,19.55565],[-105.10774,19.55567],[-105.10773,19.55574],[-105.10795,19.55573],[-105.10803,19.55578],[-105.10811,19.5559],[-105.1082,19.55602],[-105.10824,19.55625],[-105.10823,19.5564],[-105.10817,19.55652],[-105.10803,19.55652],[-105.1079,19.55652],[-105.10768,19.55648]]],[[[-105.11053,19.56171],[-105.1102,19.56137],[-105.11007,19.56109],[-105.11024,19.56064],[-105.11047,19.56057],[-105.11055,19.56047],[-105.11056,19.56014],[-105.11087,19.56005],[-105.11124,19.55981],[-105.11127,19.55941],[-105.11159,19.55931],[-105.11187,19.55913],[-105.11207,19.55876],[-105.11194,19.55847],[-105.11158,19.55832],[-105.11148,19.55817],[-105.11148,19.55774],[-105.11164,19.55734],[-105.112,19.55706],[-105.11233,19.55703],[-105.11262,19.55713],[-105.11292,19.55715],[-105.11326,19.55713],[-105.11357,19.5573],[-105.11363,19.55755],[-105.11392,19.55753],[-105.11414,19.55735],[-105.11405,19.55711],[-105.11416,19.55691],[-105.11437,19.55685],[-105.11436,19.55639],[-105.11441,19.55608],[-105.11452,19.55583],[-105.11476,19.55589],[-105.11477,19.55609],[-105.11481,19.55621],[-105.11494,19.55621],[-105.11525,19.55609],[-105.11545,19.55609],[-105.11565,19.55608],[-105.11561,19.5559],[-105.11591,19.55589],[-105.11605,19.55594],[-105.11607,19.55566],[-105.11627,19.5554],[-105.11653,19.5553],[-105.11673,19.55516],[-105.11687,19.55509],[-105.11696,19.55493],[-105.11717,19.55497],[-105.11718,19.55521],[-105.11707,19.55535],[-105.11717,19.55557],[-105.11726,19.55569],[-105.11729,19.55587],[-105.11737,19.55611],[-105.11735,19.55633],[-105.11726,19.55668],[-105.117,19.55685],[-105.11678,19.55682],[-105.11645,19.55663],[-105.11638,19.55656],[-105.11622,19.55658],[-105.11638,19.55675],[-105.11651,19.55706],[-105.11646,19.55754],[-105.11642,19.55789],[-105.11627,19.55822],[-105.11604,19.55832],[-105.11571,19.55832],[-105.11542,19.5582],[-105.11512,19.5581],[-105.1149,19.55799],[-105.11483,19.55798],[-105.11483,19.55817],[-105.11492,19.55839],[-105.11487,19.55848],[-105.11471,19.55836],[-105.11449,19.55829],[-105.11439,19.55832],[-105.11456,19.55856],[-105.11458,19.55912],[-105.11456,19.55962],[-105.11441,19.55993],[-105.11432,19.56026],[-105.11407,19.56046],[-105.11376,19.56057],[-105.1135,19.56047],[-105.11323,19.56033],[-105.11305,19.56014],[-105.11279,19.5601],[-105.11288,19.56031],[-105.11303,19.56041],[-105.11296,19.56067],[-105.11301,19.56088],[-105.11323,19.56107],[-105.11358,19.56116],[-105.11361,19.56131],[-105.11357,19.56152],[-105.1133,19.56167],[-105.11308,19.56164],[-105.11286,19.56161],[-105.11279,19.56173],[-105.11246,19.56176],[-105.11177,19.56183],[-105.1116,19.56184],[-105.11122,19.56185],[-105.11053,19.56171]]],[[[-105.13068,19.57315],[-105.1308,19.57312],[-105.13091,19.57314],[-105.13099,19.57317],[-105.13108,19.57327],[-105.13108,19.57353],[-105.13108,19.57376],[-105.13101,19.57387],[-105.13092,19.57392],[-105.13088,19.57394],[-105.13076,19.57393],[-105.13063,19.57388],[-105.13056,19.57367],[-105.13056,19.57346],[-105.13063,19.57322],[-105.13068,19.57315],[-105.13068,19.57315]]],[[[-105.13341,19.57422],[-105.13333,19.57415],[-105.13322,19.57417],[-105.13286,19.57424],[-105.13272,19.57424],[-105.13259,19.5742],[-105.13242,19.57406],[-105.13239,19.57396],[-105.13242,19.57381],[-105.13247,19.57366],[-105.13256,19.57358],[-105.13297,19.57343],[-105.13327,19.57343],[-105.13409,19.57354],[-105.13437,19.57355],[-105.13441,19.57356],[-105.13445,19.57358],[-105.13451,19.57365],[-105.13452,19.57376],[-105.13454,19.57378],[-105.13428,19.57402],[-105.13427,19.57402],[-105.13411,19.57409],[-105.134,19.57414],[-105.13395,19.57416],[-105.13376,19.57426],[-105.13365,19.57426],[-105.13355,19.57424],[-105.13341,19.57422]]],[[[-105.13483,19.57503],[-105.13499,19.57476],[-105.13478,19.57479],[-105.13455,19.57485],[-105.13476,19.57462],[-105.13491,19.57436],[-105.13531,19.57404],[-105.1358,19.57377],[-105.13653,19.57381],[-105.13656,19.57383],[-105.13668,19.57389],[-105.13694,19.57436],[-105.13691,19.57452],[-105.13674,19.57465],[-105.13655,19.57469],[-105.13642,19.5748],[-105.13615,19.57476],[-105.13589,19.57481],[-105.13569,19.57488],[-105.13554,19.57499],[-105.13538,19.57508],[-105.13533,19.57513],[-105.13529,19.57519],[-105.1349,19.57509],[-105.13483,19.57503]]],[[[-105.14717,19.5791],[-105.14713,19.57902],[-105.14696,19.57903],[-105.14681,19.57907],[-105.14663,19.579],[-105.14661,19.57878],[-105.14677,19.57867],[-105.14689,19.57863],[-105.14702,19.57856],[-105.14719,19.57855],[-105.14736,19.57857],[-105.14745,19.57857],[-105.14764,19.57853],[-105.14787,19.57865],[-105.14789,19.57885],[-105.14781,19.57903],[-105.14768,19.57907],[-105.14752,19.57908],[-105.14743,19.57911],[-105.14737,19.57913],[-105.14726,19.57912],[-105.14717,19.5791]]],[[[-105.14619,19.58047],[-105.14622,19.58035],[-105.14648,19.58039],[-105.14663,19.58036],[-105.14667,19.58041],[-105.1468,19.58038],[-105.14691,19.58036],[-105.14716,19.58043],[-105.14734,19.5805],[-105.14737,19.58062],[-105.14748,19.58068],[-105.14722,19.58083],[-105.14708,19.58092],[-105.14687,19.58107],[-105.14668,19.58105],[-105.14658,19.58098],[-105.14644,19.58086],[-105.14636,19.58074],[-105.14622,19.58061],[-105.14619,19.58047]]],[[[-105.29201,20.54442],[-105.29265,20.54429],[-105.29293,20.54432],[-105.29323,20.54442],[-105.29353,20.54461],[-105.29341,20.5451],[-105.29343,20.54519],[-105.29305,20.54551],[-105.29281,20.54576],[-105.29196,20.5457],[-105.29157,20.5456],[-105.29138,20.54551],[-105.29119,20.54534],[-105.29113,20.54522],[-105.2911,20.54506],[-105.2912,20.54489],[-105.29143,20.54469],[-105.29165,20.54453],[-105.29201,20.54442]]],[[[-103.93374,22.74605],[-103.90885,22.74998],[-103.89833,22.72828],[-103.77467,22.73387],[-103.75199,22.71165],[-103.76096,22.62561],[-103.86072,22.56762],[-103.8518,22.55362],[-103.87519,22.52158],[-103.86399,22.49144],[-103.88537,22.47353],[-103.8761,22.44118],[-103.8947,22.43816],[-103.86693,22.40938],[-103.92612,22.33207],[-103.91015,22.28333],[-103.91788,22.26197],[-103.86294,22.16688],[-103.82862,22.28661],[-103.84543,22.34276],[-103.81115,22.37675],[-103.81018,22.42729],[-103.7691,22.55579],[-103.72656,22.57415],[-103.66101,22.54714],[-103.60276,22.55679],[-103.55919,22.42843],[-103.59402,22.40721],[-103.6048,22.34014],[-103.64211,22.34087],[-103.63779,22.29523],[-103.5949,22.27308],[-103.6309,22.23892],[-103.65447,22.17194],[-103.69029,22.13009],[-103.68385,22.10921],[-103.6047,22.09794],[-103.59404,22.11165],[-103.58112,22.10487],[-103.57995,22.12683],[-103.56014,22.13659],[-103.54274,22.12061],[-103.51455,22.12911],[-103.5159,22.10992],[-103.50156,22.10556],[-103.4395,22.11764],[-103.41969,22.17748],[-103.43412,22.19076],[-103.41723,22.19048],[-103.40896,22.21536],[-103.38566,22.21253],[-103.38303,22.22701],[-103.3377,22.24516],[-103.31193,22.23326],[-103.2951,22.25329],[-103.31394,22.25871],[-103.29779,22.29834],[-103.30688,22.30628],[-103.32771,22.30736],[-103.35569,22.2798],[-103.35009,22.30746],[-103.36376,22.31448],[-103.34296,22.33512],[-103.36668,22.35104],[-103.36472,22.36954],[-103.31458,22.40491],[-103.3005,22.39299],[-103.28523,22.41424],[-103.23212,22.39339],[-103.21341,22.41007],[-103.19877,22.3806],[-103.16858,22.38501],[-103.16859,22.35462],[-103.20823,22.33308],[-103.22062,22.28047],[-103.19057,22.29853],[-103.10099,22.29397],[-103.05546,22.24726],[-103.05477,22.21383],[-103.10606,22.19136],[-103.1088,22.14434],[-103.07702,22.1255],[-103.1017,22.1018],[-103.15278,22.08762],[-103.15429,22.07224],[-103.10791,22.0634],[-103.11149,22.01426],[-103.20166,21.99857],[-103.19181,21.97445],[-103.20557,21.96519],[-103.26472,21.97184],[-103.27856,21.98965],[-103.34135,21.9404],[-103.34408,21.91347],[-103.39434,21.89669],[-103.41387,21.90546],[-103.45536,21.8328],[-103.47236,21.836],[-103.47053,21.81354],[-103.50282,21.83307],[-103.53143,21.81784],[-103.52606,21.80507],[-103.57263,21.80349],[-103.50847,21.73974],[-103.55549,21.63408],[-103.54522,21.58764],[-103.55889,21.5764],[-103.5905,21.58979],[-103.59292,21.55923],[-103.619,21.55686],[-103.64488,21.57645],[-103.65832,21.55591],[-103.68979,21.55235],[-103.69449,21.52889],[-103.67258,21.50545],[-103.70146,21.46627],[-103.65874,21.4637],[-103.66079,21.44158],[-103.62653,21.43448],[-103.59531,21.39091],[-103.57588,21.43615],[-103.5387,21.44477],[-103.50392,21.37684],[-103.50996,21.35489],[-103.56763,21.35222],[-103.57845,21.33023],[-103.61695,21.35341],[-103.72084,21.30796],[-103.71365,21.26669],[-103.66668,21.29047],[-103.63399,21.28229],[-103.6402,21.22207],[-103.66732,21.21605],[-103.61863,21.18878],[-103.61361,21.15625],[-103.56896,21.11672],[-103.53146,21.14198],[-103.51096,21.14622],[-103.50405,21.12774],[-103.42858,21.14672],[-103.39596,21.08029],[-103.3531,21.04526],[-103.29656,21.06484],[-103.27573,21.05145],[-103.25823,21.08307],[-103.2096,21.09422],[-103.18837,21.07066],[-103.12733,21.05353],[-103.12332,21.0668],[-103.07736,21.07243],[-103.05648,21.09932],[-103.07579,21.09689],[-103.0985,21.12849],[-103.07138,21.15293],[-103.08431,21.19406],[-103.05699,21.24679],[-103.0655,21.25581],[-103.04489,21.26237],[-103.04588,21.24943],[-103.01701,21.24105],[-102.9969,21.25968],[-102.94629,21.23444],[-102.94781,21.2146],[-102.91065,21.20523],[-102.90303,21.23519],[-102.87657,21.23663],[-102.84483,21.27733],[-102.84878,21.29318],[-102.81516,21.29467],[-102.81196,21.32372],[-102.7985,21.30691],[-102.78892,21.32951],[-102.77182,21.31601],[-102.75528,21.32316],[-102.75777,21.33919],[-102.72796,21.35709],[-102.72913,21.38736],[-102.69828,21.34327],[-102.67778,21.34089],[-102.64244,21.36774],[-102.63814,21.39324],[-102.65967,21.41088],[-102.65501,21.44665],[-102.63613,21.46291],[-102.64907,21.4742],[-102.62484,21.50141],[-102.64217,21.51872],[-102.63073,21.53398],[-102.69641,21.54303],[-102.6951,21.57291],[-102.76474,21.59606],[-102.78361,21.64669],[-102.77341,21.65831],[-102.80528,21.67128],[-102.76649,21.68693],[-102.7453,21.72005],[-102.69626,21.72877],[-102.69067,21.75244],[-102.66893,21.76405],[-102.55249,21.74265],[-102.47576,21.69495],[-102.45686,21.69809],[-102.46107,21.67926],[-102.31017,21.62663],[-102.29537,21.6531],[-102.30399,21.66668],[-102.23762,21.652],[-102.21427,21.69482],[-102.17789,21.68816],[-102.17143,21.707],[-102.1421,21.70537],[-102.08618,21.76726],[-102.09457,21.7777],[-102.07196,21.78265],[-102.04174,21.82307],[-102.03842,21.8532],[-101.88021,21.91015],[-101.838,21.90734],[-101.83529,21.94177],[-101.87267,21.94651],[-101.8858,21.93261],[-101.9126,21.99749],[-101.89125,21.97659],[-101.86258,21.99136],[-101.86167,22.02888],[-101.81567,22.01998],[-101.80144,22.031],[-101.77763,22.0073],[-101.751,22.01465],[-101.72997,22.00214],[-101.6571,21.93925],[-101.6507,21.90768],[-101.61671,21.92945],[-101.59585,21.90996],[-101.56981,21.91708],[-101.56596,21.84203],[-101.51054,21.79906],[-101.53883,21.77733],[-101.58569,21.77878],[-101.57968,21.7364],[-101.55765,21.7351],[-101.57086,21.70431],[-101.58404,21.70957],[-101.56914,21.69231],[-101.59609,21.63706],[-101.58019,21.62553],[-101.61231,21.58292],[-101.62001,21.54107],[-101.64127,21.52665],[-101.57042,21.41854],[-101.67758,21.39514],[-101.64284,21.35511],[-101.64318,21.29934],[-101.75972,21.26762],[-101.78111,21.16053],[-101.80401,21.16635],[-101.81183,21.14124],[-101.83345,21.13727],[-101.81766,21.10705],[-101.875,21.09289],[-101.93895,20.93061],[-101.97988,20.92505],[-102.02178,20.86216],[-102.07987,20.82907],[-102.09591,20.78005],[-102.06759,20.77225],[-102.06449,20.73875],[-102.03446,20.74214],[-102.03774,20.7174],[-102.01439,20.71706],[-102.01384,20.66444],[-101.96808,20.66364],[-101.97119,20.63761],[-101.95114,20.60743],[-101.97392,20.54179],[-102.01414,20.5426],[-102.01009,20.52606],[-102.04603,20.48261],[-102.04399,20.45659],[-102.07662,20.42816],[-102.07088,20.40902],[-102.10577,20.37864],[-102.16817,20.37874],[-102.15816,20.36696],[-102.17702,20.36815],[-102.17537,20.35597],[-102.25416,20.33527],[-102.3066,20.35816],[-102.36629,20.32788],[-102.43463,20.34102],[-102.49063,20.3086],[-102.50544,20.31586],[-102.53048,20.29583],[-102.52858,20.27095],[-102.54412,20.28056],[-102.55498,20.26069],[-102.56458,20.27816],[-102.59049,20.25847],[-102.61015,20.26909],[-102.62733,20.22939],[-102.67903,20.22691],[-102.67972,20.1715],[-102.81928,20.13725],[-102.80187,20.12303],[-102.81629,20.10605],[-102.84067,20.11611],[-102.86595,20.16236],[-102.94017,20.17168],[-102.954,20.16657],[-102.92645,20.12958],[-102.95958,20.14124],[-102.97058,20.1254],[-103.00482,20.1382],[-103.04415,20.12412],[-103.02072,20.04731],[-103.0515,19.99161],[-103.02522,19.96049],[-102.95121,19.99656],[-102.90262,19.96686],[-102.88205,19.97577],[-102.79401,19.95029],[-102.77687,19.96015],[-102.77063,19.92987],[-102.73122,19.89951],[-102.74249,19.87876],[-102.73035,19.85321],[-102.75333,19.83412],[-102.7394,19.81583],[-102.79231,19.81412],[-102.81953,19.77794],[-102.81627,19.74991],[-102.80393,19.75216],[-102.8108,19.74102],[-102.78048,19.70432],[-102.80566,19.67484],[-102.7912,19.67319],[-102.77585,19.62771],[-102.71593,19.60294],[-102.72604,19.57903],[-102.71066,19.54107],[-102.73806,19.49336],[-102.68949,19.51342],[-102.65753,19.48724],[-102.58186,19.52826],[-102.57594,19.49806],[-102.54271,19.47803],[-102.56818,19.44335],[-102.5436,19.43096],[-102.57679,19.42391],[-102.5688,19.41263],[-102.66992,19.21241],[-102.70069,19.22454],[-102.69659,19.24881],[-102.71272,19.23581],[-102.75382,19.25581],[-102.79024,19.24246],[-102.82443,19.20569],[-102.86538,19.21129],[-102.91507,19.17937],[-102.9601,19.17406],[-102.97936,19.15241],[-102.97762,19.12006],[-103.01973,19.13237],[-103.01601,19.07919],[-102.99084,19.05338],[-103.02521,19.0531],[-103.03324,19.02912],[-103.06324,19.02785],[-103.0525,18.99813],[-103.08811,18.98411],[-103.12502,18.93014],[-103.17336,18.93626],[-103.20447,18.96761],[-103.22388,19.0241],[-103.33249,18.97325],[-103.37725,18.98017],[-103.41143,18.96766],[-103.47266,18.99114],[-103.49502,18.97067],[-103.48851,19.02759],[-103.52648,19.07873],[-103.49763,19.17464],[-103.51524,19.21135],[-103.50918,19.29515],[-103.48643,19.33789],[-103.57427,19.41156],[-103.61536,19.475],[-103.6062,19.50056],[-103.61828,19.51252],[-103.69005,19.49245],[-103.71826,19.4535],[-103.81925,19.40874],[-103.82413,19.43779],[-103.85645,19.43133],[-103.88933,19.4636],[-103.90877,19.45363],[-103.89952,19.43455],[-103.9648,19.45416],[-103.97401,19.47455],[-104.00005,19.46883],[-104.06173,19.4977],[-104.09023,19.39302],[-104.13334,19.35375],[-104.12298,19.31904],[-104.16165,19.30272],[-104.1798,19.31256],[-104.19167,19.29221],[-104.26118,19.31181],[-104.29759,19.30267],[-104.3148,19.27936],[-104.34388,19.28955],[-104.36187,19.26908],[-104.37427,19.28188],[-104.40132,19.26681],[-104.40095,19.28907],[-104.43926,19.27799],[-104.47167,19.22884],[-104.48895,19.22994],[-104.49454,19.25395],[-104.50838,19.24423],[-104.53029,19.25979],[-104.56911,19.2187],[-104.57694,19.1802],[-104.60029,19.17905],[-104.58984,19.1501],[-104.61283,19.15548],[-104.61882,19.18085],[-104.67998,19.19317],[-104.69172,19.17328],[-104.70281,19.17813],[-104.68509,19.20564],[-104.70252,19.22195],[-104.73401,19.2217],[-104.73293,19.23923],[-104.80849,19.23257],[-104.79411,19.29528],[-104.83275,19.30687],[-104.83709,19.28961],[-104.8668,19.28951],[-104.87311,19.27617],[-104.95357,19.32163],[-105.03209,19.38725],[-105.01767,19.4055],[-105.02523,19.43641],[-105.07312,19.4711],[-105.0591,19.47157],[-105.0607,19.49551],[-105.0815,19.50541],[-105.10425,19.57805],[-105.12804,19.58781],[-105.14231,19.57508],[-105.1527,19.60351],[-105.19952,19.62126],[-105.26468,19.67917],[-105.26355,19.6956],[-105.33034,19.76636],[-105.34464,19.80491],[-105.50444,20.01055],[-105.54999,20.09452],[-105.54287,20.18437],[-105.55488,20.22466],[-105.65616,20.31771],[-105.69277,20.38823],[-105.69496,20.40923],[-105.67318,20.40691],[-105.67127,20.42588],[-105.60415,20.47577],[-105.31646,20.51176],[-105.25816,20.55749],[-105.2327,20.61722],[-105.24507,20.65331],[-105.27893,20.68133],[-105.26125,20.67982],[-105.24257,20.70424],[-105.23992,20.74735],[-105.19696,20.77717],[-105.1734,20.76771],[-105.16228,20.79252],[-105.17394,20.81394],[-105.14255,20.88647],[-105.08034,20.93147],[-105.0468,20.93428],[-105.03161,20.90917],[-105.00633,20.92254],[-105.00339,20.91086],[-104.99037,20.92156],[-104.96724,20.90951],[-104.95316,20.93013],[-104.90053,20.94634],[-104.90063,20.96275],[-104.8381,21.02001],[-104.72999,21.01229],[-104.72936,20.98315],[-104.68106,20.96067],[-104.681,20.94384],[-104.62853,20.92387],[-104.59074,20.93462],[-104.55692,20.92415],[-104.49994,20.83819],[-104.41412,20.79377],[-104.37755,20.74237],[-104.28849,20.68916],[-104.28201,20.62899],[-104.25364,20.60342],[-104.24692,20.63149],[-104.26039,20.64284],[-104.23646,20.6629],[-104.25316,20.6823],[-104.24182,20.71343],[-104.28286,20.78348],[-104.29762,20.7708],[-104.32832,20.7981],[-104.37589,20.78407],[-104.3504,20.81164],[-104.36406,20.81393],[-104.36177,20.84093],[-104.29542,20.8455],[-104.27911,20.86452],[-104.29092,20.8878],[-104.26788,20.88746],[-104.22875,20.93558],[-104.20659,20.93637],[-104.20131,20.95924],[-104.23313,20.96874],[-104.23847,20.99215],[-104.2232,21.00126],[-104.24271,21.02733],[-104.21086,21.1186],[-104.2194,21.17661],[-104.20279,21.19283],[-104.11084,21.1886],[-104.08566,21.20536],[-104.06859,21.18677],[-104.05284,21.20541],[-104.02797,21.19467],[-104.01749,21.2272],[-103.97345,21.25633],[-103.92402,21.23457],[-103.93106,21.26255],[-103.9179,21.23103],[-103.89836,21.22649],[-103.86189,21.24887],[-103.81939,21.24844],[-103.82035,21.28104],[-103.74935,21.33671],[-103.74133,21.37406],[-103.76733,21.38843],[-103.7644,21.4103],[-103.7209,21.42543],[-103.77413,21.49838],[-103.82371,21.49305],[-103.85992,21.52475],[-103.85627,21.55237],[-103.88165,21.55214],[-103.89258,21.57414],[-103.91923,21.58199],[-103.91908,21.61625],[-103.9077,21.61868],[-103.93025,21.64191],[-103.88772,21.69782],[-103.89591,21.72774],[-103.90279,21.71626],[-103.93183,21.74338],[-103.91613,21.75577],[-103.92348,21.7718],[-104.05225,21.79476],[-104.07986,21.78241],[-104.13038,21.79045],[-104.16175,21.80984],[-104.197,21.85077],[-104.17223,21.87132],[-104.18639,21.86801],[-104.20104,21.89148],[-104.1737,21.96339],[-104.19332,21.98542],[-104.24601,21.96694],[-104.29408,22.00276],[-104.32686,21.97537],[-104.37069,21.97617],[-104.36004,22.01506],[-104.37319,22.10256],[-104.33184,22.19979],[-104.34136,22.20956],[-104.32868,22.24536],[-104.28487,22.29709],[-104.29838,22.34781],[-104.25474,22.34879],[-104.25834,22.38466],[-104.22075,22.4211],[-104.16469,22.39165],[-104.17886,22.42743],[-104.16749,22.44515],[-104.1951,22.44763],[-104.18573,22.47141],[-104.21483,22.48416],[-104.19023,22.50761],[-104.15041,22.51628],[-104.11351,22.49661],[-104.12038,22.51748],[-104.07716,22.53178],[-104.05157,22.46675],[-104.09416,22.35505],[-104.04875,22.37644],[-104.01513,22.36481],[-104.00591,22.40868],[-103.96057,22.43318],[-103.92944,22.47512],[-103.93441,22.49992],[-104.00557,22.5366],[-103.97233,22.54511],[-104.00084,22.56678],[-103.98622,22.5909],[-104.02701,22.61318],[-104.03329,22.63411],[-104.01551,22.66891],[-104.07362,22.69695],[-104.05916,22.69206],[-104.05591,22.72398],[-104.02569,22.74328],[-103.93374,22.74605]]]]}},{"type":"Feature","properties":{"cve_ent":"15","estado":"Estado de México"},"geometry":{"type":"MultiPolygon","coordinates":[[[[-99.91237,20.28563],[-99.85954,20.26463],[-99.84189,20.28188],[-99.71937,20.16714],[-99.67695,20.16247],[-99.65973,20.18082],[-99.6306,20.14569],[-99.59956,20.16967],[-99.53349,20.16206],[-99.51224,20.1751],[-99.50183,20.15329],[-99.51813,20.14567],[-99.45976,20.06546],[-99.43685,20.0013],[-99.45024,19.96425],[-99.47776,19.96057],[-99.48398,19.90518],[-99.46388,19.8926],[-99.43593,19.90313],[-99.44521,19.88432],[-99.41499,19.85053],[-99.37325,19.85154],[-99.38245,19.7712],[-99.34456,19.77945],[-99.33865,19.80203],[-99.3066,19.79769],[-99.29694,19.83522],[-99.2283,19.87505],[-99.2056,19.9275],[-99.22776,19.95107],[-99.1586,20.02719],[-99.08545,20.03249],[-99.06384,20.01419],[-99.05958,19.974],[-99.04943,20.0077],[-99.03134,20.01485],[-99.03451,19.97177],[-99.00412,19.96495],[-99.02155,19.98701],[-98.98898,20.06826],[-98.94665,20.02748],[-98.94273,19.97907],[-98.99562,19.95689],[-98.99978,19.94183],[-98.95611,19.92818],[-98.95355,19.88854],[-99.02058,19.86768],[-99.0082,19.8284],[-98.95004,19.79964],[-98.92763,19.84339],[-98.90602,19.84513],[-98.91182,19.88102],[-98.88316,19.90153],[-98.8659,19.89259],[-98.85583,19.90428],[-98.84403,19.88199],[-98.79517,19.85641],[-98.78057,19.88354],[-98.71282,19.8538],[-98.67266,19.86283],[-98.69764,19.83211],[-98.67588,19.81318],[-98.67479,19.8324],[-98.66081,19.83503],[-98.59687,19.76584],[-98.6081,19.72508],[-98.63292,19.72224],[-98.62392,19.69641],[-98.6399,19.67108],[-98.61967,19.66116],[-98.64381,19.64884],[-98.67005,19.65868],[-98.66175,19.61011],[-98.69243,19.58588],[-98.7084,19.5476],[-98.63482,19.43124],[-98.66018,19.43209],[-98.65554,19.37345],[-98.63808,19.35891],[-98.66059,19.35174],[-98.66348,19.32479],[-98.62752,19.25776],[-98.64357,19.23873],[-98.64702,19.18483],[-98.64066,19.12546],[-98.62549,19.11957],[-98.6393,19.07744],[-98.61987,19.03506],[-98.71404,18.94303],[-98.79208,18.93534],[-98.85948,18.96478],[-98.87103,19.02539],[-98.90339,19.03848],[-98.9156,19.06406],[-98.95778,19.06029],[-98.979,19.07446],[-98.95906,19.10428],[-98.96646,19.14387],[-98.95463,19.14952],[-98.96737,19.16444],[-98.95239,19.16864],[-98.96853,19.21057],[-98.9403,19.22324],[-98.96859,19.23222],[-98.97653,19.25313],[-98.9579,19.32323],[-98.99194,19.3676],[-99.05814,19.40069],[-99.04646,19.44236],[-99.06386,19.49878],[-99.1259,19.52121],[-99.1081,19.56489],[-99.12371,19.59276],[-99.1581,19.55735],[-99.1568,19.52809],[-99.17705,19.52933],[-99.15718,19.50285],[-99.20926,19.51241],[-99.22233,19.42695],[-99.29559,19.36908],[-99.31309,19.37045],[-99.35661,19.30668],[-99.36492,19.27777],[-99.33916,19.2677],[-99.34234,19.24112],[-99.31534,19.2292],[-99.2787,19.1317],[-99.31832,19.08742],[-99.30872,18.9588],[-99.36704,18.894],[-99.40665,18.89519],[-99.41096,18.87818],[-99.42935,18.87757],[-99.42589,18.82643],[-99.49387,18.72082],[-99.53643,18.69375],[-99.56978,18.70551],[-99.58991,18.73931],[-99.62287,18.73984],[-99.63091,18.72055],[-99.66146,18.77131],[-99.69722,18.78634],[-99.70916,18.76884],[-99.67197,18.7135],[-99.73703,18.73983],[-99.793,18.63066],[-99.81252,18.64086],[-99.81656,18.625],[-99.84836,18.62026],[-99.84762,18.60549],[-99.88846,18.61866],[-99.94716,18.58794],[-99.96167,18.55298],[-100.0016,18.56393],[-99.9993,18.58358],[-100.02496,18.60687],[-100.08241,18.58795],[-100.06889,18.56444],[-100.08995,18.52216],[-100.1742,18.48168],[-100.18574,18.45511],[-100.21708,18.44592],[-100.2364,18.41677],[-100.25952,18.42743],[-100.27089,18.37373],[-100.29198,18.38161],[-100.30375,18.36702],[-100.35944,18.42346],[-100.38536,18.42652],[-100.362,18.49685],[-100.3737,18.52911],[-100.39595,18.54052],[-100.4291,18.51005],[-100.44936,18.55656],[-100.42973,18.59927],[-100.48703,18.64035],[-100.47834,18.68686],[-100.44713,18.70158],[-100.43713,18.75056],[-100.41809,18.75951],[-100.43063,18.78325],[-100.456,18.77788],[-100.45939,18.79689],[-100.49029,18.7893],[-100.49348,18.82392],[-100.58549,18.85877],[-100.6129,18.89345],[-100.54379,18.9347],[-100.52985,19.00933],[-100.41083,19.0636],[-100.38948,19.14291],[-100.36159,19.15471],[-100.37819,19.1711],[-100.37309,19.19417],[-100.31988,19.25299],[-100.32327,19.3068],[-100.30073,19.34274],[-100.31237,19.36236],[-100.29309,19.39513],[-100.23743,19.40351],[-100.18987,19.4397],[-100.20644,19.47037],[-100.20098,19.49279],[-100.17769,19.49262],[-100.20194,19.49953],[-100.19643,19.53173],[-100.2147,19.55277],[-100.23748,19.55722],[-100.24752,19.63451],[-100.27399,19.67225],[-100.23414,19.72004],[-100.22949,19.70221],[-100.19211,19.69714],[-100.14819,19.72822],[-100.13149,19.85201],[-100.06303,19.85581],[-100.13012,19.91619],[-100.13139,19.982],[-100.11602,20.00613],[-100.15508,20.00744],[-100.15332,20.05367],[-100.08882,20.01502],[-100.00035,20.07748],[-99.97847,20.07405],[-99.98019,20.05915],[-99.92634,20.06433],[-99.94221,20.1201],[-99.93621,20.16252],[-99.9219,20.15874],[-99.96523,20.20116],[-99.98646,20.25707],[-99.97681,20.27226],[-99.95093,20.2159],[-99.91841,20.21179],[-99.93408,20.24999],[-99.91237,20.28563]]]]}},{"type":"Feature","properties":{"cve_ent":"16","estado":"Michoacán"},"geometry":{"type":"MultiPolygon","coordinates":[[[[-102.01493,20.39447],[-102.0158,20.3293],[-101.99639,20.35964],[-101.94472,20.34213],[-101.96347,20.31856],[-101.93455,20.29769],[-101.95118,20.27158],[-101.93217,20.24374],[-101.93987,20.22708],[-101.9306,20.20812],[-101.90794,20.21515],[-101.9179,20.19508],[-101.89302,20.20378],[-101.88811,20.18839],[-101.83387,20.22479],[-101.82486,20.20184],[-101.78662,20.21932],[-101.75939,20.20173],[-101.7312,20.2148],[-101.69793,20.18967],[-101.68692,20.21722],[-101.66847,20.21314],[-101.66331,20.23758],[-101.64625,20.23867],[-101.64252,20.26765],[-101.62553,20.267],[-101.62465,20.31458],[-101.60107,20.29802],[-101.5831,20.32736],[-101.56578,20.31574],[-101.55327,20.33252],[-101.52294,20.33235],[-101.50107,20.31167],[-101.46491,20.32901],[-101.45094,20.3195],[-101.4567,20.30437],[-101.4402,20.30519],[-101.45593,20.26717],[-101.42056,20.2752],[-101.39532,20.24855],[-101.36052,20.24906],[-101.35262,20.23493],[-101.3632,20.19579],[-101.41989,20.20159],[-101.4225,20.16323],[-101.38938,20.13486],[-101.40869,20.12313],[-101.4047,20.0802],[-101.38751,20.08296],[-101.40168,20.03501],[-101.25303,20.0355],[-101.20306,20.00722],[-101.20153,20.02574],[-101.16035,20.0402],[-101.19632,20.05719],[-101.17162,20.07345],[-101.17524,20.09712],[-101.13315,20.05998],[-101.07486,20.08839],[-101.02135,20.08694],[-100.99272,20.06449],[-101.01399,20.04571],[-101.00809,20.02809],[-100.96733,20.00991],[-101.00344,19.95356],[-100.98198,19.95606],[-100.96441,19.92827],[-100.94788,19.93356],[-100.94754,19.96255],[-100.83576,19.9346],[-100.8243,19.97833],[-100.79206,19.95557],[-100.77881,19.91515],[-100.74875,19.91275],[-100.66038,19.96455],[-100.61757,19.95769],[-100.5956,19.99166],[-100.57671,19.99306],[-100.55678,19.9853],[-100.59308,19.95828],[-100.55072,19.95797],[-100.53182,19.97639],[-100.53601,19.92301],[-100.51995,19.91882],[-100.51169,19.95822],[-100.46582,19.9874],[-100.36293,19.98986],[-100.35826,20.06492],[-100.39726,20.09695],[-100.34031,20.18974],[-100.35524,20.21902],[-100.32356,20.25193],[-100.34583,20.298],[-100.26046,20.26751],[-100.18114,20.2088],[-100.19186,20.176],[-100.2356,20.14346],[-100.19739,20.12989],[-100.20294,20.07665],[-100.16446,20.07835],[-100.13808,20.04756],[-100.15332,20.05367],[-100.1577,20.01791],[-100.15377,20.00639],[-100.11602,20.00613],[-100.13139,19.982],[-100.13012,19.91619],[-100.06303,19.85581],[-100.13149,19.85201],[-100.14819,19.72822],[-100.19211,19.69714],[-100.22949,19.70221],[-100.23414,19.72004],[-100.27399,19.67225],[-100.24752,19.63451],[-100.23748,19.55722],[-100.2147,19.55277],[-100.19643,19.53173],[-100.20194,19.49953],[-100.17769,19.49262],[-100.20098,19.49279],[-100.20644,19.47037],[-100.18987,19.4397],[-100.23743,19.40351],[-100.29309,19.39513],[-100.31237,19.36236],[-100.30073,19.34274],[-100.32327,19.3068],[-100.31988,19.25299],[-100.37309,19.19417],[-100.37819,19.1711],[-100.36159,19.15471],[-100.38948,19.14291],[-100.41083,19.0636],[-100.52985,19.00933],[-100.54379,18.9347],[-100.59324,18.91528],[-100.69607,18.79413],[-100.70956,18.83585],[-100.7484,18.86793],[-100.77692,18.85975],[-100.79177,18.83417],[-100.78252,18.80165],[-100.79897,18.78454],[-100.79691,18.74627],[-100.77294,18.73257],[-100.78541,18.69148],[-100.77028,18.69271],[-100.75121,18.64167],[-100.7649,18.56121],[-100.71504,18.4864],[-100.63724,18.45775],[-100.63149,18.43847],[-100.5907,18.41546],[-100.60874,18.37919],[-100.64587,18.34615],[-100.67669,18.37256],[-100.69105,18.41415],[-100.70704,18.419],[-100.72273,18.40045],[-100.73737,18.4273],[-100.77764,18.43954],[-100.79818,18.48054],[-100.83848,18.47307],[-100.87398,18.49201],[-100.89437,18.46314],[-100.91452,18.47175],[-100.92299,18.44416],[-100.94275,18.45508],[-100.96311,18.44573],[-100.9639,18.47183],[-101.00488,18.49222],[-101.012,18.52754],[-101.08866,18.50591],[-101.28208,18.54473],[-101.36188,18.52022],[-101.3656,18.49988],[-101.40688,18.51251],[-101.44195,18.48899],[-101.50648,18.48669],[-101.58356,18.52099],[-101.6245,18.59915],[-101.70118,18.58789],[-101.71736,18.61201],[-101.77179,18.60372],[-101.84384,18.5744],[-101.88226,18.53423],[-101.88793,18.4815],[-101.86044,18.44619],[-101.88932,18.40047],[-101.85572,18.31428],[-101.8702,18.30832],[-101.86269,18.28723],[-101.88292,18.27744],[-101.86325,18.26166],[-101.89682,18.27712],[-101.90665,18.24481],[-101.97341,18.23231],[-101.97648,18.20802],[-102.14031,18.18826],[-102.16182,18.16415],[-102.18418,18.02457],[-102.18016,17.9989],[-102.13299,17.95084],[-102.1378,17.93529],[-102.19178,17.91337],[-102.30918,17.96949],[-102.48042,18.01737],[-102.75913,18.06988],[-103.02836,18.18675],[-103.10952,18.19021],[-103.33961,18.27076],[-103.36139,18.26455],[-103.49337,18.32864],[-103.58309,18.50591],[-103.71188,18.59701],[-103.68621,18.62864],[-103.73791,18.68402],[-103.7003,18.75436],[-103.62003,18.80138],[-103.61719,18.84285],[-103.64057,18.86724],[-103.63028,18.88532],[-103.61556,18.89242],[-103.58758,18.86585],[-103.57324,18.87133],[-103.55807,18.90658],[-103.53204,18.90543],[-103.53362,18.92704],[-103.51411,18.93493],[-103.52232,18.94852],[-103.50637,18.94823],[-103.5086,18.96367],[-103.4912,18.95836],[-103.4731,18.99107],[-103.41143,18.96766],[-103.37725,18.98017],[-103.33249,18.97325],[-103.22539,19.02412],[-103.20447,18.96761],[-103.17336,18.93626],[-103.12502,18.93014],[-103.08811,18.98411],[-103.0525,18.99813],[-103.06324,19.02785],[-103.03324,19.02912],[-103.02521,19.0531],[-102.99084,19.05338],[-103.01601,19.07919],[-103.01973,19.13237],[-102.97762,19.12006],[-102.97936,19.15241],[-102.9601,19.17406],[-102.91507,19.17937],[-102.86538,19.21129],[-102.82443,19.20569],[-102.79024,19.24246],[-102.75382,19.25581],[-102.71272,19.23581],[-102.69659,19.24881],[-102.70069,19.22454],[-102.66992,19.21241],[-102.5688,19.41263],[-102.57679,19.42391],[-102.54372,19.42958],[-102.56858,19.44548],[-102.54271,19.47803],[-102.57594,19.49806],[-102.58186,19.52826],[-102.65753,19.48724],[-102.68949,19.51342],[-102.73806,19.49336],[-102.71066,19.54107],[-102.72604,19.57903],[-102.71593,19.60294],[-102.77585,19.62771],[-102.7912,19.67319],[-102.80566,19.67484],[-102.78048,19.70432],[-102.8108,19.74102],[-102.80393,19.75216],[-102.81627,19.74991],[-102.81953,19.77794],[-102.79231,19.81412],[-102.7394,19.81583],[-102.75333,19.83412],[-102.73035,19.85321],[-102.74249,19.87876],[-102.73122,19.89951],[-102.77063,19.92987],[-102.77687,19.96015],[-102.79401,19.95029],[-102.88205,19.97577],[-102.90262,19.96686],[-102.95121,19.99656],[-103.02522,19.96049],[-103.0515,19.99161],[-103.02072,20.04731],[-103.04415,20.12412],[-103.00482,20.1382],[-102.97058,20.1254],[-102.95958,20.14124],[-102.92645,20.12958],[-102.954,20.16657],[-102.94017,20.17168],[-102.86595,20.16236],[-102.84067,20.11611],[-102.81629,20.10605],[-102.80187,20.12303],[-102.8152,20.13926],[-102.67972,20.1715],[-102.67903,20.22691],[-102.62733,20.22939],[-102.61015,20.26909],[-102.59049,20.25847],[-102.56458,20.27816],[-102.55498,20.26069],[-102.54412,20.28056],[-102.52928,20.27062],[-102.53002,20.29622],[-102.44739,20.33849],[-102.3667,20.3278],[-102.3066,20.35816],[-102.25416,20.33527],[-102.17537,20.35597],[-102.17702,20.36815],[-102.15816,20.36696],[-102.16817,20.37874],[-102.06503,20.37492],[-102.01493,20.39447]]]]}},{"type":"Feature","properties":{"cve_ent":"17","estado":"Morelos"},"geometry":{"type":"MultiPolygon","coordinates":[[[[-99.10692,19.07283],[-99.0598,19.04824],[-99.02899,19.08537],[-98.95778,19.06029],[-98.9156,19.06406],[-98.90339,19.03848],[-98.87103,19.02539],[-98.85948,18.96478],[-98.79208,18.93534],[-98.71404,18.94303],[-98.66447,19.00356],[-98.63295,19.01555],[-98.67809,18.92372],[-98.70734,18.90286],[-98.71397,18.86839],[-98.68141,18.90717],[-98.66593,18.90604],[-98.66486,18.88767],[-98.72795,18.80551],[-98.75349,18.74297],[-98.71591,18.73919],[-98.74188,18.70218],[-98.71143,18.61645],[-98.7067,18.44511],[-98.75219,18.45392],[-98.82777,18.52389],[-98.85041,18.47803],[-98.91222,18.46212],[-98.93515,18.4229],[-98.98537,18.42115],[-98.98794,18.39706],[-99.01818,18.38778],[-99.06548,18.33238],[-99.07599,18.34284],[-99.0663,18.36778],[-99.12831,18.42731],[-99.14062,18.47497],[-99.18132,18.44842],[-99.17791,18.42475],[-99.20542,18.45659],[-99.32837,18.45954],[-99.32826,18.48883],[-99.35268,18.48598],[-99.34345,18.46713],[-99.3574,18.46767],[-99.36295,18.49903],[-99.42288,18.56207],[-99.4197,18.59034],[-99.45389,18.6099],[-99.49441,18.72054],[-99.42589,18.82643],[-99.42935,18.87757],[-99.41096,18.87818],[-99.40665,18.89519],[-99.36704,18.894],[-99.31304,18.94812],[-99.31374,19.09822],[-99.2787,19.1317],[-99.22678,19.09606],[-99.13538,19.0893],[-99.10692,19.07283]]]]}},{"type":"Feature","properties":{"cve_ent":"18","estado":"Nayarit"},"geometry":{"type":"MultiPolygon","coordinates":[[[[-105.27418,21.04993],[-105.27401,21.04988],[-105.27387,21.04988],[-105.27377,21.04992],[-105.27364,21.04995],[-105.27355,21.04997],[-105.27353,21.04996],[-105.27353,21.04996],[-105.27339,21.04995],[-105.27299,21.04985],[-105.27249,21.04979],[-105.27249,21.04979],[-105.27203,21.04967],[-105.27171,21.04954],[-105.27151,21.04938],[-105.27134,21.04925],[-105.27123,21.04902],[-105.27111,21.04885],[-105.27107,21.04878],[-105.27099,21.04853],[-105.27092,21.04818],[-105.27086,21.04808],[-105.27077,21.04791],[-105.27098,21.04789],[-105.27101,21.04789],[-105.27114,21.04763],[-105.27118,21.04754],[-105.27132,21.0473],[-105.27138,21.04718],[-105.27162,21.04692],[-105.27176,21.04677],[-105.27179,21.04674],[-105.27179,21.04667],[-105.27178,21.04646],[-105.27183,21.04638],[-105.272,21.04636],[-105.27224,21.04633],[-105.27236,21.0464],[-105.27258,21.04647],[-105.27282,21.04646],[-105.27311,21.04644],[-105.27335,21.04649],[-105.27354,21.04649],[-105.27387,21.04656],[-105.27413,21.04668],[-105.27428,21.04685],[-105.27428,21.04685],[-105.27443,21.047],[-105.27458,21.04715],[-105.27474,21.0473],[-105.27474,21.0473],[-105.27486,21.04759],[-105.27488,21.04798],[-105.27479,21.04824],[-105.2748,21.04849],[-105.2748,21.04878],[-105.2749,21.04908],[-105.27511,21.04912],[-105.27515,21.04913],[-105.2752,21.04915],[-105.27526,21.04918],[-105.27537,21.04924],[-105.27541,21.04926],[-105.27542,21.04931],[-105.27545,21.04938],[-105.2753,21.04947],[-105.2753,21.04947],[-105.27515,21.04955],[-105.27507,21.04961],[-105.275,21.04966],[-105.27498,21.04974],[-105.27496,21.04983],[-105.27478,21.04993],[-105.27448,21.05003],[-105.27448,21.05003],[-105.27432,21.04999],[-105.27418,21.04993]]],[[[-106.22814,21.33259],[-106.22979,21.29186],[-106.25668,21.29292],[-106.27913,21.31461],[-106.25826,21.33479],[-106.22814,21.33259]]],[[[-106.43467,21.49424],[-106.3712,21.48068],[-106.35864,21.45527],[-106.38033,21.4484],[-106.38637,21.41975],[-106.49401,21.4662],[-106.46054,21.49455],[-106.43467,21.49424]]],[[[-106.65335,21.69345],[-106.59824,21.69033],[-106.53631,21.65808],[-106.53714,21.63284],[-106.5057,21.60335],[-106.5322,21.54477],[-106.62897,21.59861],[-106.65608,21.65587],[-106.65335,21.69345]]],[[[-106.67321,21.77485],[-106.65772,21.73945],[-106.67796,21.72869],[-106.68773,21.75937],[-106.67321,21.77485]]],[[[-105.88968,21.85417],[-105.88893,21.85359],[-105.88716,21.85364],[-105.8859,21.85343],[-105.88525,21.85321],[-105.8844,21.85278],[-105.8836,21.85196],[-105.88307,21.85119],[-105.88254,21.85066],[-105.88172,21.85038],[-105.88152,21.84988],[-105.8814,21.84916],[-105.88131,21.84817],[-105.88083,21.8471],[-105.88027,21.84673],[-105.88057,21.84612],[-105.8805,21.84582],[-105.88055,21.84534],[-105.88016,21.84421],[-105.87984,21.84313],[-105.88028,21.84255],[-105.88044,21.84285],[-105.88037,21.84342],[-105.8809,21.84407],[-105.88101,21.84445],[-105.88159,21.84468],[-105.88269,21.84489],[-105.88307,21.84455],[-105.8835,21.84394],[-105.88391,21.84378],[-105.88443,21.84398],[-105.88488,21.84367],[-105.88467,21.84313],[-105.8843,21.84254],[-105.88432,21.84218],[-105.88466,21.84169],[-105.88485,21.84063],[-105.88613,21.84045],[-105.88737,21.84081],[-105.8878,21.84146],[-105.88782,21.84212],[-105.88754,21.84339],[-105.88703,21.84367],[-105.88663,21.8441],[-105.88677,21.84473],[-105.88655,21.84491],[-105.88656,21.8453],[-105.88609,21.84556],[-105.88584,21.84574],[-105.88622,21.8466],[-105.88653,21.84741],[-105.88642,21.84807],[-105.8864,21.84843],[-105.88695,21.84863],[-105.88743,21.84844],[-105.88761,21.84807],[-105.8882,21.84851],[-105.88858,21.84844],[-105.88909,21.84911],[-105.88945,21.84947],[-105.88965,21.85084],[-105.88936,21.85187],[-105.88898,21.85212],[-105.88871,21.85261],[-105.88891,21.85311],[-105.88921,21.85326],[-105.88958,21.85283],[-105.88993,21.85276],[-105.8902,21.85311],[-105.88944,21.85346],[-105.88958,21.85376],[-105.89021,21.85347],[-105.89041,21.85362],[-105.88968,21.85417]]],[[[-105.38357,23.08174],[-105.35047,23.06058],[-105.35386,23.01978],[-105.3337,22.99468],[-105.34305,22.96816],[-105.32357,22.94133],[-105.00314,22.97698],[-105.01004,22.92236],[-104.9878,22.88825],[-104.98841,22.83605],[-104.95897,22.8136],[-104.91839,22.81978],[-104.90558,22.79958],[-104.91564,22.74854],[-104.89272,22.73741],[-105.06842,22.67841],[-105.07237,22.6565],[-105.00755,22.58567],[-104.98791,22.49873],[-104.96053,22.50531],[-104.86249,22.60707],[-104.8584,22.64833],[-104.81468,22.63425],[-104.78892,22.64797],[-104.77409,22.63255],[-104.77538,22.5842],[-104.73705,22.5581],[-104.67,22.56526],[-104.65575,22.54007],[-104.65529,22.46215],[-104.60256,22.46051],[-104.59308,22.41195],[-104.50651,22.34516],[-104.48121,22.35162],[-104.49539,22.37632],[-104.37151,22.42166],[-104.34884,22.40972],[-104.35004,22.38641],[-104.29313,22.36513],[-104.29953,22.32709],[-104.28487,22.29709],[-104.32868,22.24536],[-104.34136,22.20956],[-104.33184,22.19979],[-104.37319,22.10256],[-104.36004,22.01506],[-104.36986,21.97478],[-104.32686,21.97537],[-104.29408,22.00276],[-104.24601,21.96694],[-104.19332,21.98542],[-104.1737,21.96339],[-104.20104,21.89148],[-104.18639,21.86801],[-104.17223,21.87132],[-104.197,21.85077],[-104.16175,21.80984],[-104.13038,21.79045],[-104.07986,21.78241],[-104.05225,21.79476],[-103.92348,21.7718],[-103.91613,21.75577],[-103.93183,21.74338],[-103.90279,21.71626],[-103.89591,21.72774],[-103.88772,21.69782],[-103.93025,21.64191],[-103.9077,21.61868],[-103.91908,21.61625],[-103.91923,21.58199],[-103.89258,21.57414],[-103.88165,21.55214],[-103.85627,21.55237],[-103.85992,21.52475],[-103.82371,21.49305],[-103.77413,21.49838],[-103.72102,21.42597],[-103.7644,21.4103],[-103.76733,21.38843],[-103.74133,21.37406],[-103.74935,21.33671],[-103.82035,21.28104],[-103.81939,21.24844],[-103.86189,21.24887],[-103.89836,21.22649],[-103.9179,21.23103],[-103.93106,21.26255],[-103.92402,21.23457],[-103.97345,21.25633],[-104.01749,21.2272],[-104.02797,21.19467],[-104.05284,21.20541],[-104.06859,21.18677],[-104.08566,21.20536],[-104.11084,21.1886],[-104.20279,21.19283],[-104.2194,21.17661],[-104.21086,21.1186],[-104.24271,21.02733],[-104.2232,21.00126],[-104.23847,20.99215],[-104.23313,20.96874],[-104.20131,20.95924],[-104.20659,20.93637],[-104.22875,20.93558],[-104.26788,20.88746],[-104.29092,20.8878],[-104.27911,20.86452],[-104.29542,20.8455],[-104.36177,20.84093],[-104.36406,20.81393],[-104.3504,20.81164],[-104.37589,20.78407],[-104.32832,20.7981],[-104.29762,20.7708],[-104.28286,20.78348],[-104.24182,20.71343],[-104.25316,20.6823],[-104.23646,20.6629],[-104.26039,20.64284],[-104.24692,20.63149],[-104.25364,20.60342],[-104.28201,20.62899],[-104.28849,20.68916],[-104.37755,20.74237],[-104.41412,20.79377],[-104.49994,20.83819],[-104.55692,20.92415],[-104.65638,20.93239],[-104.72936,20.98315],[-104.72847,21.0114],[-104.77171,21.0086],[-104.78246,21.02336],[-104.8381,21.02001],[-104.90063,20.96275],[-104.90053,20.94634],[-104.95316,20.93013],[-104.96724,20.90951],[-104.99037,20.92156],[-105.00339,20.91086],[-105.00633,20.92254],[-105.03161,20.90917],[-105.04744,20.93439],[-105.09864,20.91943],[-105.16056,20.85742],[-105.1734,20.76771],[-105.19696,20.77717],[-105.23992,20.74735],[-105.24257,20.70424],[-105.27633,20.67199],[-105.34768,20.75969],[-105.39898,20.73465],[-105.51061,20.77182],[-105.53831,20.76223],[-105.52703,20.78923],[-105.50725,20.78262],[-105.48785,20.79642],[-105.45291,20.87439],[-105.43292,20.87713],[-105.40176,20.93162],[-105.33188,20.98567],[-105.3135,21.03515],[-105.27319,21.0235],[-105.23815,21.0581],[-105.22867,21.10617],[-105.23898,21.13229],[-105.22402,21.15943],[-105.23325,21.18068],[-105.21638,21.20501],[-105.24819,21.34729],[-105.18786,21.4583],[-105.22888,21.52359],[-105.2655,21.51185],[-105.4413,21.62786],[-105.53372,21.81226],[-105.63151,21.96311],[-105.65429,22.04286],[-105.64919,22.1743],[-105.63651,22.18147],[-105.68542,22.37468],[-105.75962,22.53757],[-105.71412,22.47495],[-105.69248,22.46718],[-105.67111,22.48156],[-105.69883,22.56788],[-105.66056,22.58636],[-105.63921,22.57698],[-105.64216,22.59389],[-105.60048,22.55889],[-105.59735,22.5363],[-105.54168,22.53654],[-105.5336,22.51503],[-105.50318,22.52768],[-105.47406,22.5029],[-105.44172,22.52427],[-105.44957,22.6246],[-105.47268,22.62719],[-105.46396,22.65924],[-105.49806,22.65139],[-105.52477,22.77477],[-105.47459,22.85142],[-105.4842,22.8587],[-105.47122,22.88329],[-105.50126,22.95856],[-105.45331,22.9774],[-105.43259,23.02397],[-105.40895,23.02364],[-105.413,23.0741],[-105.38357,23.08174]]]]}},{"type":"Feature","properties":{"cve_ent":"19","estado":"Nuevo León"},"geometry":{"type":"MultiPolygon","coordinates":[[[[-100.188,27.79872],[-99.99884,27.61528],[-99.84322,27.76986],[-99.81337,27.77425],[-99.7965,27.73588],[-99.76936,27.73089],[-99.73623,27.69071],[-99.72815,27.67913],[-99.92642,27.54916],[-99.91915,27.49152],[-99.76038,27.43696],[-99.74767,27.27725],[-99.67892,27.10245],[-99.65005,27.06586],[-99.73417,26.92061],[-99.77013,26.92842],[-99.76667,26.88984],[-99.74435,26.91216],[-99.7211,26.8965],[-99.69402,26.9093],[-99.68722,26.89455],[-99.66139,26.90084],[-99.63003,26.89029],[-99.62705,26.87046],[-99.59105,26.86255],[-99.58084,26.83011],[-99.61285,26.79163],[-99.61858,26.72647],[-99.65719,26.69512],[-99.65916,26.67037],[-99.53834,26.6646],[-99.39682,26.59657],[-99.43095,26.3513],[-99.40124,26.3048],[-99.36415,26.32927],[-99.26,26.25285],[-99.19784,26.25868],[-99.16008,26.06123],[-99.12631,26.05402],[-99.13091,26.06882],[-99.09767,26.08075],[-99.07654,26.07186],[-99.02387,26.1041],[-98.90075,25.96832],[-98.82323,26.04765],[-98.58513,26.01792],[-98.58175,25.48936],[-98.42158,25.48936],[-98.42313,25.44749],[-98.93417,25.07276],[-99.01906,25.06993],[-99.0288,25.11035],[-99.05247,25.12713],[-99.09761,25.06312],[-99.16059,25.05528],[-99.15652,25.02785],[-99.18095,25.01154],[-99.15894,24.91599],[-99.20743,24.86139],[-99.18197,24.77604],[-99.21289,24.77167],[-99.29493,24.80414],[-99.36438,24.77176],[-99.38941,24.73979],[-99.47774,24.71262],[-99.50073,24.67917],[-99.49945,24.64126],[-99.54506,24.62652],[-99.54622,24.61307],[-99.60945,24.62249],[-99.73298,24.55399],[-99.7198,24.48371],[-99.63638,24.50667],[-99.58993,24.39614],[-99.59429,24.33091],[-99.64782,24.2181],[-99.65708,24.118],[-99.5709,24.03937],[-99.54189,24.03365],[-99.54091,23.99727],[-99.48694,23.9605],[-99.45687,23.86606],[-99.49379,23.87869],[-99.57668,23.77546],[-99.60217,23.76287],[-99.76901,23.78449],[-99.86066,23.77446],[-99.96119,23.55689],[-99.92125,23.37919],[-100.08026,23.39575],[-100.14495,23.33952],[-100.07804,23.30598],[-100.1019,23.23108],[-100.22824,23.25048],[-100.20636,23.30711],[-100.21824,23.31013],[-100.22017,23.29793],[-100.27843,23.31037],[-100.30626,23.26094],[-100.37432,23.26532],[-100.36376,23.18901],[-100.32352,23.19563],[-100.33176,23.16268],[-100.47985,23.19437],[-100.48387,23.20883],[-100.45708,23.36641],[-100.51721,23.42104],[-100.49417,23.52841],[-100.45918,23.51157],[-100.46954,23.56678],[-100.49164,23.56861],[-100.47738,23.63382],[-100.44572,23.67733],[-100.4471,23.69653],[-100.46648,23.68894],[-100.49771,23.73631],[-100.4976,23.79871],[-100.52879,23.81635],[-100.52553,23.83953],[-100.5503,23.8422],[-100.53985,23.88839],[-100.54677,23.91744],[-100.5624,23.91964],[-100.52376,24.07145],[-100.53868,24.11852],[-100.51958,24.11838],[-100.51683,24.1399],[-100.6134,24.17394],[-100.59351,24.1782],[-100.58509,24.22393],[-100.63307,24.22598],[-100.59994,24.34879],[-100.60353,24.4013],[-100.71121,24.49152],[-100.74232,24.46044],[-100.79993,24.55619],[-100.79698,24.75081],[-100.82613,24.835],[-100.7275,24.91872],[-100.82151,24.99671],[-100.80313,25.16526],[-100.70889,25.23646],[-100.59196,25.25505],[-100.33201,25.18629],[-100.32555,25.22226],[-100.26138,25.20707],[-100.22958,25.21792],[-100.26251,25.25402],[-100.24314,25.26744],[-100.25414,25.30691],[-100.31302,25.33637],[-100.41456,25.327],[-100.4701,25.33779],[-100.45188,25.41081],[-100.5227,25.43432],[-100.53088,25.46347],[-100.58489,25.47081],[-100.57951,25.49454],[-100.61909,25.50569],[-100.59975,25.51996],[-100.5297,25.51439],[-100.53844,25.53185],[-100.61473,25.54235],[-100.6329,25.5713],[-100.69029,25.5671],[-100.72977,25.6339],[-100.78342,25.63968],[-100.80561,25.7243],[-100.8619,25.81848],[-100.82267,25.91688],[-100.83442,25.94504],[-100.90553,25.95695],[-100.91642,26.07561],[-100.9429,26.08679],[-100.98274,26.13948],[-101.06857,26.18903],[-101.09762,26.25291],[-101.20676,26.36978],[-100.75304,26.73521],[-100.69123,26.61379],[-100.6144,26.68564],[-100.59014,26.75952],[-100.53816,26.80856],[-100.55136,26.85873],[-100.534,27.04558],[-100.67424,27.0846],[-100.68272,27.11139],[-100.71966,27.0792],[-100.74862,27.08125],[-100.73584,27.04758],[-100.74771,27.03626],[-100.76586,27.06333],[-100.79944,27.04583],[-100.83056,27.07389],[-100.83412,27.19517],[-100.67801,27.3348],[-100.4177,27.39363],[-100.35061,27.6846],[-100.188,27.79872]]]]}},{"type":"Feature","properties":{"cve_ent":"20","estado":"Oaxaca"},"geometry":{"type":"MultiPolygon","coordinates":[[[[-96.2285,15.68753],[-96.22837,15.68744],[-96.22824,15.68752],[-96.22805,15.68741],[-96.22777,15.68731],[-96.22742,15.68743],[-96.22724,15.68729],[-96.22712,15.68706],[-96.22734,15.68696],[-96.22777,15.68697],[-96.22803,15.68682],[-96.22818,15.68633],[-96.22811,15.68618],[-96.22792,15.68608],[-96.22806,15.68591],[-96.22807,15.68568],[-96.22795,15.68551],[-96.22803,15.68533],[-96.22825,15.68527],[-96.22818,15.68551],[-96.22826,15.68568],[-96.22853,15.68572],[-96.22876,15.68573],[-96.22903,15.68584],[-96.22933,15.68574],[-96.22944,15.68609],[-96.22954,15.68635],[-96.23006,15.68665],[-96.23033,15.68675],[-96.23062,15.68684],[-96.23075,15.68693],[-96.23086,15.68706],[-96.23107,15.68702],[-96.23123,15.68698],[-96.23115,15.68711],[-96.23133,15.68723],[-96.23132,15.68743],[-96.2312,15.68738],[-96.23127,15.68759],[-96.23131,15.68777],[-96.23105,15.68778],[-96.23093,15.68753],[-96.2308,15.68732],[-96.23043,15.68733],[-96.23027,15.68769],[-96.23005,15.68763],[-96.22973,15.6875],[-96.2297,15.68771],[-96.22944,15.68774],[-96.22898,15.68775],[-96.22897,15.688],[-96.22883,15.68802],[-96.22844,15.68807],[-96.22824,15.68792],[-96.22841,15.68774],[-96.2285,15.68753]]],[[[-96.22241,15.68988],[-96.22259,15.68976],[-96.22268,15.68983],[-96.22285,15.68997],[-96.22357,15.69021],[-96.22333,15.69084],[-96.22277,15.69098],[-96.22249,15.69097],[-96.2221,15.69094],[-96.22201,15.69067],[-96.22232,15.69059],[-96.22236,15.69032],[-96.2223,15.68995],[-96.22241,15.68988]]],[[[-96.16188,15.72102],[-96.16149,15.72089],[-96.16137,15.72065],[-96.16174,15.72071],[-96.16184,15.72058],[-96.16171,15.72041],[-96.16153,15.72026],[-96.16132,15.72005],[-96.16138,15.71983],[-96.16144,15.71965],[-96.16123,15.71933],[-96.16151,15.71927],[-96.16147,15.7189],[-96.16112,15.71886],[-96.16059,15.71875],[-96.16044,15.71847],[-96.16022,15.71818],[-96.16049,15.71823],[-96.16073,15.71819],[-96.1611,15.71853],[-96.16144,15.7185],[-96.16155,15.7184],[-96.16126,15.71814],[-96.16101,15.71792],[-96.16073,15.71775],[-96.1606,15.71755],[-96.16053,15.71745],[-96.16042,15.71714],[-96.1605,15.7169],[-96.16085,15.71732],[-96.16098,15.71719],[-96.16127,15.71723],[-96.16133,15.71688],[-96.16146,15.71639],[-96.16174,15.71669],[-96.16198,15.71711],[-96.16179,15.71737],[-96.16163,15.71749],[-96.16183,15.71772],[-96.1618,15.71841],[-96.16207,15.71848],[-96.16242,15.71825],[-96.16257,15.71797],[-96.16247,15.7176],[-96.16261,15.71715],[-96.16293,15.71723],[-96.16327,15.71717],[-96.16365,15.71739],[-96.16382,15.71753],[-96.16383,15.71792],[-96.164,15.71818],[-96.16396,15.71847],[-96.16399,15.71892],[-96.16366,15.7188],[-96.16335,15.71897],[-96.1631,15.71944],[-96.163,15.71982],[-96.16288,15.72007],[-96.16291,15.72037],[-96.16278,15.72045],[-96.16261,15.72076],[-96.16235,15.72104],[-96.16215,15.72096],[-96.16188,15.72102]]],[[[-96.11864,15.74779],[-96.11862,15.74765],[-96.11855,15.74765],[-96.11847,15.74777],[-96.11839,15.74778],[-96.11838,15.74773],[-96.11844,15.74765],[-96.11838,15.74764],[-96.1183,15.74764],[-96.11822,15.74762],[-96.11822,15.74755],[-96.11812,15.74759],[-96.11804,15.74757],[-96.11808,15.74748],[-96.11823,15.74743],[-96.11813,15.74739],[-96.11811,15.74733],[-96.11824,15.74726],[-96.11842,15.74713],[-96.1186,15.74704],[-96.11871,15.74718],[-96.11878,15.74715],[-96.11874,15.74728],[-96.1186,15.74738],[-96.11852,15.74742],[-96.11865,15.74743],[-96.11874,15.7475],[-96.11864,15.74758],[-96.11869,15.74763],[-96.11879,15.74758],[-96.11893,15.74756],[-96.11903,15.74754],[-96.11918,15.74754],[-96.11929,15.74752],[-96.11939,15.74742],[-96.11951,15.74741],[-96.11959,15.74744],[-96.11965,15.74744],[-96.11974,15.74741],[-96.11976,15.74746],[-96.11966,15.74755],[-96.11966,15.74761],[-96.11966,15.74768],[-96.11953,15.74771],[-96.11948,15.74765],[-96.11941,15.74767],[-96.11939,15.74774],[-96.11931,15.74778],[-96.11919,15.74783],[-96.11908,15.74789],[-96.119,15.74789],[-96.11891,15.74793],[-96.11882,15.74789],[-96.11872,15.74787],[-96.11864,15.74779]]],[[[-96.11689,15.74786],[-96.11695,15.7478],[-96.11699,15.74778],[-96.11707,15.74778],[-96.11714,15.7478],[-96.1172,15.74782],[-96.11729,15.74785],[-96.11729,15.74785],[-96.11746,15.7479],[-96.11759,15.74798],[-96.1176,15.748],[-96.1176,15.74802],[-96.11757,15.74804],[-96.1174,15.74804],[-96.11747,15.74812],[-96.11749,15.74821],[-96.11746,15.74825],[-96.11725,15.74824],[-96.11708,15.7481],[-96.1169,15.74807],[-96.1169,15.74806],[-96.11687,15.74802],[-96.11686,15.74801],[-96.11686,15.74798],[-96.11687,15.74789],[-96.11689,15.74786]]],[[[-96.11602,15.749],[-96.11596,15.74897],[-96.11593,15.74899],[-96.11592,15.74893],[-96.11591,15.74885],[-96.11587,15.7488],[-96.1159,15.74875],[-96.11585,15.74867],[-96.11584,15.74861],[-96.11589,15.74856],[-96.11597,15.74853],[-96.11603,15.74857],[-96.11598,15.74864],[-96.11603,15.74872],[-96.11605,15.74882],[-96.11607,15.74889],[-96.11608,15.74892],[-96.11602,15.749]]],[[[-96.11643,15.74924],[-96.11641,15.74922],[-96.11633,15.74923],[-96.11627,15.74919],[-96.11624,15.74914],[-96.11625,15.74908],[-96.11628,15.74902],[-96.11631,15.74893],[-96.11639,15.74891],[-96.11643,15.74887],[-96.1165,15.74893],[-96.11651,15.74902],[-96.11652,15.74907],[-96.11653,15.74915],[-96.11646,15.74926],[-96.11643,15.74924]]],[[[-96.08409,15.76498],[-96.08401,15.76485],[-96.08387,15.76485],[-96.08365,15.76484],[-96.08335,15.76476],[-96.08308,15.76471],[-96.08285,15.76442],[-96.08276,15.76404],[-96.08274,15.7636],[-96.0828,15.76329],[-96.08292,15.76302],[-96.08322,15.76279],[-96.08367,15.76271],[-96.08378,15.76258],[-96.08382,15.76253],[-96.08423,15.76271],[-96.08449,15.76279],[-96.0848,15.76294],[-96.08503,15.76337],[-96.0851,15.76372],[-96.08495,15.76394],[-96.08486,15.76406],[-96.08465,15.76424],[-96.08442,15.76443],[-96.08421,15.7647],[-96.08447,15.76493],[-96.08473,15.76507],[-96.08475,15.76533],[-96.08479,15.76556],[-96.08457,15.76567],[-96.08442,15.76559],[-96.08439,15.76534],[-96.08423,15.76515],[-96.08409,15.76498]]],[[[-96.09477,15.77157],[-96.09479,15.77156],[-96.09483,15.77154],[-96.09486,15.77154],[-96.09486,15.77156],[-96.09489,15.77156],[-96.09491,15.77158],[-96.09495,15.77158],[-96.09498,15.7716],[-96.09504,15.77163],[-96.09507,15.77167],[-96.09511,15.77171],[-96.09511,15.77179],[-96.09509,15.77183],[-96.09504,15.77185],[-96.09493,15.77191],[-96.09482,15.77195],[-96.09473,15.77196],[-96.09468,15.7719],[-96.09466,15.77189],[-96.0946,15.77184],[-96.09468,15.77172],[-96.09474,15.77166],[-96.09474,15.7716],[-96.09477,15.77157]]],[[[-97.3515,15.93753],[-97.35154,15.93739],[-97.35137,15.93725],[-97.35141,15.93711],[-97.35122,15.937],[-97.35136,15.93692],[-97.35161,15.9369],[-97.35169,15.93675],[-97.35162,15.9367],[-97.35172,15.93663],[-97.3519,15.93663],[-97.35201,15.93655],[-97.3519,15.93651],[-97.35177,15.93653],[-97.35188,15.93637],[-97.35199,15.93636],[-97.35209,15.93634],[-97.3522,15.93631],[-97.35228,15.93642],[-97.35237,15.93635],[-97.3525,15.93639],[-97.3526,15.93647],[-97.35269,15.93652],[-97.35279,15.93662],[-97.35281,15.93675],[-97.35291,15.93691],[-97.35289,15.9371],[-97.35281,15.9374],[-97.35284,15.93752],[-97.35295,15.9375],[-97.35297,15.93761],[-97.35278,15.9377],[-97.35263,15.93778],[-97.35238,15.93796],[-97.35218,15.93797],[-97.35206,15.93803],[-97.35199,15.93794],[-97.35181,15.93787],[-97.35155,15.93781],[-97.35132,15.93768],[-97.3515,15.93753]]],[[[-95.5751,15.94174],[-95.57504,15.94168],[-95.575,15.94164],[-95.57498,15.94162],[-95.57496,15.9416],[-95.57489,15.9416],[-95.57476,15.94161],[-95.57466,15.94161],[-95.57455,15.9416],[-95.57438,15.94159],[-95.5743,15.94155],[-95.57427,15.94146],[-95.57431,15.94137],[-95.57433,15.94133],[-95.57433,15.9413],[-95.57435,15.94119],[-95.5744,15.9411],[-95.5744,15.94109],[-95.5744,15.94104],[-95.57436,15.94099],[-95.57437,15.94091],[-95.57439,15.94082],[-95.57439,15.9408],[-95.57438,15.94072],[-95.57431,15.94065],[-95.57421,15.94061],[-95.57413,15.94055],[-95.57414,15.9405],[-95.57415,15.94045],[-95.57418,15.94042],[-95.57428,15.94035],[-95.57443,15.94033],[-95.57453,15.94042],[-95.57466,15.94046],[-95.57485,15.94042],[-95.5749,15.94037],[-95.57507,15.94025],[-95.57513,15.94025],[-95.57531,15.94024],[-95.57559,15.94028],[-95.57576,15.94034],[-95.57589,15.94038],[-95.57611,15.94045],[-95.5762,15.94055],[-95.57638,15.94066],[-95.57644,15.94077],[-95.57648,15.94084],[-95.57651,15.94091],[-95.57653,15.94097],[-95.57651,15.941],[-95.57649,15.94103],[-95.57641,15.9411],[-95.57634,15.94119],[-95.57633,15.94121],[-95.57634,15.94122],[-95.57659,15.94128],[-95.57675,15.94131],[-95.57689,15.9414],[-95.57678,15.94153],[-95.57674,15.94157],[-95.57665,15.94167],[-95.57644,15.94178],[-95.57637,15.94186],[-95.57628,15.94188],[-95.5762,15.94189],[-95.57614,15.94191],[-95.57612,15.94191],[-95.57605,15.94191],[-95.57592,15.9419],[-95.57579,15.94186],[-95.57568,15.9418],[-95.57556,15.94177],[-95.5755,15.94174],[-95.57548,15.94174],[-95.57546,15.94174],[-95.57542,15.94177],[-95.57538,15.9418],[-95.57532,15.94185],[-95.57525,15.94187],[-95.57522,15.94188],[-95.57518,15.94186],[-95.57513,15.94184],[-95.5751,15.94174]]],[[[-96.68214,18.66884],[-96.56095,18.5877],[-96.49975,18.5895],[-96.45731,18.57044],[-96.42076,18.51046],[-96.40298,18.43992],[-96.35259,18.41025],[-96.34534,18.3797],[-96.31733,18.36454],[-96.30995,18.32235],[-96.27076,18.29782],[-96.26916,18.27398],[-96.28824,18.25976],[-96.21748,18.16197],[-96.17069,18.18638],[-96.18828,18.1513],[-96.15423,18.1318],[-96.09918,18.16684],[-96.05139,18.12674],[-95.95346,18.15987],[-95.93334,18.14167],[-95.91465,18.1522],[-95.90716,18.13564],[-95.83317,18.12903],[-95.79992,17.95001],[-95.85882,17.84478],[-95.84934,17.82585],[-95.86639,17.77435],[-95.89292,17.76514],[-95.90277,17.73265],[-95.89211,17.72061],[-95.87281,17.72741],[-95.89529,17.70449],[-95.87102,17.70217],[-95.80331,17.62937],[-95.78111,17.63888],[-95.77366,17.60585],[-95.80349,17.6071],[-95.80755,17.59184],[-95.79185,17.58636],[-95.78175,17.60303],[-95.7269,17.57803],[-95.72515,17.53623],[-95.70224,17.51853],[-95.68515,17.53753],[-95.64847,17.53989],[-95.6541,17.56039],[-95.64449,17.54654],[-95.60512,17.54901],[-95.59875,17.53461],[-95.532,17.55583],[-95.50632,17.59077],[-95.46302,17.59639],[-95.47314,17.60911],[-95.45446,17.6111],[-95.42549,17.64747],[-95.40716,17.64333],[-95.34376,17.68366],[-95.33442,17.6748],[-95.29781,17.72214],[-95.26718,17.71671],[-95.26903,17.74093],[-95.25867,17.72854],[-95.23891,17.73926],[-95.18244,17.69106],[-95.18813,17.6507],[-95.24193,17.63496],[-95.24823,17.64598],[-95.259,17.62901],[-95.24841,17.62558],[-95.27885,17.61324],[-95.25305,17.60781],[-95.07657,17.37293],[-94.96651,17.33437],[-94.95098,17.31565],[-94.92716,17.32514],[-94.89078,17.31106],[-94.91477,17.29258],[-94.89543,17.25638],[-94.92281,17.19379],[-93.86743,17.13696],[-94.13916,16.46179],[-94.05066,16.32971],[-94.03296,16.27594],[-94.04847,16.21617],[-94.10957,16.1791],[-94.10276,16.14252],[-94.03601,16.02209],[-94.00022,16.00309],[-94.27328,16.12327],[-94.54076,16.19197],[-94.83185,16.21454],[-95.07013,16.18336],[-95.14234,16.18865],[-95.15146,16.16775],[-95.2029,16.17061],[-95.20253,16.14565],[-95.19829,16.15991],[-95.23487,16.15622],[-95.24749,16.13334],[-95.28005,16.12113],[-95.27566,16.1074],[-95.35041,16.08164],[-95.37804,16.04635],[-95.36818,16.02069],[-95.42413,15.99971],[-95.43557,15.97581],[-95.56853,15.95779],[-95.66264,15.91235],[-95.77002,15.8946],[-95.77662,15.87129],[-95.95403,15.82964],[-96.07607,15.76606],[-96.09448,15.77356],[-96.10703,15.75559],[-96.11915,15.76712],[-96.1272,15.73785],[-96.19282,15.70459],[-96.20297,15.71193],[-96.23736,15.68247],[-96.42646,15.69603],[-96.49487,15.65802],[-96.55779,15.65687],[-96.70173,15.71694],[-96.86092,15.73906],[-96.93521,15.78313],[-97.0243,15.80979],[-97.06188,15.86008],[-97.21288,15.92337],[-97.33431,15.94574],[-97.4221,15.94144],[-97.53138,15.96921],[-97.65576,15.9778],[-97.67965,15.9621],[-97.78562,15.98075],[-97.96285,16.1012],[-98.20427,16.22854],[-98.4205,16.26948],[-98.55263,16.31595],[-98.5334,16.35158],[-98.47086,16.38116],[-98.39916,16.38051],[-98.34994,16.44445],[-98.35253,16.48943],[-98.38733,16.49779],[-98.39514,16.54684],[-98.32997,16.57275],[-98.26943,16.55846],[-98.20336,16.58718],[-98.19378,16.62146],[-98.21421,16.6188],[-98.22846,16.6395],[-98.24344,16.6967],[-98.23353,16.71737],[-98.20154,16.71267],[-98.20027,16.69724],[-98.13899,16.72378],[-98.12424,16.74964],[-98.13518,16.75839],[-98.10816,16.76095],[-98.07233,16.87425],[-98.11126,16.95887],[-98.05749,17.02378],[-98.03016,17.01576],[-98.00728,17.04014],[-98.15342,17.1104],[-98.2226,17.12215],[-98.20314,17.21629],[-98.24434,17.25147],[-98.28848,17.23822],[-98.3235,17.27594],[-98.30481,17.32752],[-98.28737,17.32901],[-98.33585,17.4563],[-98.32901,17.47873],[-98.31188,17.47749],[-98.32945,17.53298],[-98.37697,17.60535],[-98.41015,17.59977],[-98.46104,17.63036],[-98.4707,17.6781],[-98.48617,17.68099],[-98.49634,17.76881],[-98.42496,17.83959],[-98.42489,17.86599],[-98.39876,17.86091],[-98.3826,17.88367],[-98.34907,17.89317],[-98.32882,17.87893],[-98.30207,17.89311],[-98.28231,17.93515],[-98.26223,17.92688],[-98.25477,17.88363],[-98.20975,17.87976],[-98.17091,17.90206],[-98.16961,17.95283],[-98.13039,17.98808],[-98.04671,17.97621],[-98.02979,17.99184],[-97.97938,17.96444],[-97.93738,17.9679],[-97.94885,17.94816],[-97.9363,17.91718],[-97.81929,17.91474],[-97.80337,17.96046],[-97.76794,17.97665],[-97.76638,18.00591],[-97.69974,18.00164],[-97.69777,18.01882],[-97.77167,18.06837],[-97.79854,18.0358],[-97.79092,18.00416],[-97.82627,17.97268],[-97.8426,17.99608],[-97.83478,18.0498],[-97.81067,18.06772],[-97.84946,18.08374],[-97.86748,18.14457],[-97.83946,18.17123],[-97.85923,18.19229],[-97.82296,18.2234],[-97.7973,18.28317],[-97.72127,18.27605],[-97.65471,18.29309],[-97.63402,18.20007],[-97.65318,18.17529],[-97.6093,18.15368],[-97.60815,18.13101],[-97.56962,18.10339],[-97.54391,18.03344],[-97.53405,18.04634],[-97.48924,18.02559],[-97.46521,18.02841],[-97.41124,18.10239],[-97.37655,18.09451],[-97.30341,18.15908],[-97.22867,18.17459],[-97.21435,18.16367],[-97.16737,18.2009],[-97.14403,18.16343],[-97.13382,18.17413],[-97.13389,18.15772],[-97.11376,18.14947],[-97.04209,18.15657],[-96.99148,18.23074],[-96.93684,18.21603],[-96.92188,18.24062],[-96.91615,18.23064],[-96.85476,18.24123],[-96.81757,18.30079],[-96.82182,18.32068],[-96.78421,18.33833],[-96.75464,18.39216],[-96.72984,18.3977],[-96.73306,18.37412],[-96.70018,18.38293],[-96.69625,18.36475],[-96.69183,18.38085],[-96.67456,18.3814],[-96.68104,18.4122],[-96.70971,18.42995],[-96.70532,18.45671],[-96.68254,18.47506],[-96.68228,18.50712],[-96.7269,18.52983],[-96.7156,18.57324],[-96.69963,18.55334],[-96.70215,18.58123],[-96.67246,18.60757],[-96.6887,18.63879],[-96.68214,18.66884]]]]}},{"type":"Feature","properties":{"cve_ent":"21","estado":"Puebla"},"geometry":{"type":"MultiPolygon","coordinates":[[[[-97.84227,20.83991],[-97.85012,20.81692],[-97.8307,20.808],[-97.773,20.8272],[-97.73891,20.80153],[-97.69518,20.80004],[-97.72598,20.79165],[-97.72282,20.74999],[-97.75297,20.73237],[-97.75686,20.68949],[-97.73707,20.67966],[-97.74951,20.64332],[-97.70447,20.62922],[-97.71539,20.60908],[-97.69342,20.60268],[-97.7019,20.57187],[-97.68406,20.57251],[-97.68477,20.55426],[-97.65729,20.54507],[-97.6482,20.56631],[-97.63666,20.55371],[-97.58795,20.56107],[-97.54104,20.48971],[-97.57605,20.4909],[-97.59588,20.46399],[-97.63537,20.45219],[-97.64541,20.40832],[-97.67208,20.40853],[-97.70919,20.45511],[-97.7346,20.45131],[-97.76564,20.38123],[-97.74445,20.38011],[-97.74288,20.3512],[-97.70069,20.31992],[-97.67934,20.34992],[-97.67313,20.33661],[-97.68986,20.32009],[-97.6814,20.30243],[-97.7573,20.27908],[-97.73511,20.24239],[-97.73146,20.18135],[-97.72023,20.18917],[-97.65303,20.16343],[-97.63232,20.18322],[-97.60449,20.16687],[-97.60274,20.11931],[-97.57865,20.10252],[-97.59609,20.09298],[-97.58026,20.07901],[-97.5613,20.08602],[-97.55805,20.10691],[-97.49484,20.13735],[-97.50538,20.15394],[-97.46506,20.18022],[-97.46429,20.22423],[-97.44528,20.24616],[-97.40817,20.23209],[-97.38061,20.24988],[-97.36551,20.21575],[-97.28319,20.18111],[-97.24404,20.18228],[-97.16441,20.15183],[-97.14999,20.16061],[-97.15136,20.13754],[-97.12241,20.13672],[-97.20615,20.05635],[-97.20693,20.01467],[-97.26067,19.97725],[-97.26925,19.94703],[-97.25581,19.93246],[-97.30456,19.87069],[-97.31378,19.73514],[-97.33314,19.71678],[-97.30393,19.67116],[-97.34116,19.67575],[-97.40275,19.61534],[-97.41847,19.62722],[-97.43428,19.58885],[-97.40456,19.49587],[-97.34826,19.48463],[-97.35728,19.43238],[-97.39736,19.41906],[-97.36045,19.37603],[-97.33775,19.39253],[-97.28497,19.39164],[-97.21021,19.35944],[-97.21561,19.32332],[-97.20027,19.30926],[-97.17021,19.32902],[-97.102,19.30362],[-97.04551,19.32128],[-97.03099,19.29733],[-96.98556,19.2794],[-97.00123,19.23655],[-97.05615,19.19767],[-97.02705,19.13324],[-97.05563,19.134],[-97.06669,19.15946],[-97.19459,19.17181],[-97.20963,19.15985],[-97.1972,19.14656],[-97.2614,19.09663],[-97.26663,19.03031],[-97.28513,18.99943],[-97.25826,18.97771],[-97.24182,18.90214],[-97.29731,18.86731],[-97.32635,18.81025],[-97.35303,18.79128],[-97.35285,18.77436],[-97.33006,18.76597],[-97.35003,18.71714],[-97.34397,18.68576],[-97.32318,18.66431],[-97.3032,18.67429],[-97.27185,18.62778],[-97.23543,18.64357],[-97.14144,18.59642],[-97.14456,18.57093],[-97.08347,18.48394],[-97.07997,18.45451],[-96.99892,18.53192],[-96.95433,18.55383],[-96.92594,18.53493],[-96.89925,18.54865],[-96.84236,18.49339],[-96.81345,18.51762],[-96.79701,18.51194],[-96.78101,18.42907],[-96.76319,18.42705],[-96.75909,18.40826],[-96.72468,18.40739],[-96.78043,18.36353],[-96.78421,18.33833],[-96.82182,18.32068],[-96.81757,18.30079],[-96.85476,18.24123],[-96.91615,18.23064],[-96.92188,18.24062],[-96.93684,18.21603],[-96.99148,18.23074],[-97.04209,18.15657],[-97.11376,18.14947],[-97.13389,18.15772],[-97.13382,18.17413],[-97.14403,18.16343],[-97.16737,18.2009],[-97.21435,18.16367],[-97.22867,18.17459],[-97.30341,18.15908],[-97.37655,18.09451],[-97.41124,18.10239],[-97.46692,18.02695],[-97.53405,18.04634],[-97.54391,18.03344],[-97.56962,18.10339],[-97.60815,18.13101],[-97.6093,18.15368],[-97.65318,18.17529],[-97.63402,18.20007],[-97.65471,18.29309],[-97.72127,18.27605],[-97.7973,18.28317],[-97.82296,18.2234],[-97.85923,18.19229],[-97.83946,18.17123],[-97.86748,18.14457],[-97.84946,18.08374],[-97.81067,18.06772],[-97.83478,18.0498],[-97.8426,17.99608],[-97.82627,17.97268],[-97.79092,18.00416],[-97.79854,18.0358],[-97.77167,18.06837],[-97.69777,18.01882],[-97.69974,18.00164],[-97.76638,18.00591],[-97.76794,17.97665],[-97.80337,17.96046],[-97.81929,17.91474],[-97.9363,17.91718],[-97.94885,17.94816],[-97.93738,17.9679],[-97.97938,17.96444],[-98.02979,17.99184],[-98.04671,17.97621],[-98.13039,17.98808],[-98.16961,17.95283],[-98.17091,17.90206],[-98.20975,17.87976],[-98.25477,17.88363],[-98.26223,17.92688],[-98.28231,17.93515],[-98.30207,17.89311],[-98.32882,17.87893],[-98.34907,17.89317],[-98.3826,17.88367],[-98.39876,17.86091],[-98.42077,17.86369],[-98.445,17.9223],[-98.42417,17.93824],[-98.42509,17.97693],[-98.44814,17.99071],[-98.47639,17.98104],[-98.52672,17.99629],[-98.52963,17.97582],[-98.58552,17.97494],[-98.65054,17.93316],[-98.73183,17.98255],[-98.81494,18.0017],[-98.80126,18.02205],[-98.7671,18.01961],[-98.7351,18.0451],[-98.79707,18.06265],[-98.8113,18.05063],[-98.813,18.06488],[-98.86981,18.05722],[-98.85237,18.1176],[-98.88188,18.16616],[-99.00007,18.1902],[-98.98906,18.24935],[-99.01933,18.24541],[-99.01471,18.26327],[-99.03171,18.27231],[-99.06371,18.25148],[-99.05323,18.26416],[-99.06936,18.28323],[-99.05177,18.28982],[-99.07049,18.32684],[-99.01818,18.38778],[-98.98794,18.39706],[-98.98537,18.42115],[-98.93515,18.4229],[-98.91222,18.46212],[-98.85041,18.47803],[-98.82777,18.52389],[-98.75219,18.45392],[-98.7067,18.44511],[-98.71143,18.61645],[-98.74188,18.70218],[-98.71591,18.73919],[-98.75349,18.74297],[-98.72795,18.80551],[-98.66132,18.89781],[-98.68141,18.90717],[-98.71347,18.86724],[-98.70734,18.90286],[-98.67809,18.92372],[-98.61987,19.03506],[-98.6393,19.07744],[-98.62549,19.11957],[-98.64066,19.12546],[-98.64702,19.18483],[-98.64357,19.23873],[-98.62752,19.25776],[-98.66348,19.32479],[-98.66059,19.35174],[-98.63808,19.35891],[-98.66285,19.403],[-98.66018,19.43209],[-98.6347,19.42955],[-98.66144,19.45809],[-98.65323,19.46599],[-98.59128,19.44921],[-98.57028,19.46677],[-98.52319,19.46087],[-98.47028,19.36083],[-98.44127,19.32525],[-98.40772,19.31593],[-98.41009,19.29134],[-98.36892,19.22612],[-98.33068,19.20015],[-98.34271,19.17794],[-98.32393,19.16866],[-98.30716,19.1892],[-98.2697,19.16239],[-98.23024,19.15673],[-98.22304,19.13664],[-98.19071,19.13999],[-98.20435,19.11493],[-98.16618,19.10507],[-98.11016,19.14321],[-98.03169,19.23094],[-97.9282,19.16421],[-97.85099,19.22293],[-97.87049,19.24006],[-97.85405,19.25733],[-97.87029,19.27059],[-97.83843,19.28726],[-97.83927,19.30138],[-97.77139,19.28375],[-97.74509,19.30526],[-97.73833,19.2871],[-97.71964,19.30475],[-97.69093,19.28589],[-97.62636,19.32393],[-97.63145,19.3554],[-97.67386,19.36747],[-97.7548,19.45754],[-97.79686,19.47244],[-97.79454,19.49837],[-97.86227,19.45618],[-97.84874,19.48278],[-97.88975,19.50458],[-97.87181,19.56177],[-97.91615,19.59402],[-97.94671,19.58563],[-97.98068,19.62854],[-98.04221,19.64022],[-98.03644,19.68584],[-98.06081,19.72892],[-98.10101,19.66805],[-98.11774,19.68826],[-98.16556,19.66748],[-98.24107,19.67584],[-98.25532,19.71883],[-98.1957,19.74162],[-98.19438,19.76537],[-98.23482,19.77705],[-98.26923,19.84495],[-98.315,19.85512],[-98.26935,19.89571],[-98.26782,19.91611],[-98.24807,19.91753],[-98.2516,19.94815],[-98.22208,19.94693],[-98.21594,19.96852],[-98.1807,19.95975],[-98.16043,19.97813],[-98.1809,20.04699],[-98.1597,20.09257],[-98.12827,20.1072],[-98.12461,20.12407],[-98.10846,20.1208],[-98.09788,20.14539],[-98.13958,20.15014],[-98.12796,20.18594],[-98.17592,20.25423],[-98.27055,20.21581],[-98.28444,20.26279],[-98.25403,20.30134],[-98.17908,20.29381],[-98.18131,20.33654],[-98.12684,20.33623],[-98.07048,20.43027],[-98.01138,20.45577],[-98.00886,20.48254],[-97.98879,20.49539],[-97.99743,20.5061],[-97.97263,20.5232],[-97.98082,20.54071],[-97.90969,20.58638],[-97.89497,20.6239],[-97.91783,20.67394],[-97.89743,20.70321],[-97.92245,20.71652],[-97.87912,20.83428],[-97.84227,20.83991]]]]}},{"type":"Feature","properties":{"cve_ent":"22","estado":"Querétaro"},"geometry":{"type":"MultiPolygon","coordinates":[[[[-99.18811,21.66992],[-99.1719,21.62703],[-99.1283,21.58982],[-99.14228,21.53544],[-99.09262,21.36336],[-99.12946,21.36205],[-99.13783,21.32979],[-99.10295,21.32119],[-99.12756,21.31834],[-99.10435,21.2896],[-99.05324,21.28163],[-99.05118,21.25343],[-99.07373,21.23578],[-99.05194,21.21845],[-99.04308,21.17868],[-99.05453,21.15978],[-99.07225,21.15702],[-99.05969,21.16827],[-99.07648,21.17346],[-99.09063,21.1531],[-99.15052,21.14775],[-99.24768,21.10127],[-99.30921,21.1473],[-99.34183,21.12366],[-99.34636,21.10088],[-99.39737,21.102],[-99.38767,21.06783],[-99.36744,21.06948],[-99.37708,21.05662],[-99.36325,21.04173],[-99.38995,21.00414],[-99.39063,20.95227],[-99.41559,20.9249],[-99.41256,20.90543],[-99.43523,20.8994],[-99.44606,20.85303],[-99.48873,20.83293],[-99.50382,20.76579],[-99.54847,20.7372],[-99.50554,20.6847],[-99.50192,20.65896],[-99.56534,20.64039],[-99.61951,20.59141],[-99.65787,20.6018],[-99.69641,20.57445],[-99.71195,20.58127],[-99.73868,20.56052],[-99.82807,20.54301],[-99.85911,20.26847],[-99.9195,20.28167],[-99.93408,20.24977],[-99.91846,20.21178],[-99.95093,20.2159],[-99.95816,20.25176],[-99.97703,20.27238],[-99.98494,20.2648],[-99.96523,20.20116],[-99.9219,20.15874],[-99.93621,20.16252],[-99.94221,20.1201],[-99.92634,20.06433],[-99.98019,20.05915],[-99.97847,20.07405],[-100.00035,20.07748],[-100.08882,20.01502],[-100.16219,20.06254],[-100.16446,20.07835],[-100.20294,20.07665],[-100.19739,20.12989],[-100.2356,20.14346],[-100.19186,20.176],[-100.18114,20.2088],[-100.26046,20.26751],[-100.38129,20.30305],[-100.41,20.37601],[-100.47618,20.38961],[-100.49238,20.49042],[-100.50976,20.50653],[-100.50477,20.55503],[-100.485,20.5538],[-100.48209,20.57151],[-100.49618,20.61619],[-100.52954,20.63867],[-100.55113,20.63377],[-100.59654,20.71726],[-100.54891,20.73638],[-100.55833,20.80457],[-100.57759,20.81667],[-100.50205,20.85292],[-100.50902,20.87071],[-100.48537,20.9088],[-100.46996,20.90704],[-100.47223,20.92845],[-100.45318,20.9232],[-100.45396,20.90018],[-100.4134,20.88743],[-100.33359,20.89073],[-100.29839,20.91529],[-100.29921,20.93133],[-100.26554,20.92925],[-100.26362,20.971],[-100.18153,20.9304],[-100.13531,20.93726],[-100.11783,20.92216],[-100.06417,20.93629],[-100.08074,20.94986],[-100.06075,21.00582],[-100.06895,21.02281],[-100.02256,21.01462],[-100.01107,21.0285],[-100.02754,21.10025],[-99.99642,21.18259],[-100.01109,21.18946],[-99.98637,21.21831],[-99.83126,21.15732],[-99.73848,21.23582],[-99.68785,21.22578],[-99.69908,21.2667],[-99.6713,21.30119],[-99.73725,21.31288],[-99.73416,21.30144],[-99.75789,21.29214],[-99.79452,21.3574],[-99.7755,21.37497],[-99.77735,21.49596],[-99.74929,21.52317],[-99.74674,21.57836],[-99.65954,21.56795],[-99.6258,21.5073],[-99.54935,21.44707],[-99.55193,21.42839],[-99.49752,21.41923],[-99.46982,21.44651],[-99.43628,21.44986],[-99.40592,21.42827],[-99.38671,21.50037],[-99.37198,21.5071],[-99.37591,21.54793],[-99.30549,21.53291],[-99.2744,21.56532],[-99.28072,21.6079],[-99.2435,21.61506],[-99.2177,21.66665],[-99.18811,21.66992]]]]}},{"type":"Feature","properties":{"cve_ent":"23","estado":"Quintana Roo"},"geometry":{"type":"MultiPolygon","coordinates":[[[[-87.38975,18.37417],[-87.39099,18.37418],[-87.39198,18.37447],[-87.39263,18.37562],[-87.3935,18.37677],[-87.39414,18.37792],[-87.39469,18.37883],[-87.39508,18.37973],[-87.39463,18.38077],[-87.3935,18.38048],[-87.39263,18.38016],[-87.39172,18.37925],[-87.39084,18.37876],[-87.38986,18.3782],[-87.38903,18.37757],[-87.38855,18.37704],[-87.38805,18.37634],[-87.3878,18.37537],[-87.38842,18.3751],[-87.38975,18.37417]]],[[[-87.40162,18.38124],[-87.40082,18.38061],[-87.39976,18.3807],[-87.39951,18.3798],[-87.40013,18.37911],[-87.40066,18.37797],[-87.40256,18.37764],[-87.40479,18.37769],[-87.4064,18.37854],[-87.40752,18.37935],[-87.40839,18.38029],[-87.40871,18.38182],[-87.40859,18.38313],[-87.40902,18.38439],[-87.40931,18.38501],[-87.40966,18.38637],[-87.40946,18.38782],[-87.40931,18.38897],[-87.40879,18.39014],[-87.40805,18.39048],[-87.40703,18.39037],[-87.40638,18.3886],[-87.40603,18.38717],[-87.40494,18.38584],[-87.40392,18.38549],[-87.4036,18.38459],[-87.40295,18.38337],[-87.40227,18.38215],[-87.40162,18.38124]]],[[[-87.41155,18.39207],[-87.41251,18.39104],[-87.4136,18.39181],[-87.41506,18.39283],[-87.41674,18.39308],[-87.41783,18.39392],[-87.41925,18.39487],[-87.42074,18.39585],[-87.42153,18.39811],[-87.42133,18.39929],[-87.42052,18.39977],[-87.41957,18.40021],[-87.41862,18.40021],[-87.41749,18.39957],[-87.41629,18.39814],[-87.41561,18.3971],[-87.41499,18.3965],[-87.41434,18.39584],[-87.41317,18.39545],[-87.412,18.39506],[-87.41165,18.39339],[-87.41155,18.39207]]],[[[-87.42612,18.40394],[-87.42698,18.40287],[-87.42825,18.40385],[-87.42915,18.4048],[-87.42981,18.40577],[-87.43031,18.40647],[-87.43081,18.40769],[-87.43114,18.40845],[-87.43062,18.40894],[-87.43007,18.40952],[-87.42938,18.40896],[-87.4288,18.40792],[-87.4283,18.40684],[-87.42775,18.4061],[-87.42692,18.40558],[-87.42604,18.40547],[-87.42564,18.40487],[-87.42612,18.40394]]],[[[-87.438,18.41943],[-87.43891,18.4193],[-87.43916,18.4202],[-87.43843,18.42072],[-87.43816,18.42158],[-87.43805,18.42255],[-87.43757,18.42317],[-87.43646,18.42355],[-87.43599,18.42379],[-87.43522,18.42361],[-87.43453,18.42308],[-87.43396,18.42158],[-87.43414,18.42093],[-87.43502,18.42059],[-87.43583,18.42032],[-87.43686,18.42036],[-87.43716,18.4197],[-87.438,18.41943]]],[[[-87.43924,18.42846],[-87.44074,18.4285],[-87.44183,18.42973],[-87.44189,18.43143],[-87.44249,18.43389],[-87.44287,18.43684],[-87.4427,18.43899],[-87.44331,18.44111],[-87.44358,18.4433],[-87.44371,18.44517],[-87.44301,18.44596],[-87.44347,18.44805],[-87.4436,18.45023],[-87.44427,18.45274],[-87.44499,18.45489],[-87.44611,18.45712],[-87.44664,18.45872],[-87.4474,18.46004],[-87.44698,18.4616],[-87.4461,18.4619],[-87.44529,18.46242],[-87.44427,18.46258],[-87.44303,18.46157],[-87.44176,18.46024],[-87.442,18.4583],[-87.43996,18.45652],[-87.43954,18.4545],[-87.43919,18.45273],[-87.43877,18.45033],[-87.43853,18.44784],[-87.43862,18.44634],[-87.43849,18.44444],[-87.43861,18.44257],[-87.43789,18.44096],[-87.43736,18.43881],[-87.43735,18.43631],[-87.43718,18.43441],[-87.4373,18.43323],[-87.43727,18.43194],[-87.43699,18.43059],[-87.43755,18.42973],[-87.43832,18.4289],[-87.43924,18.42846]]],[[[-87.44456,18.47541],[-87.44537,18.47497],[-87.44628,18.47539],[-87.44719,18.47616],[-87.4471,18.47814],[-87.44705,18.48022],[-87.44686,18.4815],[-87.44641,18.48282],[-87.44654,18.48434],[-87.44612,18.48593],[-87.44538,18.48731],[-87.44482,18.48825],[-87.44506,18.49009],[-87.44538,18.49137],[-87.44563,18.49262],[-87.44536,18.49397],[-87.4448,18.49563],[-87.44479,18.49719],[-87.44499,18.49858],[-87.44505,18.5007],[-87.44445,18.5027],[-87.44362,18.50485],[-87.44305,18.50803],[-87.44224,18.51222],[-87.44193,18.51437],[-87.44222,18.51517],[-87.44206,18.51739],[-87.44157,18.51835],[-87.44058,18.51869],[-87.43963,18.51827],[-87.43807,18.51694],[-87.43716,18.51613],[-87.43742,18.51513],[-87.43812,18.51479],[-87.43868,18.51386],[-87.43844,18.5123],[-87.43848,18.51094],[-87.43893,18.50987],[-87.43964,18.50835],[-87.44064,18.50729],[-87.44047,18.50496],[-87.44046,18.50243],[-87.44051,18.50007],[-87.44107,18.49893],[-87.4413,18.49775],[-87.44165,18.49585],[-87.4417,18.49367],[-87.44175,18.49238],[-87.4415,18.4912],[-87.44141,18.48954],[-87.44149,18.4878],[-87.44133,18.48617],[-87.4413,18.48489],[-87.44164,18.48396],[-87.44129,18.48208],[-87.44104,18.48035],[-87.44069,18.47882],[-87.44147,18.47799],[-87.44261,18.47668],[-87.44365,18.47572],[-87.44456,18.47541]]],[[[-87.43654,18.55538],[-87.43721,18.55459],[-87.43786,18.55498],[-87.43837,18.55543],[-87.43862,18.55588],[-87.43855,18.55651],[-87.43825,18.55709],[-87.43824,18.55768],[-87.43875,18.55835],[-87.43915,18.55897],[-87.43921,18.56036],[-87.4381,18.56122],[-87.43744,18.56205],[-87.43674,18.56232],[-87.43627,18.56197],[-87.43547,18.56127],[-87.43503,18.56029],[-87.43461,18.55897],[-87.43538,18.55891],[-87.4356,18.55784],[-87.43591,18.55638],[-87.43654,18.55538]]],[[[-87.36192,18.38514],[-87.38334,18.37506],[-87.33216,18.44377],[-87.33702,18.52302],[-87.31443,18.55545],[-87.33098,18.52643],[-87.32293,18.45656],[-87.36192,18.38514]]],[[[-87.43569,18.58291],[-87.43661,18.58219],[-87.43697,18.58274],[-87.43708,18.58347],[-87.43751,18.58445],[-87.43849,18.58497],[-87.43881,18.58647],[-87.43924,18.58748],[-87.43898,18.58838],[-87.43835,18.58896],[-87.43765,18.58948],[-87.43688,18.58975],[-87.43604,18.58939],[-87.43557,18.58894],[-87.43609,18.5879],[-87.43613,18.5869],[-87.43596,18.58551],[-87.43545,18.58502],[-87.43513,18.58415],[-87.43569,18.58291]]],[[[-87.43952,18.59844],[-87.44074,18.59689],[-87.44142,18.5981],[-87.44229,18.59929],[-87.44246,18.60092],[-87.44183,18.60182],[-87.44193,18.60317],[-87.44229,18.6047],[-87.44176,18.60667],[-87.44119,18.60812],[-87.44038,18.60944],[-87.44,18.6104],[-87.44028,18.61204],[-87.44083,18.61287],[-87.44013,18.61328],[-87.43936,18.61307],[-87.43804,18.61282],[-87.43761,18.61208],[-87.4371,18.6109],[-87.4366,18.60948],[-87.43683,18.60864],[-87.4371,18.60743],[-87.43744,18.60612],[-87.43756,18.60515],[-87.43768,18.60369],[-87.43762,18.60196],[-87.43814,18.60054],[-87.43881,18.59951],[-87.43952,18.59844]]],[[[-87.30945,18.60358],[-87.31779,18.57781],[-87.34103,18.5735],[-87.30945,18.60358]]],[[[-87.43638,18.62366],[-87.43766,18.62346],[-87.43794,18.62481],[-87.43734,18.62703],[-87.43629,18.62972],[-87.43532,18.63162],[-87.43468,18.6337],[-87.43408,18.63518],[-87.43323,18.63622],[-87.43336,18.6383],[-87.43196,18.63974],[-87.43113,18.64151],[-87.43039,18.64271],[-87.43031,18.6441],[-87.42971,18.64538],[-87.42867,18.64693],[-87.42756,18.64827],[-87.42619,18.64989],[-87.42554,18.65329],[-87.42516,18.65502],[-87.42423,18.65636],[-87.42349,18.65767],[-87.42307,18.65916],[-87.42211,18.65978],[-87.4213,18.66015],[-87.42028,18.66001],[-87.42055,18.65786],[-87.42093,18.65644],[-87.42098,18.65484],[-87.42173,18.65274],[-87.42294,18.64914],[-87.4241,18.64596],[-87.42497,18.64264],[-87.42591,18.63997],[-87.42677,18.63696],[-87.4276,18.6351],[-87.42797,18.63406],[-87.42835,18.63292],[-87.42927,18.63213],[-87.43019,18.63151],[-87.43111,18.63079],[-87.43178,18.62996],[-87.43263,18.62945],[-87.43337,18.62869],[-87.43374,18.62734],[-87.43556,18.62441],[-87.43638,18.62366]]],[[[-87.40782,18.67669],[-87.41006,18.67639],[-87.41108,18.67786],[-87.41062,18.6798],[-87.40962,18.68149],[-87.40854,18.6828],[-87.40739,18.68511],[-87.40561,18.68669],[-87.40423,18.68984],[-87.40326,18.69142],[-87.40237,18.6928],[-87.40147,18.69484],[-87.4008,18.69647],[-87.39994,18.69875],[-87.39896,18.702],[-87.39817,18.70355],[-87.39835,18.7047],[-87.39804,18.70626],[-87.39837,18.70702],[-87.39784,18.70882],[-87.39691,18.71051],[-87.39613,18.71103],[-87.39554,18.71151],[-87.39473,18.71188],[-87.39444,18.71126],[-87.39405,18.71014],[-87.39476,18.70838],[-87.39473,18.70717],[-87.39534,18.70544],[-87.39619,18.7042],[-87.39679,18.70274],[-87.39706,18.70101],[-87.39718,18.69945],[-87.39735,18.69765],[-87.3981,18.6954],[-87.39915,18.69288],[-87.39979,18.69053],[-87.40014,18.68849],[-87.40092,18.68693],[-87.40163,18.68531],[-87.40241,18.68445],[-87.40249,18.68306],[-87.40254,18.68171],[-87.40414,18.67933],[-87.4052,18.67909],[-87.40576,18.67743],[-87.40782,18.67669]]],[[[-87.39099,18.72035],[-87.3925,18.72022],[-87.39257,18.72078],[-87.3927,18.72192],[-87.39269,18.72317],[-87.3921,18.72344],[-87.3917,18.72385],[-87.39125,18.7242],[-87.39066,18.72506],[-87.38952,18.72533],[-87.38879,18.72501],[-87.38807,18.72396],[-87.38756,18.72309],[-87.38768,18.72233],[-87.38867,18.72206],[-87.38966,18.72162],[-87.39011,18.72089],[-87.39099,18.72035]]],[[[-87.38595,18.73133],[-87.38691,18.73075],[-87.38763,18.73159],[-87.38752,18.73252],[-87.38707,18.73325],[-87.38648,18.73408],[-87.38574,18.73466],[-87.38562,18.73535],[-87.38543,18.73611],[-87.38517,18.73639],[-87.38397,18.73523],[-87.38405,18.73485],[-87.38428,18.73347],[-87.384,18.73253],[-87.38455,18.73219],[-87.38532,18.73164],[-87.38595,18.73133]]],[[[-87.30498,18.74191],[-87.30494,18.7419],[-87.30486,18.7419],[-87.30479,18.7419],[-87.3047,18.74189],[-87.30457,18.74186],[-87.30445,18.74183],[-87.30436,18.74179],[-87.30426,18.74176],[-87.30411,18.74168],[-87.30401,18.74159],[-87.30395,18.74152],[-87.30387,18.74144],[-87.30381,18.74137],[-87.30375,18.74127],[-87.30367,18.74116],[-87.30362,18.74107],[-87.30356,18.74103],[-87.30349,18.74096],[-87.30343,18.74085],[-87.30342,18.74076],[-87.30344,18.7407],[-87.3035,18.74064],[-87.30347,18.7406],[-87.30342,18.74058],[-87.30337,18.74056],[-87.30333,18.74053],[-87.30332,18.74046],[-87.30332,18.7404],[-87.30332,18.74033],[-87.30332,18.74025],[-87.30331,18.74018],[-87.30327,18.74007],[-87.30326,18.73997],[-87.30325,18.73988],[-87.30325,18.73979],[-87.30323,18.73968],[-87.30323,18.7396],[-87.30328,18.73953],[-87.3033,18.73943],[-87.30332,18.73936],[-87.30332,18.73924],[-87.30331,18.73916],[-87.30328,18.7391],[-87.30327,18.739],[-87.30329,18.73889],[-87.30334,18.7388],[-87.30337,18.73871],[-87.30338,18.73861],[-87.3034,18.73851],[-87.30346,18.73838],[-87.30354,18.73831],[-87.30364,18.73827],[-87.30373,18.73824],[-87.30386,18.73816],[-87.30396,18.7381],[-87.30405,18.73804],[-87.30419,18.73795],[-87.30424,18.73788],[-87.30422,18.73781],[-87.30426,18.73774],[-87.30439,18.73768],[-87.30456,18.73763],[-87.3046,18.73759],[-87.30468,18.73756],[-87.30474,18.73761],[-87.3048,18.73761],[-87.30486,18.73757],[-87.30497,18.73753],[-87.30512,18.73751],[-87.30529,18.73752],[-87.30545,18.73754],[-87.3056,18.73758],[-87.30573,18.73761],[-87.30589,18.73766],[-87.30601,18.73774],[-87.30612,18.73788],[-87.30624,18.73798],[-87.30634,18.73801],[-87.30639,18.73806],[-87.30638,18.73816],[-87.30638,18.73822],[-87.3065,18.73839],[-87.30661,18.73845],[-87.30667,18.73851],[-87.3067,18.73857],[-87.3067,18.73864],[-87.30667,18.73873],[-87.30671,18.73888],[-87.30676,18.73902],[-87.30682,18.73915],[-87.30683,18.73925],[-87.30678,18.73937],[-87.3068,18.73941],[-87.30685,18.73949],[-87.30689,18.7396],[-87.3069,18.73967],[-87.30689,18.73971],[-87.30687,18.73974],[-87.30682,18.73976],[-87.30674,18.73979],[-87.30667,18.7398],[-87.30663,18.73983],[-87.30665,18.73987],[-87.30671,18.73989],[-87.30672,18.73992],[-87.30671,18.73995],[-87.30662,18.73998],[-87.30658,18.74004],[-87.30657,18.74012],[-87.3066,18.7402],[-87.3066,18.74025],[-87.30659,18.7403],[-87.30653,18.74036],[-87.30652,18.74041],[-87.30655,18.74045],[-87.30654,18.74049],[-87.30652,18.74051],[-87.30644,18.74054],[-87.30642,18.74063],[-87.30637,18.74068],[-87.30629,18.74071],[-87.30623,18.74075],[-87.30621,18.74079],[-87.30624,18.74093],[-87.30627,18.74102],[-87.30627,18.74115],[-87.30623,18.74126],[-87.3062,18.74135],[-87.30614,18.74149],[-87.3061,18.74159],[-87.30608,18.74165],[-87.30594,18.74184],[-87.30583,18.7419],[-87.30578,18.74194],[-87.30569,18.74197],[-87.30559,18.74197],[-87.30554,18.74195],[-87.3055,18.74194],[-87.30545,18.74194],[-87.30541,18.74193],[-87.30533,18.74193],[-87.30525,18.74193],[-87.30518,18.74193],[-87.30514,18.74195],[-87.30506,18.74196],[-87.30501,18.74195],[-87.30498,18.74191]]],[[[-87.27383,18.73944],[-87.24535,18.6835],[-87.26454,18.61879],[-87.25272,18.6674],[-87.27383,18.73944]]],[[[-87.27972,18.74077],[-87.2802,18.74005],[-87.28049,18.74074],[-87.28088,18.74189],[-87.2812,18.74297],[-87.28072,18.74359],[-87.28021,18.74341],[-87.27992,18.74282],[-87.27963,18.74223],[-87.27938,18.7417],[-87.27972,18.74077]]],[[[-87.37785,18.73935],[-87.37881,18.73842],[-87.37965,18.73867],[-87.38016,18.73957],[-87.38034,18.7402],[-87.37996,18.74123],[-87.37921,18.74279],[-87.3788,18.74355],[-87.37821,18.7442],[-87.37787,18.74534],[-87.37801,18.74604],[-87.37712,18.74759],[-87.37641,18.74953],[-87.37548,18.7507],[-87.37444,18.75177],[-87.37337,18.75262],[-87.37238,18.75303],[-87.37187,18.75265],[-87.37154,18.75195],[-87.37144,18.75122],[-87.37193,18.7497],[-87.37186,18.74883],[-87.37209,18.748],[-87.37287,18.74704],[-87.37328,18.74617],[-87.37381,18.74472],[-87.37356,18.74364],[-87.37397,18.74268],[-87.37453,18.74164],[-87.37556,18.74113],[-87.37663,18.73996],[-87.37785,18.73935]]],[[[-87.31575,18.74559],[-87.31664,18.74525],[-87.31725,18.74591],[-87.31802,18.74693],[-87.31823,18.74786],[-87.31782,18.74842],[-87.31712,18.74844],[-87.31617,18.74805],[-87.31574,18.74729],[-87.31523,18.74714],[-87.3152,18.74603],[-87.31575,18.74559]]],[[[-87.29914,18.75097],[-87.29905,18.75089],[-87.29897,18.75089],[-87.29892,18.75085],[-87.2989,18.75078],[-87.29887,18.75076],[-87.29879,18.75072],[-87.29872,18.75072],[-87.29866,18.75069],[-87.29863,18.75064],[-87.29862,18.7505],[-87.29858,18.75045],[-87.29853,18.7504],[-87.29852,18.75036],[-87.29854,18.75032],[-87.29859,18.75028],[-87.2986,18.75025],[-87.29858,18.75022],[-87.29852,18.75019],[-87.2985,18.75015],[-87.2985,18.75011],[-87.29847,18.75],[-87.29847,18.74998],[-87.29846,18.74995],[-87.29846,18.74992],[-87.29848,18.74989],[-87.29848,18.74986],[-87.29849,18.74981],[-87.2985,18.74976],[-87.29853,18.74969],[-87.29855,18.74965],[-87.29856,18.74962],[-87.29854,18.74956],[-87.2985,18.74946],[-87.29847,18.74942],[-87.29844,18.74938],[-87.29838,18.74932],[-87.29836,18.74929],[-87.29836,18.74926],[-87.29837,18.74922],[-87.29836,18.7492],[-87.29834,18.7492],[-87.29829,18.74919],[-87.29827,18.74917],[-87.29826,18.74914],[-87.29826,18.74911],[-87.2983,18.74909],[-87.29833,18.74908],[-87.29837,18.74907],[-87.29838,18.74904],[-87.29838,18.749],[-87.29837,18.74898],[-87.29834,18.74896],[-87.29831,18.74894],[-87.2983,18.7489],[-87.29829,18.74886],[-87.29827,18.74884],[-87.29824,18.74882],[-87.29821,18.7488],[-87.29818,18.74877],[-87.29818,18.74872],[-87.2982,18.74866],[-87.29821,18.74862],[-87.29824,18.74859],[-87.29828,18.74859],[-87.29831,18.74858],[-87.29832,18.74856],[-87.29835,18.74852],[-87.29836,18.74849],[-87.29837,18.74845],[-87.29836,18.74842],[-87.29834,18.74838],[-87.29833,18.74834],[-87.29832,18.74829],[-87.29834,18.74826],[-87.29839,18.74823],[-87.29843,18.74822],[-87.29845,18.7482],[-87.29847,18.74818],[-87.29848,18.74813],[-87.29849,18.7481],[-87.2985,18.74807],[-87.29854,18.74806],[-87.29859,18.74806],[-87.29861,18.74806],[-87.29864,18.74806],[-87.29867,18.74806],[-87.29871,18.74806],[-87.29874,18.74808],[-87.29875,18.7481],[-87.29877,18.74811],[-87.2988,18.74811],[-87.29882,18.74808],[-87.29889,18.74805],[-87.29893,18.74804],[-87.29901,18.74804],[-87.29907,18.74806],[-87.29911,18.74807],[-87.29917,18.74808],[-87.29922,18.74808],[-87.29928,18.74808],[-87.29932,18.74807],[-87.29934,18.74805],[-87.29935,18.74802],[-87.29936,18.748],[-87.29939,18.74798],[-87.29942,18.74797],[-87.29943,18.74796],[-87.29949,18.74794],[-87.29956,18.74794],[-87.29962,18.74796],[-87.29966,18.74798],[-87.29969,18.74801],[-87.29972,18.74802],[-87.29975,18.748],[-87.29978,18.74799],[-87.2998,18.74798],[-87.29983,18.74795],[-87.29984,18.7479],[-87.29984,18.74786],[-87.29983,18.74783],[-87.29983,18.7478],[-87.29985,18.74778],[-87.29988,18.74778],[-87.29991,18.74781],[-87.29997,18.74784],[-87.30003,18.74784],[-87.30008,18.74784],[-87.30015,18.74783],[-87.30018,18.7478],[-87.30019,18.74777],[-87.30024,18.74774],[-87.30029,18.74772],[-87.30036,18.74772],[-87.30042,18.74773],[-87.30049,18.74776],[-87.30057,18.74783],[-87.30061,18.74786],[-87.30063,18.74789],[-87.30065,18.74791],[-87.30067,18.74792],[-87.30069,18.74793],[-87.30071,18.74794],[-87.30075,18.74795],[-87.30078,18.74797],[-87.30082,18.74797],[-87.30085,18.74796],[-87.30088,18.74796],[-87.30093,18.74797],[-87.30095,18.74799],[-87.30098,18.74799],[-87.30101,18.74799],[-87.30103,18.74798],[-87.30107,18.74799],[-87.3011,18.74798],[-87.30112,18.74797],[-87.30114,18.74797],[-87.30116,18.74798],[-87.3012,18.748],[-87.30122,18.74798],[-87.30124,18.74795],[-87.30125,18.74794],[-87.30127,18.74792],[-87.3013,18.74791],[-87.30133,18.74791],[-87.30137,18.74791],[-87.30141,18.74791],[-87.30144,18.74789],[-87.30145,18.74787],[-87.30147,18.74785],[-87.30152,18.74785],[-87.30154,18.74784],[-87.30155,18.74781],[-87.30155,18.7478],[-87.30159,18.74779],[-87.30161,18.74776],[-87.30162,18.74773],[-87.30165,18.74771],[-87.30166,18.74768],[-87.30168,18.74766],[-87.3017,18.74764],[-87.30172,18.74764],[-87.30172,18.74762],[-87.30171,18.7476],[-87.30169,18.74759],[-87.30168,18.74756],[-87.30169,18.74754],[-87.30171,18.74752],[-87.30172,18.7475],[-87.30173,18.74747],[-87.30174,18.74747],[-87.30174,18.74744],[-87.30174,18.74741],[-87.30173,18.74738],[-87.30172,18.74736],[-87.30167,18.74735],[-87.30166,18.74735],[-87.30162,18.74733],[-87.30161,18.74732],[-87.30162,18.74729],[-87.30159,18.74728],[-87.30159,18.74726],[-87.30157,18.74723],[-87.30155,18.74721],[-87.30154,18.74717],[-87.30153,18.74715],[-87.30153,18.74711],[-87.30153,18.74709],[-87.3015,18.74706],[-87.3015,18.74704],[-87.3015,18.74701],[-87.30153,18.74699],[-87.30154,18.74696],[-87.30154,18.74693],[-87.30154,18.74691],[-87.30152,18.74689],[-87.30152,18.74685],[-87.30154,18.74684],[-87.30156,18.74683],[-87.30158,18.7468],[-87.30157,18.74678],[-87.30156,18.74676],[-87.30154,18.74675],[-87.30153,18.74673],[-87.3015,18.74672],[-87.30147,18.74671],[-87.30146,18.7467],[-87.30144,18.74669],[-87.30143,18.74666],[-87.30141,18.74665],[-87.30139,18.74663],[-87.30137,18.74661],[-87.30136,18.74656],[-87.30133,18.74651],[-87.30133,18.74648],[-87.30135,18.74644],[-87.30137,18.74642],[-87.30139,18.74638],[-87.30139,18.74636],[-87.30141,18.74633],[-87.30146,18.74632],[-87.30148,18.7463],[-87.30147,18.74628],[-87.30144,18.74626],[-87.30139,18.74626],[-87.30135,18.74625],[-87.30134,18.74627],[-87.30129,18.74628],[-87.30125,18.74627],[-87.30121,18.74624],[-87.30119,18.7462],[-87.30118,18.74619],[-87.30116,18.74619],[-87.30116,18.74623],[-87.30116,18.74628],[-87.30113,18.74631],[-87.30111,18.74634],[-87.30107,18.74634],[-87.30103,18.74634],[-87.30099,18.74634],[-87.30098,18.74635],[-87.30096,18.74635],[-87.30092,18.74635],[-87.30087,18.74635],[-87.30081,18.74637],[-87.30079,18.74639],[-87.30076,18.74639],[-87.30073,18.74638],[-87.30071,18.74639],[-87.30067,18.74639],[-87.30063,18.74637],[-87.30061,18.74637],[-87.30057,18.74636],[-87.30056,18.74634],[-87.30055,18.74632],[-87.30053,18.7463],[-87.3005,18.74627],[-87.30049,18.74623],[-87.3005,18.7462],[-87.30052,18.74616],[-87.30055,18.74612],[-87.30055,18.7461],[-87.30053,18.74608],[-87.30052,18.74605],[-87.30053,18.74604],[-87.30053,18.74601],[-87.30053,18.74598],[-87.30056,18.74595],[-87.3006,18.74594],[-87.30062,18.74592],[-87.30063,18.7459],[-87.30062,18.74587],[-87.30061,18.74581],[-87.3006,18.74577],[-87.30062,18.7457],[-87.30065,18.74568],[-87.30069,18.74565],[-87.30074,18.74563],[-87.30078,18.74559],[-87.3008,18.74555],[-87.30082,18.74552],[-87.30085,18.7455],[-87.30089,18.74548],[-87.30094,18.74546],[-87.30098,18.74542],[-87.30101,18.74541],[-87.30103,18.7454],[-87.30106,18.74539],[-87.30109,18.74537],[-87.30112,18.74536],[-87.30115,18.74532],[-87.30117,18.74531],[-87.30124,18.7453],[-87.30127,18.74529],[-87.30131,18.74527],[-87.30136,18.74527],[-87.30143,18.74527],[-87.30147,18.74526],[-87.30152,18.74523],[-87.30156,18.74521],[-87.30158,18.74519],[-87.3016,18.74518],[-87.30163,18.74517],[-87.30166,18.74516],[-87.30168,18.74516],[-87.3017,18.74515],[-87.30173,18.74514],[-87.30175,18.74513],[-87.30178,18.74513],[-87.30181,18.74513],[-87.30184,18.74513],[-87.30187,18.74511],[-87.30189,18.7451],[-87.30192,18.74509],[-87.30194,18.74509],[-87.30197,18.7451],[-87.302,18.74509],[-87.30201,18.74507],[-87.30204,18.74506],[-87.30209,18.74506],[-87.30213,18.74506],[-87.30215,18.74505],[-87.30216,18.74502],[-87.30219,18.74501],[-87.30222,18.74501],[-87.30224,18.74501],[-87.30226,18.74499],[-87.3023,18.74496],[-87.30233,18.74495],[-87.3024,18.74496],[-87.30247,18.74496],[-87.3025,18.74494],[-87.30254,18.74492],[-87.30259,18.74492],[-87.30266,18.74491],[-87.30275,18.7449],[-87.30281,18.7449],[-87.30286,18.74492],[-87.30288,18.74496],[-87.30291,18.74497],[-87.30296,18.74495],[-87.30297,18.74492],[-87.30298,18.74489],[-87.30302,18.74488],[-87.30305,18.74489],[-87.30309,18.74489],[-87.3031,18.74486],[-87.30309,18.74483],[-87.3031,18.74481],[-87.30315,18.74481],[-87.30318,18.7448],[-87.30322,18.74478],[-87.30327,18.74479],[-87.3033,18.7448],[-87.30334,18.74481],[-87.30337,18.74481],[-87.30339,18.7448],[-87.30344,18.7448],[-87.30348,18.74484],[-87.3035,18.74487],[-87.30351,18.74491],[-87.3035,18.74496],[-87.30351,18.74498],[-87.30352,18.745],[-87.30354,18.74503],[-87.30356,18.74505],[-87.30356,18.74507],[-87.30352,18.74509],[-87.30349,18.74511],[-87.30348,18.74512],[-87.30348,18.74514],[-87.30349,18.74517],[-87.30349,18.74522],[-87.30347,18.74524],[-87.30344,18.74525],[-87.30342,18.74527],[-87.30342,18.74529],[-87.30343,18.7453],[-87.30345,18.74532],[-87.30347,18.74532],[-87.30349,18.74533],[-87.30351,18.74535],[-87.30352,18.74539],[-87.30356,18.74547],[-87.30359,18.74551],[-87.30359,18.74555],[-87.30361,18.74557],[-87.30365,18.74558],[-87.30368,18.74562],[-87.3037,18.74564],[-87.30373,18.74569],[-87.30374,18.74576],[-87.30377,18.74577],[-87.30377,18.7458],[-87.30377,18.74583],[-87.30376,18.74585],[-87.30376,18.74589],[-87.30377,18.74592],[-87.30378,18.74595],[-87.30379,18.74597],[-87.3038,18.746],[-87.3038,18.74603],[-87.30379,18.74605],[-87.30378,18.74608],[-87.30378,18.74612],[-87.30379,18.74615],[-87.3038,18.74618],[-87.3038,18.74621],[-87.3038,18.74624],[-87.3038,18.74627],[-87.3038,18.7463],[-87.30381,18.74632],[-87.30382,18.74636],[-87.30382,18.74641],[-87.30382,18.74645],[-87.30381,18.74648],[-87.30379,18.7465],[-87.30379,18.74652],[-87.30378,18.74655],[-87.30377,18.74659],[-87.30376,18.74661],[-87.30375,18.74662],[-87.30374,18.74663],[-87.30373,18.74666],[-87.30374,18.74667],[-87.30375,18.74669],[-87.30375,18.7467],[-87.30374,18.74672],[-87.30373,18.74673],[-87.30373,18.74675],[-87.30373,18.74677],[-87.30372,18.7468],[-87.30372,18.74683],[-87.30372,18.74685],[-87.30372,18.74687],[-87.30375,18.7469],[-87.30377,18.74692],[-87.30378,18.74694],[-87.30377,18.74696],[-87.30376,18.74697],[-87.30376,18.74699],[-87.30378,18.74701],[-87.3038,18.74699],[-87.30381,18.74696],[-87.30381,18.74693],[-87.30382,18.7469],[-87.30383,18.74692],[-87.30384,18.74694],[-87.30386,18.74696],[-87.30387,18.74697],[-87.30389,18.747],[-87.3039,18.74705],[-87.3039,18.74706],[-87.3039,18.7471],[-87.3039,18.74713],[-87.30389,18.74718],[-87.30388,18.74721],[-87.30385,18.74721],[-87.30383,18.7472],[-87.3038,18.74719],[-87.30377,18.7472],[-87.30378,18.74722],[-87.30379,18.74724],[-87.30381,18.74728],[-87.30381,18.7473],[-87.30381,18.74735],[-87.30383,18.74738],[-87.3038,18.7474],[-87.30376,18.74737],[-87.30374,18.74736],[-87.30371,18.74736],[-87.30367,18.74736],[-87.30364,18.74734],[-87.3036,18.74733],[-87.3036,18.74735],[-87.30362,18.7474],[-87.30365,18.74745],[-87.30367,18.74749],[-87.30367,18.74754],[-87.30364,18.74756],[-87.30359,18.74757],[-87.30355,18.7476],[-87.30353,18.74765],[-87.30352,18.74769],[-87.30353,18.74772],[-87.30356,18.74776],[-87.30359,18.7478],[-87.30362,18.74785],[-87.30365,18.74792],[-87.30366,18.74796],[-87.30364,18.748],[-87.3036,18.74802],[-87.30358,18.74802],[-87.30356,18.74803],[-87.30355,18.74806],[-87.30356,18.74809],[-87.30356,18.74812],[-87.30354,18.74817],[-87.30351,18.74823],[-87.30349,18.74828],[-87.30349,18.74834],[-87.30348,18.74837],[-87.30344,18.74842],[-87.30344,18.74851],[-87.30343,18.74858],[-87.3034,18.74861],[-87.30339,18.74863],[-87.30338,18.74865],[-87.30337,18.74869],[-87.30333,18.74874],[-87.30331,18.74877],[-87.3033,18.74882],[-87.30328,18.74886],[-87.30325,18.74888],[-87.30321,18.74889],[-87.30319,18.74893],[-87.30319,18.74898],[-87.30317,18.74904],[-87.30316,18.74907],[-87.30312,18.74908],[-87.30312,18.7491],[-87.30313,18.74912],[-87.30315,18.74912],[-87.30319,18.74912],[-87.30322,18.74914],[-87.30321,18.74917],[-87.30318,18.74919],[-87.30315,18.74918],[-87.30314,18.74919],[-87.30314,18.74922],[-87.30315,18.74927],[-87.30313,18.74936],[-87.30311,18.74944],[-87.30309,18.7495],[-87.30306,18.74958],[-87.30304,18.74964],[-87.30301,18.74972],[-87.30298,18.74977],[-87.30293,18.74983],[-87.30287,18.74993],[-87.30283,18.74998],[-87.30281,18.75],[-87.30274,18.7501],[-87.30269,18.75018],[-87.30263,18.75025],[-87.30253,18.75037],[-87.30243,18.75049],[-87.30231,18.75061],[-87.30217,18.7507],[-87.30208,18.75075],[-87.30199,18.75085],[-87.30189,18.75093],[-87.30176,18.751],[-87.30137,18.75122],[-87.30119,18.75129],[-87.30095,18.75138],[-87.3007,18.75143],[-87.3005,18.75146],[-87.30026,18.75147],[-87.30001,18.75147],[-87.29976,18.75145],[-87.29954,18.75138],[-87.29941,18.75131],[-87.29928,18.75121],[-87.29914,18.75097]]],[[[-87.31968,18.75318],[-87.32038,18.75319],[-87.32122,18.75354],[-87.32184,18.754],[-87.32147,18.75472],[-87.3208,18.7552],[-87.32032,18.75593],[-87.31963,18.75526],[-87.31952,18.7546],[-87.31924,18.75401],[-87.31902,18.75335],[-87.31968,18.75318]]],[[[-87.28904,18.75174],[-87.28959,18.75154],[-87.29025,18.75185],[-87.2905,18.75276],[-87.29056,18.75345],[-87.29038,18.75411],[-87.28978,18.75452],[-87.28902,18.75437],[-87.28917,18.75365],[-87.28928,18.75313],[-87.28903,18.75233],[-87.28904,18.75174]]],[[[-87.32025,18.75898],[-87.32099,18.75864],[-87.32194,18.75892],[-87.32175,18.75972],[-87.32171,18.76069],[-87.32173,18.76156],[-87.32162,18.76249],[-87.3211,18.76242],[-87.32037,18.76217],[-87.3203,18.76161],[-87.32024,18.76075],[-87.32032,18.75988],[-87.32025,18.75898]]],[[[-87.32851,18.75398],[-87.32976,18.75341],[-87.33042,18.75372],[-87.33045,18.75473],[-87.33059,18.7558],[-87.33076,18.75719],[-87.33112,18.75768],[-87.33177,18.75855],[-87.33125,18.75962],[-87.33065,18.76056],[-87.32991,18.76166],[-87.32965,18.76266],[-87.32897,18.76387],[-87.32801,18.7648],[-87.32673,18.76496],[-87.32612,18.76378],[-87.32543,18.76287],[-87.32503,18.76165],[-87.32545,18.7602],[-87.32624,18.75837],[-87.32618,18.75688],[-87.32659,18.75567],[-87.32722,18.75481],[-87.32851,18.75398]]],[[[-87.35665,18.76556],[-87.3575,18.76491],[-87.35808,18.76547],[-87.358,18.76612],[-87.35777,18.76682],[-87.35696,18.76754],[-87.35629,18.76868],[-87.35573,18.76954],[-87.35529,18.77012],[-87.35485,18.77033],[-87.35426,18.7705],[-87.35353,18.77001],[-87.35343,18.769],[-87.35414,18.76758],[-87.35458,18.76669],[-87.35535,18.76673],[-87.35605,18.76645],[-87.35642,18.76618],[-87.35665,18.76556]]],[[[-87.3605,18.76992],[-87.36149,18.76983],[-87.36163,18.77056],[-87.3611,18.77198],[-87.36018,18.7728],[-87.35918,18.77373],[-87.35841,18.77407],[-87.35731,18.77402],[-87.35672,18.7735],[-87.35658,18.77287],[-87.35684,18.77253],[-87.35729,18.77215],[-87.35803,18.77133],[-87.35876,18.77088],[-87.35958,18.77019],[-87.3605,18.76992]]],[[[-87.31747,18.76665],[-87.31839,18.76645],[-87.31934,18.76663],[-87.31959,18.76712],[-87.31999,18.76802],[-87.32013,18.76927],[-87.32008,18.77018],[-87.31957,18.77027],[-87.31883,18.7703],[-87.3181,18.77012],[-87.31785,18.7695],[-87.31749,18.76832],[-87.31709,18.76797],[-87.31706,18.76717],[-87.31747,18.76665]]],[[[-87.34519,18.7793],[-87.34627,18.77827],[-87.34762,18.77859],[-87.34913,18.77805],[-87.34938,18.77867],[-87.34904,18.77936],[-87.34841,18.78113],[-87.34785,18.78202],[-87.3463,18.78291],[-87.3446,18.78404],[-87.34335,18.78438],[-87.34173,18.78541],[-87.34018,18.78623],[-87.33912,18.78611],[-87.33898,18.78521],[-87.3395,18.78414],[-87.34054,18.78304],[-87.34198,18.78225],[-87.34206,18.78132],[-87.34236,18.78018],[-87.34328,18.78008],[-87.34402,18.77967],[-87.34519,18.7793]]],[[[-87.64115,19.188],[-87.63964,19.18695],[-87.6397,19.1858],[-87.64029,19.18454],[-87.6408,19.18454],[-87.64291,19.18462],[-87.64454,19.1846],[-87.64415,19.1855],[-87.64359,19.18641],[-87.64304,19.18686],[-87.64392,19.18701],[-87.64495,19.18708],[-87.64558,19.18625],[-87.64661,19.18603],[-87.64708,19.18639],[-87.64685,19.187],[-87.64677,19.18696],[-87.64566,19.18798],[-87.64392,19.18776],[-87.64265,19.18837],[-87.64115,19.188]]],[[[-87.62966,19.19278],[-87.62862,19.19098],[-87.62969,19.19127],[-87.63097,19.19141],[-87.63195,19.19135],[-87.63275,19.19239],[-87.63338,19.19254],[-87.63402,19.19306],[-87.63355,19.19397],[-87.63284,19.19488],[-87.63185,19.19522],[-87.62991,19.19594],[-87.6288,19.19678],[-87.62754,19.1967],[-87.62729,19.19565],[-87.62824,19.19512],[-87.62926,19.19369],[-87.62966,19.19278]]],[[[-87.62818,19.20272],[-87.62853,19.20255],[-87.63002,19.2027],[-87.63104,19.20272],[-87.63081,19.20369],[-87.63014,19.20434],[-87.62867,19.20447],[-87.6282,19.20413],[-87.62818,19.20272]]],[[[-87.65012,19.21544],[-87.65202,19.21554],[-87.65179,19.21577],[-87.65143,19.216],[-87.65072,19.21623],[-87.65036,19.21634],[-87.65,19.21634],[-87.64893,19.21668],[-87.64857,19.21669],[-87.64822,19.2168],[-87.64786,19.2168],[-87.6475,19.21692],[-87.64714,19.21692],[-87.64667,19.21703],[-87.64595,19.21703],[-87.6456,19.21715],[-87.64524,19.21715],[-87.64488,19.21726],[-87.64452,19.21726],[-87.64417,19.21738],[-87.64381,19.21738],[-87.6431,19.21761],[-87.64274,19.21772],[-87.64202,19.21795],[-87.64167,19.21795],[-87.64131,19.21807],[-87.64095,19.21818],[-87.6406,19.21841],[-87.64024,19.21852],[-87.63988,19.21886],[-87.63953,19.21909],[-87.63917,19.21921],[-87.63893,19.21955],[-87.63858,19.21977],[-87.63834,19.22011],[-87.63798,19.22034],[-87.63762,19.22057],[-87.63727,19.2208],[-87.63691,19.22091],[-87.63655,19.22114],[-87.6362,19.22125],[-87.63584,19.22148],[-87.63548,19.22159],[-87.63513,19.22182],[-87.63477,19.22194],[-87.63441,19.22216],[-87.63406,19.22228],[-87.6337,19.2225],[-87.63334,19.22262],[-87.63299,19.22285],[-87.63263,19.22296],[-87.63227,19.2233],[-87.63192,19.22353],[-87.63156,19.22376],[-87.6312,19.22398],[-87.63085,19.22421],[-87.63049,19.22444],[-87.63013,19.22467],[-87.62978,19.22489],[-87.62954,19.22523],[-87.62918,19.22546],[-87.62883,19.2258],[-87.62847,19.22591],[-87.62811,19.22626],[-87.62776,19.2266],[-87.6274,19.22682],[-87.62704,19.22705],[-87.62681,19.22739],[-87.62645,19.2275],[-87.62621,19.22784],[-87.62586,19.22807],[-87.62562,19.22841],[-87.62526,19.22864],[-87.62491,19.22898],[-87.62455,19.22909],[-87.62419,19.22932],[-87.62384,19.22955],[-87.62348,19.22978],[-87.62276,19.22978],[-87.62241,19.22989],[-87.62205,19.23001],[-87.62169,19.23023],[-87.62134,19.23046],[-87.62098,19.23058],[-87.62062,19.2308],[-87.62027,19.23114],[-87.61991,19.23137],[-87.61955,19.23171],[-87.61884,19.23239],[-87.6186,19.23273],[-87.61825,19.23296],[-87.61789,19.2333],[-87.61753,19.23375],[-87.6173,19.23409],[-87.61706,19.23443],[-87.61682,19.23477],[-87.61647,19.235],[-87.61623,19.23534],[-87.61599,19.23568],[-87.61564,19.23591],[-87.61528,19.23625],[-87.61492,19.23625],[-87.61456,19.23603],[-87.61468,19.23569],[-87.61492,19.23535],[-87.61516,19.23501],[-87.61551,19.23467],[-87.61563,19.23433],[-87.61587,19.23399],[-87.6161,19.23365],[-87.61634,19.23331],[-87.6167,19.23297],[-87.61693,19.23263],[-87.61729,19.2324],[-87.61765,19.23206],[-87.61788,19.23172],[-87.61824,19.23149],[-87.6186,19.23115],[-87.61895,19.23092],[-87.61919,19.23058],[-87.61955,19.23024],[-87.6199,19.23001],[-87.62026,19.22967],[-87.62062,19.22945],[-87.62097,19.22922],[-87.62133,19.22899],[-87.62169,19.22876],[-87.62204,19.22842],[-87.6224,19.2282],[-87.62276,19.22797],[-87.62311,19.22763],[-87.62347,19.2274],[-87.62383,19.22706],[-87.62418,19.22683],[-87.62454,19.22649],[-87.62501,19.22615],[-87.62537,19.22593],[-87.62573,19.2257],[-87.62608,19.22547],[-87.62644,19.22513],[-87.62692,19.2249],[-87.62727,19.22467],[-87.62763,19.22433],[-87.62799,19.22411],[-87.62846,19.22377],[-87.62882,19.22354],[-87.62929,19.22308],[-87.62965,19.22286],[-87.62989,19.22252],[-87.63036,19.22229],[-87.63072,19.22195],[-87.63108,19.22183],[-87.63131,19.22149],[-87.63179,19.22127],[-87.63214,19.22104],[-87.6325,19.22081],[-87.63298,19.22058],[-87.63333,19.22047],[-87.63369,19.22024],[-87.63441,19.22001],[-87.63476,19.21979],[-87.63524,19.21967],[-87.6356,19.21956],[-87.63595,19.21933],[-87.63667,19.2191],[-87.63702,19.21887],[-87.63738,19.21865],[-87.63785,19.21842],[-87.63821,19.21819],[-87.63857,19.21808],[-87.63904,19.21785],[-87.6394,19.21762],[-87.64047,19.21728],[-87.64095,19.21705],[-87.64131,19.21705],[-87.64202,19.21682],[-87.64262,19.21682],[-87.64297,19.2167],[-87.64369,19.21648],[-87.64404,19.21636],[-87.64452,19.21625],[-87.645,19.21625],[-87.64535,19.21613],[-87.64571,19.21613],[-87.64607,19.21602],[-87.64726,19.21601],[-87.64762,19.2159],[-87.64797,19.2159],[-87.64833,19.21578],[-87.64869,19.21578],[-87.6494,19.21555],[-87.64976,19.21555],[-87.65012,19.21544]]],[[[-87.60198,19.23575],[-87.60209,19.23557],[-87.60235,19.23563],[-87.60247,19.23574],[-87.60261,19.23578],[-87.60278,19.23579],[-87.60304,19.23583],[-87.60321,19.23581],[-87.60338,19.23579],[-87.60359,19.23577],[-87.60385,19.2357],[-87.60404,19.23568],[-87.60421,19.23564],[-87.60427,19.23555],[-87.60454,19.23545],[-87.60465,19.23533],[-87.60473,19.23519],[-87.60486,19.23503],[-87.60488,19.23493],[-87.60494,19.23476],[-87.60496,19.2346],[-87.60502,19.23446],[-87.60506,19.23434],[-87.60521,19.2342],[-87.60529,19.23413],[-87.6054,19.23411],[-87.60553,19.23413],[-87.60559,19.23417],[-87.60566,19.23427],[-87.60572,19.23441],[-87.60581,19.23451],[-87.6059,19.23467],[-87.60596,19.23485],[-87.60603,19.23506],[-87.60597,19.23526],[-87.60586,19.23538],[-87.60556,19.2355],[-87.60529,19.23559],[-87.60499,19.23563],[-87.60478,19.23567],[-87.6047,19.2357],[-87.60444,19.2358],[-87.60408,19.2359],[-87.60383,19.23594],[-87.60376,19.23598],[-87.60361,19.23604],[-87.60345,19.23609],[-87.60332,19.23622],[-87.60321,19.23638],[-87.60312,19.23649],[-87.60316,19.23664],[-87.60321,19.23672],[-87.60322,19.23692],[-87.60305,19.23688],[-87.60295,19.23677],[-87.60281,19.23658],[-87.60273,19.23654],[-87.60264,19.2365],[-87.60254,19.23644],[-87.60243,19.23636],[-87.60232,19.23628],[-87.60224,19.23614],[-87.60214,19.2361],[-87.60198,19.23599],[-87.60195,19.23585],[-87.60198,19.23575]]],[[[-87.4675,19.33391],[-87.46723,19.33374],[-87.46699,19.33349],[-87.46672,19.33335],[-87.46618,19.33312],[-87.46592,19.33304],[-87.46568,19.33278],[-87.46553,19.3325],[-87.46541,19.33225],[-87.46523,19.332],[-87.46511,19.33174],[-87.46505,19.33149],[-87.46496,19.33121],[-87.46487,19.33095],[-87.46478,19.3307],[-87.46478,19.33045],[-87.46481,19.33019],[-87.46481,19.32994],[-87.46475,19.32969],[-87.46463,19.32943],[-87.46436,19.32921],[-87.46427,19.32895],[-87.46427,19.32819],[-87.46442,19.32794],[-87.46459,19.32777],[-87.46453,19.32752],[-87.46453,19.32726],[-87.46471,19.32701],[-87.46501,19.32695],[-87.46527,19.32675],[-87.46554,19.32655],[-87.46584,19.32675],[-87.4659,19.327],[-87.46605,19.32726],[-87.4662,19.32751],[-87.46623,19.32776],[-87.46623,19.32802],[-87.46635,19.32827],[-87.46656,19.32853],[-87.46638,19.32878],[-87.46611,19.32886],[-87.46605,19.32912],[-87.46608,19.32937],[-87.46626,19.32963],[-87.46635,19.32988],[-87.46653,19.33016],[-87.46674,19.33041],[-87.46692,19.33067],[-87.46713,19.33095],[-87.46695,19.3312],[-87.46668,19.33117],[-87.46642,19.33134],[-87.4666,19.3316],[-87.46678,19.33185],[-87.4669,19.3321],[-87.46707,19.33239],[-87.46722,19.33267],[-87.46722,19.33292],[-87.46749,19.33317],[-87.46776,19.33334],[-87.46803,19.33337],[-87.46833,19.33345],[-87.46862,19.33362],[-87.46889,19.33371],[-87.46919,19.33371],[-87.46946,19.33373],[-87.46972,19.33387],[-87.46999,19.33401],[-87.47026,19.33399],[-87.47083,19.33398],[-87.47109,19.33407],[-87.47121,19.33432],[-87.47127,19.33457],[-87.47124,19.33483],[-87.47098,19.33508],[-87.47071,19.33511],[-87.47044,19.33508],[-87.47017,19.335],[-87.46988,19.33478],[-87.46964,19.33452],[-87.46937,19.33449],[-87.4691,19.33441],[-87.46883,19.33427],[-87.46857,19.33424],[-87.4683,19.33413],[-87.46803,19.33405],[-87.46776,19.33402],[-87.4675,19.33391]]],[[[-87.51064,19.36609],[-87.51001,19.36589],[-87.50969,19.36589],[-87.50937,19.36579],[-87.50841,19.36549],[-87.50809,19.36549],[-87.50777,19.36539],[-87.50745,19.36529],[-87.50692,19.3652],[-87.5066,19.3651],[-87.50628,19.3651],[-87.50564,19.3649],[-87.50532,19.3647],[-87.505,19.36449],[-87.50468,19.36439],[-87.50447,19.36409],[-87.50425,19.36379],[-87.50393,19.36349],[-87.50361,19.36319],[-87.50329,19.36288],[-87.50297,19.36268],[-87.50265,19.36238],[-87.50233,19.36228],[-87.50201,19.36208],[-87.50169,19.36198],[-87.50137,19.36178],[-87.50105,19.36158],[-87.50073,19.36128],[-87.50041,19.36098],[-87.50009,19.36067],[-87.49988,19.36037],[-87.49945,19.35977],[-87.49924,19.35947],[-87.49902,19.35916],[-87.49881,19.35886],[-87.49838,19.35826],[-87.49817,19.35796],[-87.49806,19.35765],[-87.49785,19.35735],[-87.49753,19.35705],[-87.49742,19.35675],[-87.49721,19.35644],[-87.49699,19.35604],[-87.49656,19.35544],[-87.49635,19.35503],[-87.49614,19.35473],[-87.49592,19.35443],[-87.4956,19.35423],[-87.49539,19.35393],[-87.49518,19.35362],[-87.49486,19.35332],[-87.49454,19.35302],[-87.49422,19.35272],[-87.4939,19.35242],[-87.49358,19.35212],[-87.49326,19.35191],[-87.49294,19.35161],[-87.49262,19.35141],[-87.4923,19.35111],[-87.49198,19.35091],[-87.49166,19.35061],[-87.49134,19.35041],[-87.49102,19.35021],[-87.4907,19.35],[-87.49038,19.3499],[-87.49006,19.3497],[-87.48974,19.3496],[-87.4891,19.3494],[-87.48846,19.349],[-87.48814,19.3487],[-87.48782,19.3485],[-87.4875,19.3482],[-87.48728,19.3479],[-87.48696,19.34769],[-87.48675,19.34739],[-87.48654,19.34709],[-87.48622,19.34689],[-87.4859,19.34659],[-87.48558,19.34629],[-87.48526,19.34608],[-87.48515,19.34578],[-87.48483,19.34568],[-87.48462,19.34538],[-87.4843,19.34528],[-87.48408,19.34498],[-87.48376,19.34478],[-87.48344,19.34448],[-87.48334,19.34417],[-87.48302,19.34387],[-87.4828,19.34357],[-87.4827,19.34327],[-87.48269,19.34296],[-87.48259,19.34266],[-87.48237,19.34236],[-87.48216,19.34206],[-87.48195,19.34175],[-87.48163,19.34145],[-87.48162,19.341],[-87.48152,19.34055],[-87.4813,19.34024],[-87.48098,19.33994],[-87.48066,19.33964],[-87.48034,19.33944],[-87.47939,19.33944],[-87.47907,19.33934],[-87.47875,19.33924],[-87.47843,19.33904],[-87.47832,19.33874],[-87.47821,19.33844],[-87.47821,19.33753],[-87.47832,19.33722],[-87.47842,19.33692],[-87.47853,19.33662],[-87.47874,19.33632],[-87.47895,19.33601],[-87.47916,19.33571],[-87.47927,19.33541],[-87.47991,19.3354],[-87.48054,19.3356],[-87.48086,19.3357],[-87.48118,19.33591],[-87.4815,19.33601],[-87.48172,19.33631],[-87.48204,19.33661],[-87.48225,19.33691],[-87.48257,19.33711],[-87.48278,19.33741],[-87.4831,19.33762],[-87.48374,19.33802],[-87.48406,19.33812],[-87.48428,19.33842],[-87.48438,19.33872],[-87.4847,19.33892],[-87.48502,19.33902],[-87.48534,19.33912],[-87.48598,19.33932],[-87.4863,19.33962],[-87.4862,19.33993],[-87.48599,19.34023],[-87.48577,19.34053],[-87.48577,19.34114],[-87.48599,19.34144],[-87.48631,19.34154],[-87.48673,19.34174],[-87.48705,19.34184],[-87.48716,19.34214],[-87.48706,19.34245],[-87.48706,19.34275],[-87.4877,19.34315],[-87.48802,19.34315],[-87.48833,19.34325],[-87.48865,19.34345],[-87.48887,19.34375],[-87.48908,19.34406],[-87.48919,19.34436],[-87.48983,19.34416],[-87.49015,19.34415],[-87.49047,19.34425],[-87.49079,19.34446],[-87.49111,19.34456],[-87.49143,19.34476],[-87.49174,19.34486],[-87.49206,19.34506],[-87.49238,19.34536],[-87.4927,19.34546],[-87.49292,19.34576],[-87.49334,19.34596],[-87.49366,19.34616],[-87.49398,19.34626],[-87.4943,19.34656],[-87.49462,19.34677],[-87.49473,19.34707],[-87.49473,19.34737],[-87.49452,19.34767],[-87.4942,19.34788],[-87.49388,19.34818],[-87.49378,19.34848],[-87.49378,19.34879],[-87.49389,19.34909],[-87.49399,19.34949],[-87.4941,19.34979],[-87.49421,19.3501],[-87.49453,19.3505],[-87.49485,19.3507],[-87.49549,19.3509],[-87.49581,19.3509],[-87.49613,19.351],[-87.49655,19.3511],[-87.49687,19.3512],[-87.49719,19.3514],[-87.49751,19.3515],[-87.49772,19.3518],[-87.49836,19.3518],[-87.49868,19.3517],[-87.499,19.3517],[-87.49964,19.35149],[-87.49996,19.35149],[-87.50028,19.35159],[-87.5006,19.35169],[-87.5006,19.352],[-87.50092,19.3521],[-87.50219,19.35209],[-87.50251,19.35189],[-87.50283,19.35179],[-87.50315,19.35169],[-87.50347,19.35158],[-87.50379,19.35138],[-87.50421,19.35118],[-87.50453,19.35108],[-87.50485,19.35098],[-87.50549,19.35097],[-87.5056,19.35128],[-87.5056,19.35188],[-87.50549,19.35218],[-87.50539,19.35249],[-87.50539,19.35279],[-87.5055,19.35309],[-87.5055,19.35339],[-87.50571,19.3537],[-87.50582,19.354],[-87.50625,19.3546],[-87.50646,19.35491],[-87.50657,19.35521],[-87.50678,19.35551],[-87.5071,19.35581],[-87.50721,19.35611],[-87.50721,19.35642],[-87.5071,19.35672],[-87.507,19.35702],[-87.50679,19.35733],[-87.50647,19.35753],[-87.50615,19.35773],[-87.50594,19.35803],[-87.50594,19.35834],[-87.50626,19.35854],[-87.50658,19.35864],[-87.507,19.35874],[-87.50732,19.35884],[-87.50764,19.35884],[-87.50796,19.35894],[-87.5086,19.35894],[-87.50892,19.35883],[-87.50956,19.35863],[-87.50998,19.35843],[-87.51009,19.35812],[-87.50987,19.35752],[-87.50966,19.35722],[-87.50934,19.35712],[-87.50902,19.35692],[-87.5087,19.35661],[-87.5087,19.35601],[-87.50902,19.35591],[-87.50965,19.35591],[-87.50997,19.35601],[-87.51253,19.356],[-87.51285,19.3561],[-87.51349,19.3563],[-87.51413,19.3567],[-87.51455,19.357],[-87.51498,19.3573],[-87.51509,19.35761],[-87.51519,19.35791],[-87.5152,19.35821],[-87.51488,19.35841],[-87.51488,19.35872],[-87.51477,19.35902],[-87.51477,19.35932],[-87.51499,19.35962],[-87.51509,19.35993],[-87.51541,19.36013],[-87.51563,19.36043],[-87.51584,19.36073],[-87.51606,19.36103],[-87.51627,19.36133],[-87.51648,19.36164],[-87.5167,19.36194],[-87.51691,19.36224],[-87.51712,19.36254],[-87.51734,19.36285],[-87.51755,19.36315],[-87.51777,19.36345],[-87.51798,19.36375],[-87.51809,19.36405],[-87.51809,19.36466],[-87.51788,19.36527],[-87.51767,19.36557],[-87.51756,19.36587],[-87.51735,19.36617],[-87.51735,19.36708],[-87.51746,19.36739],[-87.51757,19.36769],[-87.51778,19.36809],[-87.51778,19.36839],[-87.51789,19.3687],[-87.518,19.369],[-87.518,19.3693],[-87.51821,19.3696],[-87.51843,19.3699],[-87.51843,19.37081],[-87.51822,19.37112],[-87.518,19.37081],[-87.51768,19.37071],[-87.51747,19.37041],[-87.51715,19.37031],[-87.51683,19.37001],[-87.51651,19.36981],[-87.51619,19.36961],[-87.51587,19.36941],[-87.51555,19.36911],[-87.51512,19.3688],[-87.5148,19.3687],[-87.51448,19.3685],[-87.51416,19.3684],[-87.51384,19.3681],[-87.51352,19.3679],[-87.5132,19.3678],[-87.51288,19.3676],[-87.51256,19.3674],[-87.51224,19.3671],[-87.51192,19.367],[-87.5116,19.3667],[-87.51128,19.36649],[-87.51096,19.36629],[-87.51064,19.36609]]],[[[-87.57094,19.39819],[-87.57065,19.3981],[-87.57022,19.39808],[-87.56998,19.39815],[-87.56984,19.39815],[-87.56967,19.39799],[-87.5695,19.39786],[-87.5691,19.39777],[-87.56852,19.39775],[-87.56845,19.39775],[-87.56823,19.39747],[-87.56802,19.39727],[-87.56782,19.39718],[-87.56763,19.397],[-87.56744,19.39698],[-87.56718,19.39693],[-87.56713,19.39689],[-87.56686,19.39693],[-87.56634,19.39696],[-87.56615,19.39709],[-87.56593,19.39728],[-87.56562,19.3973],[-87.56545,19.39726],[-87.56528,19.397],[-87.56528,19.39671],[-87.5653,19.39647],[-87.5653,19.39621],[-87.56528,19.39587],[-87.56529,19.39554],[-87.56525,19.39514],[-87.56519,19.39481],[-87.56531,19.39473],[-87.56538,19.39425],[-87.56555,19.39371],[-87.5661,19.39341],[-87.56648,19.39329],[-87.56701,19.39322],[-87.56737,19.39324],[-87.56768,19.39349],[-87.56782,19.39377],[-87.56828,19.39372],[-87.56866,19.39372],[-87.56893,19.39397],[-87.56917,19.39463],[-87.56924,19.39474],[-87.56943,19.39494],[-87.56982,19.39485],[-87.57013,19.39469],[-87.57046,19.39442],[-87.57085,19.3943],[-87.57128,19.39428],[-87.57161,19.39435],[-87.57177,19.39458],[-87.57206,19.39473],[-87.5722,19.39489],[-87.5722,19.39503],[-87.57223,19.39523],[-87.57232,19.39541],[-87.57256,19.39557],[-87.57268,19.39571],[-87.57266,19.39598],[-87.57266,19.39616],[-87.57257,19.39635],[-87.57259,19.39682],[-87.57271,19.39694],[-87.57286,19.397],[-87.573,19.39698],[-87.57336,19.39693],[-87.5735,19.39702],[-87.57353,19.39734],[-87.57341,19.39743],[-87.57336,19.39755],[-87.57334,19.39768],[-87.57334,19.39798],[-87.57324,19.39805],[-87.57312,19.39798],[-87.57308,19.39798],[-87.57291,19.39798],[-87.57279,19.39807],[-87.57255,19.39823],[-87.57236,19.39828],[-87.57207,19.39828],[-87.57185,19.39821],[-87.57154,19.39824],[-87.57123,19.39833],[-87.57109,19.39826],[-87.57094,19.39819]]],[[[-87.55194,19.41282],[-87.55138,19.41222],[-87.55066,19.41289],[-87.5494,19.41237],[-87.54924,19.41177],[-87.55003,19.41117],[-87.54939,19.41012],[-87.54875,19.40914],[-87.54946,19.40838],[-87.55073,19.40823],[-87.55192,19.40837],[-87.5528,19.40973],[-87.55367,19.41033],[-87.55463,19.41002],[-87.5555,19.4107],[-87.55551,19.41168],[-87.55464,19.41274],[-87.55444,19.41371],[-87.55376,19.41387],[-87.55297,19.41387],[-87.55194,19.41282]]],[[[-87.65907,19.50448],[-87.65962,19.50402],[-87.66042,19.50455],[-87.66137,19.50432],[-87.66185,19.50469],[-87.66105,19.50553],[-87.66066,19.50628],[-87.66067,19.50741],[-87.65963,19.50786],[-87.65915,19.50749],[-87.65876,19.50696],[-87.65852,19.50561],[-87.65907,19.50448]]],[[[-87.66059,19.50989],[-87.66163,19.50929],[-87.66187,19.50981],[-87.66131,19.51034],[-87.66057,19.51061],[-87.66012,19.51095],[-87.65957,19.51163],[-87.65934,19.51245],[-87.65899,19.5137],[-87.65895,19.51472],[-87.65796,19.51558],[-87.65721,19.51555],[-87.65713,19.516],[-87.65745,19.51668],[-87.65729,19.51713],[-87.65649,19.51668],[-87.65641,19.51564],[-87.65656,19.51428],[-87.65719,19.51254],[-87.65783,19.51126],[-87.65878,19.51125],[-87.6594,19.51035],[-87.66059,19.50989]]],[[[-87.57591,19.56572],[-87.57696,19.56475],[-87.57742,19.5652],[-87.5769,19.56603],[-87.57612,19.56628],[-87.57591,19.56572]]],[[[-87.56714,19.57659],[-87.56744,19.57659],[-87.56752,19.57687],[-87.5675,19.57716],[-87.56719,19.57736],[-87.56689,19.5775],[-87.56634,19.57766],[-87.56617,19.57738],[-87.56634,19.57718],[-87.56651,19.57697],[-87.56685,19.57666],[-87.56714,19.57659]]],[[[-87.65931,19.5874],[-87.65965,19.58736],[-87.65998,19.58748],[-87.66011,19.58767],[-87.66005,19.58781],[-87.65993,19.5879],[-87.65975,19.58796],[-87.65945,19.58802],[-87.65927,19.5879],[-87.65909,19.58775],[-87.65913,19.58753],[-87.65931,19.5874]]],[[[-87.69993,19.59099],[-87.67546,19.58741],[-87.71305,19.58975],[-87.69993,19.59099]]],[[[-87.64782,19.58673],[-87.64813,19.58669],[-87.64852,19.58698],[-87.64843,19.58725],[-87.64818,19.58742],[-87.648,19.58753],[-87.64767,19.58761],[-87.64733,19.58761],[-87.64703,19.58741],[-87.64703,19.58713],[-87.6472,19.58685],[-87.64752,19.58676],[-87.64782,19.58673]]],[[[-87.56191,19.58013],[-87.5622,19.58005],[-87.56239,19.58008],[-87.56245,19.58025],[-87.56252,19.58028],[-87.56257,19.58045],[-87.5624,19.58053],[-87.56225,19.58067],[-87.56226,19.58077],[-87.56191,19.58096],[-87.56151,19.58116],[-87.56145,19.58087],[-87.56159,19.5806],[-87.5617,19.58033],[-87.56191,19.58013]]],[[[-87.63824,19.5874],[-87.63854,19.5874],[-87.63884,19.58748],[-87.63905,19.58776],[-87.63907,19.58799],[-87.63857,19.58817],[-87.63842,19.5882],[-87.63816,19.58848],[-87.63801,19.58858],[-87.6377,19.58888],[-87.63734,19.58912],[-87.63711,19.58925],[-87.63683,19.5893],[-87.6364,19.58935],[-87.63595,19.58891],[-87.63588,19.58863],[-87.63628,19.58795],[-87.63667,19.58789],[-87.63727,19.58772],[-87.63757,19.58756],[-87.63791,19.58744],[-87.63824,19.5874]]],[[[-87.5577,19.58328],[-87.55802,19.5831],[-87.55821,19.58315],[-87.55828,19.58324],[-87.55845,19.58333],[-87.55855,19.58348],[-87.55852,19.58359],[-87.5585,19.58366],[-87.5583,19.58368],[-87.55815,19.58373],[-87.55771,19.58357],[-87.5577,19.58328]]],[[[-87.49649,19.58995],[-87.49751,19.58984],[-87.49925,19.59127],[-87.49933,19.59262],[-87.49772,19.59258],[-87.49649,19.58995]]],[[[-87.49034,19.59763],[-87.49176,19.59492],[-87.49391,19.59514],[-87.49302,19.59724],[-87.49201,19.59786],[-87.49082,19.59888],[-87.49034,19.59763]]],[[[-87.46212,19.59435],[-87.46315,19.59432],[-87.46387,19.5959],[-87.46465,19.5977],[-87.46352,19.59838],[-87.46232,19.5967],[-87.46256,19.5959],[-87.46212,19.59435]]],[[[-87.45541,19.59818],[-87.45458,19.59705],[-87.45469,19.59649],[-87.45557,19.5958],[-87.4566,19.59603],[-87.45827,19.59614],[-87.45869,19.59778],[-87.45744,19.59829],[-87.4566,19.59784],[-87.45541,19.59818]]],[[[-87.49238,19.60486],[-87.49131,19.60418],[-87.48988,19.60419],[-87.48869,19.60374],[-87.48678,19.60329],[-87.48475,19.60319],[-87.4838,19.60387],[-87.48321,19.60443],[-87.48273,19.60297],[-87.48129,19.60195],[-87.47998,19.60185],[-87.47926,19.60241],[-87.47836,19.60231],[-87.4789,19.59982],[-87.47997,19.59879],[-87.48116,19.59901],[-87.48152,19.59743],[-87.48259,19.598],[-87.48367,19.59822],[-87.48462,19.59855],[-87.48415,19.59935],[-87.48355,19.60014],[-87.4832,19.60093],[-87.48331,19.60195],[-87.48392,19.60274],[-87.48475,19.60274],[-87.48474,19.60116],[-87.4851,19.60081],[-87.48678,19.60216],[-87.48773,19.60273],[-87.48845,19.6025],[-87.48964,19.60272],[-87.49095,19.6034],[-87.49202,19.60328],[-87.49333,19.60384],[-87.49417,19.60305],[-87.49441,19.60361],[-87.49381,19.60463],[-87.49387,19.60576],[-87.49322,19.60576],[-87.49238,19.60486]]],[[[-87.46293,19.60076],[-87.46221,19.59918],[-87.46269,19.59884],[-87.46376,19.59928],[-87.46471,19.60019],[-87.46543,19.60008],[-87.46662,19.59928],[-87.46805,19.59939],[-87.46841,19.60007],[-87.46996,19.60062],[-87.47115,19.60062],[-87.47258,19.60074],[-87.47247,19.60141],[-87.47145,19.60181],[-87.47152,19.60198],[-87.47044,19.60142],[-87.46877,19.60142],[-87.46686,19.60086],[-87.46567,19.60131],[-87.46508,19.60211],[-87.46485,19.60335],[-87.46389,19.60302],[-87.46376,19.60098],[-87.46293,19.60076]]],[[[-87.51903,19.61274],[-87.51856,19.61238],[-87.5179,19.61175],[-87.51913,19.61035],[-87.51974,19.61],[-87.52005,19.60988],[-87.52018,19.60964],[-87.52044,19.60921],[-87.5206,19.60883],[-87.52075,19.60852],[-87.52097,19.60782],[-87.52114,19.60748],[-87.52115,19.60727],[-87.52105,19.60657],[-87.52088,19.60625],[-87.52141,19.6059],[-87.52224,19.60583],[-87.52242,19.60553],[-87.52267,19.60527],[-87.52282,19.60488],[-87.52342,19.60475],[-87.5235,19.60526],[-87.52351,19.60583],[-87.52322,19.60647],[-87.52292,19.60663],[-87.52255,19.60695],[-87.52234,19.60691],[-87.52205,19.60717],[-87.52196,19.60751],[-87.52167,19.60765],[-87.52169,19.60777],[-87.52194,19.60816],[-87.52192,19.60844],[-87.5218,19.6089],[-87.52186,19.60907],[-87.52181,19.60939],[-87.52157,19.60962],[-87.52154,19.60997],[-87.52187,19.61],[-87.52191,19.61025],[-87.52189,19.61054],[-87.52198,19.61074],[-87.52196,19.61128],[-87.52213,19.61161],[-87.52265,19.6116],[-87.52324,19.6117],[-87.52345,19.61237],[-87.5234,19.6129],[-87.52301,19.61321],[-87.52257,19.61339],[-87.52223,19.61305],[-87.5221,19.61275],[-87.522,19.61278],[-87.52197,19.61292],[-87.52221,19.61346],[-87.52206,19.61356],[-87.52099,19.61353],[-87.52024,19.61334],[-87.51955,19.61306],[-87.51928,19.61281],[-87.51903,19.61274]]],[[[-87.49229,19.61096],[-87.49395,19.60869],[-87.4943,19.60711],[-87.49514,19.607],[-87.49561,19.60779],[-87.49597,19.60891],[-87.49562,19.60994],[-87.49478,19.60982],[-87.49276,19.6113],[-87.49229,19.61096]]],[[[-87.46402,19.60674],[-87.4639,19.60516],[-87.46509,19.60595],[-87.4664,19.60696],[-87.46653,19.60888],[-87.46665,19.61092],[-87.46702,19.61278],[-87.46607,19.61328],[-87.46512,19.61329],[-87.46511,19.61137],[-87.46521,19.60821],[-87.46402,19.60674]]],[[[-87.69757,19.64308],[-87.69872,19.64228],[-87.69937,19.64264],[-87.69995,19.6438],[-87.70002,19.64502],[-87.69983,19.64563],[-87.69938,19.64624],[-87.69848,19.64624],[-87.69674,19.64545],[-87.69674,19.64448],[-87.69757,19.64308]]],[[[-87.51503,19.62893],[-87.51519,19.62797],[-87.5158,19.62749],[-87.51617,19.62721],[-87.51648,19.62705],[-87.51666,19.62725],[-87.51696,19.62771],[-87.51704,19.62803],[-87.51725,19.62802],[-87.51735,19.62788],[-87.51749,19.62781],[-87.5176,19.62766],[-87.51772,19.6274],[-87.518,19.62702],[-87.51827,19.62668],[-87.51847,19.62638],[-87.51883,19.62612],[-87.51903,19.62573],[-87.51939,19.62555],[-87.51959,19.62513],[-87.51976,19.62488],[-87.51978,19.62462],[-87.51976,19.62435],[-87.52002,19.62283],[-87.52067,19.62319],[-87.52082,19.62372],[-87.5205,19.62473],[-87.52046,19.62516],[-87.52007,19.6259],[-87.51997,19.62659],[-87.51978,19.62721],[-87.51948,19.62728],[-87.51928,19.62732],[-87.51924,19.62759],[-87.51912,19.62787],[-87.51929,19.62826],[-87.51906,19.62857],[-87.51871,19.62878],[-87.5184,19.62911],[-87.51801,19.62933],[-87.51753,19.62933],[-87.5174,19.62911],[-87.51721,19.62915],[-87.51698,19.62957],[-87.51657,19.62977],[-87.51597,19.62967],[-87.51554,19.62937],[-87.51503,19.62893]]],[[[-87.67409,19.64122],[-87.67582,19.64103],[-87.67672,19.64139],[-87.67775,19.64145],[-87.6791,19.64163],[-87.68007,19.64199],[-87.68136,19.64338],[-87.68162,19.64423],[-87.68144,19.64569],[-87.68092,19.64643],[-87.68016,19.64698],[-87.67887,19.64668],[-87.67842,19.64607],[-87.67719,19.64595],[-87.67577,19.64511],[-87.67481,19.6445],[-87.67365,19.64378],[-87.67326,19.64311],[-87.67325,19.64219],[-87.67409,19.64122]]],[[[-87.70799,19.64998],[-87.70757,19.64984],[-87.7069,19.64985],[-87.70652,19.64967],[-87.70619,19.64958],[-87.70585,19.64927],[-87.70547,19.64891],[-87.70514,19.64864],[-87.7048,19.64828],[-87.70442,19.64797],[-87.70423,19.64765],[-87.70413,19.64729],[-87.70399,19.64693],[-87.70394,19.64662],[-87.70399,19.6463],[-87.70432,19.64599],[-87.70465,19.64576],[-87.70503,19.64558],[-87.70546,19.64553],[-87.70617,19.64553],[-87.7065,19.64558],[-87.70688,19.64562],[-87.70726,19.64562],[-87.70764,19.64566],[-87.70798,19.64575],[-87.70831,19.64579],[-87.70869,19.64588],[-87.70902,19.64597],[-87.7094,19.6461],[-87.70978,19.64619],[-87.71016,19.64628],[-87.7105,19.64641],[-87.71088,19.64659],[-87.71121,19.64677],[-87.71159,19.64708],[-87.71193,19.64731],[-87.71231,19.64758],[-87.71264,19.64784],[-87.71331,19.64847],[-87.71345,19.64879],[-87.71312,19.6491],[-87.71279,19.6491],[-87.7125,19.64879],[-87.71217,19.64866],[-87.71184,19.64875],[-87.71151,19.64902],[-87.71122,19.64933],[-87.71089,19.64956],[-87.71056,19.64974],[-87.71023,19.64988],[-87.70989,19.64992],[-87.70965,19.65004],[-87.70956,19.65011],[-87.70847,19.65011],[-87.70799,19.64998]]],[[[-87.45904,19.69436],[-87.45834,19.69388],[-87.4577,19.69319],[-87.45754,19.69258],[-87.45725,19.6922],[-87.4572,19.69175],[-87.45723,19.69153],[-87.4574,19.69152],[-87.45769,19.6911],[-87.45824,19.69085],[-87.45877,19.69105],[-87.45926,19.69128],[-87.45946,19.69145],[-87.45999,19.69162],[-87.46006,19.69194],[-87.46048,19.69199],[-87.46063,19.69226],[-87.46196,19.69237],[-87.46227,19.69248],[-87.46228,19.69272],[-87.46243,19.69292],[-87.46265,19.69315],[-87.46322,19.69343],[-87.46367,19.69379],[-87.4642,19.69405],[-87.46427,19.6947],[-87.46365,19.69464],[-87.46297,19.69466],[-87.46262,19.69479],[-87.46235,19.69487],[-87.46221,19.69506],[-87.46207,19.69564],[-87.46166,19.69581],[-87.46117,19.6957],[-87.46076,19.69564],[-87.46041,19.69556],[-87.45997,19.6955],[-87.4599,19.69507],[-87.45937,19.69468],[-87.45904,19.69436]]],[[[-87.46627,19.69854],[-87.46607,19.69836],[-87.46545,19.69832],[-87.46511,19.69764],[-87.46563,19.69725],[-87.4656,19.69719],[-87.46557,19.6969],[-87.46552,19.6967],[-87.46544,19.69662],[-87.46532,19.6966],[-87.46504,19.69697],[-87.46466,19.69678],[-87.46433,19.69619],[-87.46492,19.69603],[-87.46501,19.69594],[-87.46504,19.69562],[-87.46491,19.6952],[-87.46429,19.69499],[-87.46447,19.69452],[-87.46438,19.69421],[-87.46425,19.69377],[-87.4653,19.69374],[-87.46557,19.69373],[-87.46608,19.69378],[-87.46652,19.69388],[-87.46714,19.69416],[-87.46741,19.69441],[-87.46765,19.69448],[-87.46817,19.69477],[-87.46838,19.69505],[-87.46848,19.69527],[-87.46852,19.69533],[-87.4685,19.6957],[-87.46861,19.69593],[-87.46854,19.69603],[-87.46835,19.6962],[-87.46789,19.69631],[-87.46756,19.69654],[-87.46722,19.69677],[-87.46748,19.69703],[-87.46745,19.69724],[-87.46709,19.69751],[-87.46695,19.69768],[-87.46716,19.69796],[-87.4674,19.69811],[-87.46785,19.69829],[-87.46786,19.6985],[-87.46811,19.69898],[-87.4676,19.69927],[-87.46686,19.69917],[-87.46647,19.69888],[-87.46627,19.69854]]],[[[-87.47589,19.7046],[-87.4755,19.70444],[-87.47513,19.70451],[-87.47481,19.70435],[-87.47459,19.70426],[-87.47437,19.7042],[-87.47415,19.70421],[-87.47403,19.70425],[-87.47321,19.70429],[-87.4729,19.70427],[-87.47227,19.70431],[-87.47203,19.70428],[-87.47138,19.70407],[-87.47059,19.70353],[-87.47032,19.70326],[-87.46993,19.70317],[-87.46969,19.70268],[-87.46921,19.70227],[-87.46857,19.70165],[-87.46857,19.70091],[-87.46881,19.70075],[-87.4691,19.70086],[-87.46918,19.70113],[-87.46958,19.70104],[-87.46992,19.70123],[-87.47028,19.70127],[-87.47003,19.70106],[-87.46974,19.70075],[-87.46932,19.70071],[-87.46902,19.70038],[-87.46847,19.7004],[-87.46786,19.70003],[-87.46831,19.69917],[-87.46871,19.69925],[-87.46893,19.69909],[-87.46933,19.69913],[-87.46937,19.69937],[-87.46977,19.69942],[-87.4713,19.69937],[-87.47161,19.69954],[-87.47188,19.69968],[-87.47202,19.70002],[-87.4725,19.70046],[-87.47273,19.70086],[-87.47273,19.7012],[-87.47298,19.70135],[-87.47297,19.70169],[-87.47342,19.70168],[-87.47368,19.70195],[-87.47398,19.7018],[-87.47457,19.70191],[-87.47489,19.70228],[-87.47518,19.7024],[-87.47552,19.70274],[-87.4757,19.70271],[-87.47637,19.70288],[-87.47656,19.70296],[-87.47675,19.70295],[-87.47691,19.70299],[-87.47717,19.70303],[-87.47776,19.70326],[-87.4779,19.70357],[-87.47795,19.70386],[-87.47819,19.70427],[-87.47811,19.70455],[-87.47789,19.70496],[-87.47767,19.70497],[-87.4772,19.70504],[-87.47682,19.70477],[-87.47589,19.7046]]],[[[-87.47885,19.70378],[-87.47906,19.7038],[-87.47919,19.70388],[-87.47953,19.70396],[-87.47957,19.70432],[-87.47951,19.70452],[-87.47959,19.70489],[-87.47936,19.70513],[-87.47908,19.70525],[-87.47864,19.70493],[-87.47845,19.70463],[-87.4784,19.70423],[-87.4784,19.70399],[-87.47852,19.70386],[-87.47869,19.70384],[-87.47885,19.70378]]],[[[-87.50175,19.71146],[-87.50112,19.71124],[-87.50063,19.71122],[-87.49944,19.71099],[-87.49921,19.71098],[-87.49907,19.71096],[-87.49776,19.71078],[-87.49761,19.71077],[-87.49695,19.71055],[-87.49628,19.71023],[-87.49553,19.71],[-87.49468,19.70979],[-87.49419,19.70964],[-87.49376,19.7094],[-87.49354,19.70929],[-87.49331,19.7092],[-87.49249,19.70898],[-87.49205,19.70869],[-87.49146,19.70855],[-87.49088,19.70826],[-87.4905,19.70816],[-87.49017,19.70828],[-87.4897,19.70822],[-87.48885,19.708],[-87.48824,19.70788],[-87.48705,19.70764],[-87.48652,19.70765],[-87.48597,19.70744],[-87.4853,19.70754],[-87.4848,19.70712],[-87.48396,19.70693],[-87.48332,19.70661],[-87.48234,19.70624],[-87.48199,19.70624],[-87.48162,19.70593],[-87.48103,19.70564],[-87.4805,19.70562],[-87.47992,19.70517],[-87.47968,19.70491],[-87.47974,19.70463],[-87.48033,19.70436],[-87.48073,19.70431],[-87.48118,19.70423],[-87.48204,19.70433],[-87.48237,19.70443],[-87.48282,19.70437],[-87.48308,19.70441],[-87.48382,19.70436],[-87.48406,19.70432],[-87.48447,19.70429],[-87.48467,19.70421],[-87.48645,19.70415],[-87.48726,19.7046],[-87.4879,19.7046],[-87.48861,19.70472],[-87.48974,19.70513],[-87.48999,19.70512],[-87.49037,19.70522],[-87.49104,19.70547],[-87.49147,19.70565],[-87.49251,19.7059],[-87.4932,19.70601],[-87.49358,19.70606],[-87.49399,19.70626],[-87.49443,19.70642],[-87.49465,19.70673],[-87.49509,19.70702],[-87.49597,19.70748],[-87.49638,19.70798],[-87.49671,19.70814],[-87.49689,19.70823],[-87.4974,19.70832],[-87.49775,19.7084],[-87.49798,19.70841],[-87.49872,19.70844],[-87.49985,19.70845],[-87.50054,19.7087],[-87.50099,19.70888],[-87.50113,19.70912],[-87.50144,19.70915],[-87.50209,19.70911],[-87.50241,19.7093],[-87.50263,19.70925],[-87.50306,19.70927],[-87.50346,19.70928],[-87.50421,19.70937],[-87.50434,19.70966],[-87.50484,19.70964],[-87.50502,19.70989],[-87.50536,19.70972],[-87.50568,19.70977],[-87.50587,19.71001],[-87.50595,19.71056],[-87.50555,19.71117],[-87.50347,19.71115],[-87.5031,19.71122],[-87.50283,19.71121],[-87.50214,19.71126],[-87.50175,19.71146]]],[[[-86.86484,20.54822],[-86.86478,20.54801],[-86.8644,20.54802],[-86.86429,20.54784],[-86.86365,20.54778],[-86.86353,20.54757],[-86.86258,20.54755],[-86.86255,20.54731],[-86.86053,20.54732],[-86.86016,20.5473],[-86.85957,20.54735],[-86.85916,20.5475],[-86.85909,20.54719],[-86.85927,20.54698],[-86.85957,20.54664],[-86.86023,20.54663],[-86.86065,20.54663],[-86.86068,20.54684],[-86.8616,20.54683],[-86.86209,20.5466],[-86.86243,20.54664],[-86.86241,20.54651],[-86.86243,20.54613],[-86.8626,20.54608],[-86.86259,20.54577],[-86.8629,20.54573],[-86.86305,20.54615],[-86.86331,20.54618],[-86.86412,20.54618],[-86.86443,20.54628],[-86.86453,20.54661],[-86.86474,20.54668],[-86.86482,20.54684],[-86.86495,20.54691],[-86.86502,20.54707],[-86.86525,20.54712],[-86.86528,20.5473],[-86.86574,20.5473],[-86.86578,20.54752],[-86.86595,20.54755],[-86.86595,20.54794],[-86.86577,20.54804],[-86.86579,20.54824],[-86.86484,20.54822]]],[[[-86.72986,20.56953],[-86.79356,20.46484],[-86.83059,20.43806],[-86.89847,20.34419],[-86.99438,20.27454],[-87.01702,20.2994],[-87.01706,20.41217],[-86.92622,20.55253],[-86.89696,20.56558],[-86.86498,20.5372],[-86.76871,20.56064],[-86.72694,20.59216],[-86.72986,20.56953]]],[[[-86.7487,21.26509],[-86.71041,21.20145],[-86.74255,21.23436],[-86.73014,21.22138],[-86.7487,21.26509]]],[[[-86.85171,21.43597],[-86.88833,21.41681],[-86.87482,21.42633],[-86.88359,21.43399],[-86.85171,21.43597]]],[[[-86.90317,21.46597],[-86.90278,21.46586],[-86.90229,21.46539],[-86.90247,21.46487],[-86.90257,21.46378],[-86.90301,21.46356],[-86.90311,21.46289],[-86.90321,21.46234],[-86.90357,21.46205],[-86.90351,21.46145],[-86.90349,21.46092],[-86.90372,21.46076],[-86.9036,21.46012],[-86.90242,21.45876],[-86.9022,21.45838],[-86.90216,21.45782],[-86.90216,21.45756],[-86.90193,21.4573],[-86.90203,21.45707],[-86.90224,21.45647],[-86.90252,21.45588],[-86.9023,21.45541],[-86.90242,21.45456],[-86.90289,21.45456],[-86.90355,21.45405],[-86.90388,21.4536],[-86.90408,21.45222],[-86.90388,21.45186],[-86.90394,21.45113],[-86.90462,21.45113],[-86.90503,21.4513],[-86.90543,21.45134],[-86.90539,21.45158],[-86.90707,21.45156],[-86.90741,21.45181],[-86.90848,21.45139],[-86.90903,21.45075],[-86.90945,21.45073],[-86.90977,21.45018],[-86.9102,21.45022],[-86.91038,21.44996],[-86.91131,21.44945],[-86.91232,21.44939],[-86.91319,21.44932],[-86.91352,21.44979],[-86.91362,21.45053],[-86.91319,21.45079],[-86.91299,21.45062],[-86.91267,21.45062],[-86.91247,21.45136],[-86.91178,21.45139],[-86.9117,21.45096],[-86.91093,21.45143],[-86.91018,21.45215],[-86.90972,21.45217],[-86.9098,21.45266],[-86.90956,21.45307],[-86.90958,21.45351],[-86.90867,21.45356],[-86.90796,21.45322],[-86.90707,21.45337],[-86.90689,21.45358],[-86.90649,21.45341],[-86.90621,21.4533],[-86.90594,21.45298],[-86.90546,21.45283],[-86.90528,21.45305],[-86.90528,21.45339],[-86.90514,21.45351],[-86.90483,21.45343],[-86.90475,21.45381],[-86.90475,21.45456],[-86.9052,21.45471],[-86.90546,21.455],[-86.90515,21.45539],[-86.90493,21.45534],[-86.90485,21.45517],[-86.90457,21.45549],[-86.90412,21.45523],[-86.9037,21.45553],[-86.90334,21.45558],[-86.90315,21.45598],[-86.90307,21.45649],[-86.90285,21.45672],[-86.90232,21.45703],[-86.90256,21.45713],[-86.90256,21.4574],[-86.90242,21.45754],[-86.90243,21.45776],[-86.9027,21.45778],[-86.90296,21.45779],[-86.90355,21.45817],[-86.90365,21.45853],[-86.90396,21.45887],[-86.90401,21.45923],[-86.90421,21.45953],[-86.9043,21.45976],[-86.90487,21.46035],[-86.9048,21.46053],[-86.9044,21.46022],[-86.90427,21.46031],[-86.90432,21.46049],[-86.90457,21.46065],[-86.90456,21.46148],[-86.90481,21.46167],[-86.9048,21.46233],[-86.90456,21.46237],[-86.90469,21.46398],[-86.90443,21.46403],[-86.90402,21.46406],[-86.90413,21.46454],[-86.90426,21.465],[-86.90432,21.46527],[-86.90462,21.46552],[-86.90496,21.46573],[-86.90488,21.4659],[-86.90461,21.46586],[-86.90458,21.46605],[-86.90488,21.46599],[-86.90515,21.46598],[-86.90511,21.46624],[-86.90479,21.46629],[-86.9043,21.46653],[-86.9038,21.46624],[-86.9036,21.46604],[-86.90317,21.46597]]],[[[-86.93614,21.47548],[-86.93589,21.47525],[-86.93543,21.47525],[-86.93516,21.47518],[-86.93486,21.47508],[-86.93482,21.47487],[-86.93476,21.47472],[-86.93435,21.47472],[-86.93403,21.47462],[-86.93393,21.47434],[-86.93336,21.47415],[-86.93277,21.47413],[-86.93253,21.47423],[-86.9321,21.47436],[-86.9318,21.47421],[-86.93192,21.47369],[-86.932,21.47324],[-86.93182,21.47288],[-86.93158,21.47253],[-86.93143,21.47195],[-86.93156,21.47145],[-86.93141,21.47126],[-86.93117,21.47121],[-86.93078,21.47109],[-86.93054,21.47143],[-86.93018,21.47143],[-86.92947,21.47111],[-86.92918,21.47073],[-86.92894,21.47043],[-86.92864,21.4701],[-86.92811,21.47001],[-86.92772,21.46961],[-86.92768,21.46927],[-86.92734,21.46879],[-86.92734,21.4683],[-86.92756,21.46805],[-86.92783,21.46794],[-86.92821,21.46769],[-86.92849,21.46771],[-86.9289,21.46788],[-86.92931,21.46796],[-86.92961,21.4679],[-86.92987,21.46764],[-86.93018,21.46767],[-86.93018,21.46809],[-86.93064,21.46783],[-86.93107,21.4679],[-86.93097,21.46834],[-86.93117,21.46853],[-86.93148,21.46857],[-86.93146,21.46821],[-86.93178,21.46813],[-86.93198,21.46832],[-86.93237,21.46788],[-86.93239,21.4676],[-86.93267,21.46745],[-86.93261,21.46726],[-86.93263,21.46646],[-86.93308,21.46667],[-86.93361,21.46654],[-86.93401,21.46682],[-86.93389,21.46731],[-86.93381,21.46764],[-86.9335,21.46762],[-86.93338,21.46815],[-86.93328,21.46862],[-86.93296,21.46887],[-86.93271,21.46927],[-86.93255,21.46986],[-86.93257,21.4705],[-86.93275,21.47098],[-86.93281,21.47153],[-86.93322,21.47168],[-86.9336,21.47199],[-86.93385,21.47191],[-86.93403,21.47143],[-86.93387,21.4709],[-86.93421,21.47045],[-86.93476,21.4703],[-86.93549,21.47094],[-86.93557,21.47151],[-86.93567,21.472],[-86.93587,21.47231],[-86.93624,21.47238],[-86.9364,21.47288],[-86.93689,21.47295],[-86.93689,21.47322],[-86.93669,21.47337],[-86.93626,21.47314],[-86.93594,21.47309],[-86.93577,21.47343],[-86.936,21.47373],[-86.9362,21.47398],[-86.93626,21.47428],[-86.93662,21.4743],[-86.93681,21.47438],[-86.93683,21.47489],[-86.93685,21.47535],[-86.93658,21.47531],[-86.93614,21.47548]]],[[[-86.92192,21.4777],[-86.92149,21.4776],[-86.92095,21.4773],[-86.92038,21.47691],[-86.9202,21.47657],[-86.9195,21.47658],[-86.91907,21.47664],[-86.91865,21.47672],[-86.91843,21.47677],[-86.91798,21.47647],[-86.91758,21.47624],[-86.91718,21.47602],[-86.91702,21.47549],[-86.91724,21.47486],[-86.9174,21.4747],[-86.9173,21.47449],[-86.91694,21.47479],[-86.91665,21.47498],[-86.91629,21.475],[-86.91595,21.47466],[-86.91569,21.47439],[-86.91567,21.4739],[-86.91563,21.47335],[-86.91484,21.47335],[-86.91402,21.47273],[-86.91382,21.47259],[-86.9139,21.47223],[-86.9132,21.47191],[-86.91314,21.47148],[-86.91257,21.47106],[-86.91245,21.47067],[-86.91209,21.47057],[-86.91203,21.47029],[-86.91179,21.46985],[-86.91161,21.46967],[-86.91122,21.46942],[-86.91098,21.46887],[-86.91082,21.46824],[-86.91074,21.46764],[-86.91104,21.46751],[-86.91128,21.46758],[-86.91138,21.46724],[-86.9115,21.46666],[-86.91179,21.46636],[-86.91233,21.46621],[-86.91299,21.46659],[-86.91364,21.46695],[-86.91377,21.46738],[-86.914,21.46772],[-86.91454,21.46808],[-86.91502,21.46843],[-86.91543,21.46869],[-86.91586,21.46901],[-86.91581,21.46924],[-86.91627,21.46916],[-86.91691,21.4698],[-86.91711,21.47015],[-86.91752,21.47041],[-86.91754,21.47093],[-86.9178,21.47138],[-86.91814,21.47138],[-86.91859,21.4715],[-86.91862,21.47196],[-86.91911,21.47202],[-86.91989,21.472],[-86.92025,21.47231],[-86.92053,21.47285],[-86.92092,21.47326],[-86.92107,21.47411],[-86.92089,21.4746],[-86.92076,21.47488],[-86.92052,21.47497],[-86.92056,21.47539],[-86.92082,21.47582],[-86.92123,21.47596],[-86.92201,21.47633],[-86.92262,21.47666],[-86.92328,21.47686],[-86.92371,21.47722],[-86.92371,21.4777],[-86.92359,21.47789],[-86.92315,21.47779],[-86.92292,21.47812],[-86.92288,21.47864],[-86.9221,21.47862],[-86.92196,21.47838],[-86.92216,21.47794],[-86.92192,21.4777]]],[[[-86.9759,21.53434],[-86.97566,21.53407],[-86.97538,21.53416],[-86.97516,21.53416],[-86.975,21.53397],[-86.975,21.53335],[-86.97483,21.53313],[-86.97457,21.53295],[-86.97445,21.5326],[-86.97445,21.53212],[-86.97399,21.53193],[-86.97395,21.53158],[-86.97379,21.53144],[-86.97352,21.53152],[-86.97323,21.53146],[-86.97284,21.53122],[-86.97255,21.53121],[-86.97218,21.53119],[-86.97203,21.53099],[-86.97209,21.53067],[-86.97225,21.53058],[-86.9724,21.53049],[-86.97294,21.53054],[-86.97312,21.53085],[-86.97334,21.53074],[-86.97336,21.53024],[-86.9734,21.52973],[-86.9732,21.52974],[-86.97283,21.52977],[-86.97247,21.52969],[-86.9723,21.52944],[-86.97221,21.52909],[-86.972,21.52883],[-86.97219,21.52859],[-86.9726,21.52861],[-86.9728,21.52862],[-86.97315,21.52876],[-86.97352,21.52853],[-86.97416,21.52872],[-86.97444,21.52898],[-86.97476,21.52906],[-86.9749,21.52885],[-86.97463,21.5286],[-86.97426,21.5283],[-86.97418,21.5279],[-86.97418,21.52734],[-86.97418,21.52662],[-86.97467,21.52639],[-86.97507,21.52645],[-86.97503,21.52731],[-86.97513,21.52804],[-86.97516,21.52837],[-86.97532,21.52866],[-86.97547,21.52891],[-86.97543,21.5292],[-86.97533,21.52929],[-86.97504,21.52955],[-86.97464,21.52967],[-86.97429,21.52981],[-86.97407,21.53021],[-86.97407,21.53061],[-86.97424,21.53117],[-86.97441,21.53125],[-86.97476,21.53141],[-86.97512,21.53183],[-86.97507,21.53219],[-86.97526,21.5323],[-86.97556,21.53256],[-86.97593,21.53255],[-86.97608,21.53289],[-86.97628,21.53334],[-86.97652,21.53382],[-86.97681,21.534],[-86.97709,21.53444],[-86.97727,21.53497],[-86.97745,21.53522],[-86.97751,21.53551],[-86.97705,21.53567],[-86.97658,21.53559],[-86.9763,21.53526],[-86.976,21.53479],[-86.9759,21.53434]]],[[[-86.79714,21.51353],[-86.78422,21.458],[-86.80379,21.53173],[-86.79714,21.51353]]],[[[-87.00415,21.56766],[-87.00382,21.56746],[-87.0038,21.56703],[-87.00382,21.5666],[-87.00394,21.56628],[-87.00432,21.56624],[-87.00426,21.56571],[-87.00405,21.56512],[-87.00403,21.56461],[-87.00396,21.56353],[-87.00396,21.56312],[-87.00375,21.56297],[-87.00363,21.56256],[-87.00366,21.56206],[-87.00527,21.56224],[-87.00568,21.56167],[-87.00615,21.56172],[-87.00641,21.56144],[-87.00702,21.56078],[-87.0078,21.56106],[-87.00837,21.5609],[-87.00873,21.56055],[-87.00868,21.55966],[-87.00934,21.55971],[-87.00992,21.56088],[-87.00971,21.56122],[-87.00969,21.56159],[-87.0098,21.56202],[-87.00973,21.56232],[-87.0094,21.56277],[-87.0099,21.56281],[-87.01009,21.56308],[-87.01009,21.56361],[-87.01005,21.5644],[-87.01001,21.56489],[-87.00957,21.56501],[-87.00942,21.5653],[-87.00952,21.56562],[-87.00936,21.56603],[-87.00913,21.56632],[-87.00864,21.56666],[-87.0082,21.56658],[-87.00776,21.56654],[-87.00755,21.56685],[-87.00692,21.56671],[-87.00684,21.56717],[-87.00671,21.5675],[-87.00619,21.5675],[-87.006,21.56779],[-87.00535,21.56768],[-87.00466,21.56775],[-87.00415,21.56766]]],[[[-87.02281,21.57378],[-87.02241,21.57361],[-87.02197,21.57361],[-87.02176,21.57331],[-87.02172,21.57306],[-87.02116,21.57302],[-87.02072,21.57277],[-87.02061,21.57251],[-87.01997,21.57243],[-87.01997,21.57218],[-87.02041,21.57198],[-87.0207,21.57195],[-87.02038,21.57148],[-87.02009,21.57144],[-87.01965,21.5713],[-87.01922,21.5713],[-87.01936,21.57093],[-87.0193,21.57062],[-87.01865,21.57066],[-87.01861,21.57033],[-87.01882,21.56997],[-87.01913,21.56956],[-87.01951,21.56927],[-87.01995,21.56947],[-87.02034,21.56915],[-87.0207,21.56878],[-87.02111,21.56882],[-87.02151,21.56904],[-87.02187,21.56943],[-87.02189,21.56988],[-87.02182,21.57007],[-87.02193,21.5704],[-87.02174,21.57081],[-87.02191,21.57109],[-87.02224,21.57122],[-87.02258,21.57169],[-87.02287,21.572],[-87.0232,21.57212],[-87.02314,21.57284],[-87.02345,21.57308],[-87.024,21.57316],[-87.02423,21.57343],[-87.02473,21.57341],[-87.02514,21.57343],[-87.02548,21.57386],[-87.02544,21.57421],[-87.02494,21.57425],[-87.02479,21.57478],[-87.02425,21.57489],[-87.02377,21.57468],[-87.02364,21.57439],[-87.02329,21.57403],[-87.02281,21.57378]]],[[[-87.08575,21.58941],[-87.01031,21.55744],[-86.97483,21.51054],[-86.9702,21.53133],[-86.99766,21.54135],[-86.99279,21.56223],[-86.97593,21.5476],[-86.95246,21.48859],[-86.88674,21.40355],[-86.85092,21.25586],[-86.82347,21.24399],[-86.83688,21.27255],[-86.82111,21.28178],[-86.82133,21.31597],[-86.79254,21.34236],[-86.82792,21.413],[-86.80983,21.41291],[-86.79505,21.38592],[-86.7958,21.41226],[-86.7904,21.34564],[-86.81574,21.2868],[-86.79979,21.2392],[-86.80691,21.17949],[-86.78811,21.14348],[-86.7406,21.1349],[-86.77026,21.08482],[-86.77863,21.03253],[-86.81297,21.02305],[-86.87793,20.8414],[-86.94045,20.78233],[-86.96273,20.73009],[-87.01024,20.70237],[-87.09885,20.59263],[-87.28224,20.44606],[-87.36757,20.28595],[-87.42436,20.22419],[-87.47803,20.07601],[-87.47623,19.9992],[-87.42994,19.88619],[-87.44856,19.83905],[-87.47387,19.81875],[-87.46962,19.78023],[-87.48719,19.8013],[-87.4725,19.83584],[-87.45202,19.83698],[-87.43116,19.88826],[-87.43531,19.91523],[-87.4674,19.94507],[-87.46355,19.89385],[-87.44745,19.89021],[-87.45937,19.85839],[-87.47433,19.85527],[-87.49772,19.8069],[-87.54524,19.79573],[-87.5546,19.80847],[-87.57866,19.79026],[-87.64281,19.68803],[-87.66678,19.61649],[-87.6894,19.62622],[-87.66069,19.63426],[-87.6491,19.6881],[-87.74223,19.66373],[-87.74847,19.59948],[-87.70758,19.57306],[-87.70199,19.55021],[-87.67678,19.56936],[-87.66936,19.53755],[-87.68724,19.53047],[-87.6638,19.5294],[-87.6695,19.501],[-87.61008,19.5541],[-87.55042,19.5661],[-87.53146,19.56196],[-87.5257,19.5405],[-87.4924,19.5707],[-87.5099,19.5764],[-87.50479,19.59013],[-87.4517,19.596],[-87.45445,19.64802],[-87.41006,19.59817],[-87.4402,19.46903],[-87.52848,19.394],[-87.56476,19.39419],[-87.54147,19.39992],[-87.5479,19.41857],[-87.53554,19.42905],[-87.60532,19.39671],[-87.63596,19.37343],[-87.66907,19.29518],[-87.6598,19.2668],[-87.68614,19.22046],[-87.67082,19.18985],[-87.63776,19.17715],[-87.57782,19.26985],[-87.61199,19.24012],[-87.55621,19.29609],[-87.48925,19.32639],[-87.44533,19.31199],[-87.53724,19.20798],[-87.54904,19.08622],[-87.62743,18.93966],[-87.66935,18.76338],[-87.72523,18.66854],[-87.74063,18.53902],[-87.76191,18.49732],[-87.76379,18.41832],[-87.82788,18.31054],[-87.84429,18.19094],[-87.86751,18.18824],[-87.90243,18.14269],[-87.92545,18.16024],[-88.0303,18.16036],[-88.03037,18.41479],[-88.24963,18.41555],[-88.25009,18.47307],[-88.32685,18.49018],[-88.38013,18.47895],[-88.4024,18.49666],[-88.44714,18.47559],[-88.47642,18.49467],[-88.52059,18.45925],[-88.55164,18.37615],[-88.54438,18.36002],[-88.60583,18.29174],[-88.61554,18.22328],[-88.69756,18.18242],[-88.68009,18.16018],[-88.71861,18.10883],[-88.71669,18.06053],[-88.76665,18.0343],[-88.78446,17.97986],[-88.85943,17.92519],[-88.85977,17.89446],[-88.91368,17.91059],[-88.94478,17.95913],[-88.98722,17.94728],[-89.00062,17.98443],[-89.03752,18.00512],[-89.13271,17.97203],[-89.15196,17.94026],[-89.15217,17.95361],[-89.20587,17.9541],[-89.20674,18.02108],[-89.163,18.01852],[-89.16336,18.05789],[-89.14475,18.0577],[-89.14438,18.08244],[-89.20246,18.08328],[-89.20024,18.14463],[-89.14307,18.14582],[-89.14287,18.22416],[-89.15806,18.22133],[-89.15167,18.29356],[-89.13236,18.2934],[-89.13821,18.38554],[-89.12123,18.38585],[-89.12549,18.45063],[-89.15024,18.45106],[-89.15574,18.75311],[-89.14438,18.75592],[-89.13582,19.13237],[-89.14695,19.13316],[-89.14667,19.42386],[-89.29656,19.55117],[-89.21956,19.60802],[-89.22287,19.63666],[-89.19025,19.63332],[-89.1892,19.64401],[-89.14486,19.6374],[-89.14952,19.58125],[-89.10902,19.58235],[-89.10839,19.61234],[-89.13364,19.61463],[-89.1234,19.70342],[-89.0362,19.67804],[-89.03052,19.70883],[-88.99753,19.70488],[-88.99474,19.72744],[-89.04883,19.72149],[-89.02516,19.77671],[-89.00409,19.77201],[-88.99947,19.79799],[-88.97445,19.8181],[-88.94385,19.81344],[-88.94543,19.79195],[-88.92951,19.79095],[-88.9111,19.80094],[-88.90049,19.86111],[-88.87912,19.86239],[-88.88019,19.87812],[-88.82593,19.87993],[-88.82944,19.90601],[-88.8165,19.90447],[-88.7835,20.00818],[-88.70018,20.01036],[-88.69061,20.08986],[-88.57668,20.14808],[-88.50762,20.14339],[-88.50235,20.19008],[-88.51993,20.19233],[-88.44343,20.23815],[-88.40289,20.23949],[-88.40913,20.2521],[-88.30879,20.25351],[-88.26681,20.26912],[-88.26463,20.29034],[-88.13649,20.28137],[-87.99296,20.41799],[-87.99507,20.44732],[-87.96274,20.44671],[-87.74426,20.65379],[-87.53315,20.9996],[-87.53491,21.49022],[-87.48833,21.48518],[-87.47324,21.45723],[-87.43109,21.46857],[-87.3411,21.43227],[-87.27213,21.43234],[-87.27386,21.44328],[-87.23246,21.41861],[-87.21564,21.44326],[-87.18837,21.43971],[-87.15838,21.46325],[-87.11173,21.47122],[-87.09909,21.5326],[-87.12871,21.55454],[-87.08575,21.58941]]],[[[-87.03398,21.58584],[-87.03368,21.58547],[-87.03247,21.58542],[-87.0309,21.58519],[-87.03045,21.58528],[-87.02984,21.58509],[-87.02954,21.58467],[-87.02929,21.58438],[-87.02823,21.58396],[-87.02787,21.58377],[-87.02747,21.58372],[-87.02681,21.58386],[-87.02661,21.58386],[-87.0257,21.58391],[-87.02535,21.58391],[-87.02474,21.58372],[-87.02419,21.58353],[-87.02394,21.58335],[-87.02333,21.58292],[-87.02262,21.5824],[-87.02182,21.58198],[-87.02071,21.58165],[-87.02015,21.58146],[-87.0195,21.58132],[-87.01894,21.58132],[-87.01859,21.58056],[-87.01644,21.57973],[-87.01573,21.57888],[-87.01548,21.57874],[-87.01482,21.57865],[-87.01457,21.57855],[-87.01412,21.57836],[-87.01356,21.5778],[-87.01331,21.57761],[-87.01326,21.57747],[-87.0126,21.5769],[-87.01185,21.57648],[-87.01149,21.57629],[-87.01104,21.57615],[-87.01008,21.576],[-87.00952,21.57525],[-87.00917,21.57501],[-87.00862,21.57492],[-87.00771,21.57482],[-87.0072,21.57459],[-87.00685,21.57416],[-87.00655,21.57393],[-87.00594,21.57383],[-87.00513,21.57369],[-87.00458,21.5736],[-87.00428,21.57303],[-87.00377,21.57256],[-87.00301,21.57232],[-87.00182,21.57211],[-86.99999,21.57138],[-86.99893,21.57067],[-86.9966,21.56888],[-86.99252,21.56567],[-86.99231,21.56458],[-86.99251,21.564],[-86.99569,21.56383],[-86.99635,21.56431],[-86.99711,21.56516],[-86.99732,21.566],[-86.99841,21.56603],[-86.99925,21.56759],[-86.99877,21.56804],[-86.99859,21.56855],[-86.99898,21.56922],[-86.99989,21.56911],[-87.00079,21.56923],[-87.00134,21.56991],[-87.00143,21.57041],[-87.0023,21.57044],[-87.00327,21.57022],[-87.00452,21.56977],[-87.00561,21.56943],[-87.00651,21.56875],[-87.00722,21.56841],[-87.00796,21.56879],[-87.00865,21.56909],[-87.00882,21.57007],[-87.00884,21.57057],[-87.00927,21.57081],[-87.00946,21.57125],[-87.00982,21.57113],[-87.00993,21.57063],[-87.00995,21.56929],[-87.01104,21.56933],[-87.01198,21.56949],[-87.01288,21.56955],[-87.01377,21.56957],[-87.01452,21.56983],[-87.01501,21.57013],[-87.01544,21.57053],[-87.01593,21.57091],[-87.01601,21.57125],[-87.01657,21.57133],[-87.01691,21.57179],[-87.01721,21.57241],[-87.01708,21.57277],[-87.017,21.57301],[-87.01734,21.57345],[-87.01713,21.57379],[-87.01687,21.57357],[-87.01636,21.57389],[-87.01638,21.57421],[-87.01604,21.57427],[-87.01563,21.57443],[-87.01512,21.57455],[-87.01463,21.57441],[-87.01443,21.57471],[-87.01563,21.57481],[-87.01664,21.57459],[-87.01717,21.57445],[-87.01745,21.57477],[-87.01807,21.57483],[-87.01865,21.57543],[-87.01954,21.57557],[-87.01978,21.57589],[-87.02025,21.57603],[-87.021,21.57629],[-87.02125,21.57669],[-87.0213,21.5774],[-87.0216,21.57766],[-87.02171,21.57832],[-87.02242,21.5787],[-87.02289,21.57908],[-87.02274,21.5798],[-87.02312,21.58022],[-87.02361,21.58],[-87.02423,21.58026],[-87.02511,21.5797],[-87.02543,21.57888],[-87.0262,21.5786],[-87.02709,21.5781],[-87.02824,21.57812],[-87.02912,21.57834],[-87.02948,21.57834],[-87.02965,21.57776],[-87.02982,21.57766],[-87.02989,21.577],[-87.02961,21.57624],[-87.02918,21.57588],[-87.02931,21.5755],[-87.02971,21.57536],[-87.02974,21.57454],[-87.03031,21.57462],[-87.03036,21.57532],[-87.03057,21.57558],[-87.03057,21.57614],[-87.03072,21.57642],[-87.03151,21.5761],[-87.03164,21.57642],[-87.03138,21.57662],[-87.03175,21.57718],[-87.03187,21.57776],[-87.03153,21.57814],[-87.03115,21.57826],[-87.03098,21.57892],[-87.03132,21.57906],[-87.03185,21.57894],[-87.0322,21.57888],[-87.03241,21.57818],[-87.03386,21.57826],[-87.03385,21.57926],[-87.03447,21.57974],[-87.03483,21.58034],[-87.03539,21.58104],[-87.03554,21.58158],[-87.03537,21.582],[-87.03537,21.58252],[-87.03531,21.58296],[-87.03535,21.58378],[-87.03582,21.58404],[-87.03588,21.58442],[-87.03655,21.58442],[-87.0369,21.58397],[-87.03811,21.58392],[-87.03849,21.58408],[-87.03933,21.58407],[-87.03992,21.58375],[-87.04054,21.58349],[-87.04134,21.58344],[-87.04184,21.58371],[-87.04202,21.58415],[-87.0421,21.58469],[-87.04177,21.58487],[-87.04167,21.5852],[-87.04194,21.58544],[-87.04192,21.5858],[-87.04169,21.58588],[-87.04069,21.58646],[-87.04004,21.5865],[-87.03933,21.58641],[-87.03877,21.58608],[-87.03812,21.58599],[-87.03549,21.58584],[-87.03539,21.58599],[-87.03484,21.58608],[-87.03398,21.58584]]],[[[-87.10253,21.60542],[-87.04618,21.58513],[-87.10607,21.60128],[-87.12953,21.56836],[-87.22289,21.51653],[-87.20704,21.52597],[-87.2616,21.52983],[-87.28985,21.51112],[-87.32852,21.54916],[-87.37183,21.50978],[-87.39725,21.51124],[-87.33492,21.56618],[-87.28093,21.54149],[-87.22119,21.54372],[-87.10253,21.60542]]]]}},{"type":"Feature","properties":{"cve_ent":"24","estado":"San Luis Potosí"},"geometry":{"type":"MultiPolygon","coordinates":[[[[-100.68522,24.46974],[-100.60353,24.4013],[-100.59994,24.34879],[-100.63307,24.22598],[-100.58509,24.22393],[-100.59351,24.1782],[-100.6134,24.17394],[-100.51683,24.1399],[-100.51958,24.11838],[-100.53868,24.11852],[-100.52376,24.07145],[-100.5624,23.91964],[-100.54677,23.91744],[-100.53985,23.88839],[-100.5503,23.8422],[-100.52553,23.83953],[-100.52879,23.81635],[-100.4976,23.79871],[-100.49771,23.73631],[-100.46648,23.68894],[-100.4471,23.69653],[-100.44984,23.65601],[-100.47738,23.63382],[-100.49164,23.56861],[-100.46954,23.56678],[-100.45918,23.51157],[-100.49417,23.52841],[-100.51721,23.42104],[-100.45708,23.36641],[-100.47985,23.19437],[-100.33176,23.16268],[-100.32352,23.19563],[-100.36376,23.18901],[-100.37432,23.26532],[-100.30626,23.26094],[-100.27843,23.31037],[-100.20636,23.30711],[-100.22824,23.25048],[-100.10381,23.23154],[-100.11829,23.20055],[-100.1156,23.12599],[-100.06874,23.12116],[-100.06903,23.09594],[-100.01125,23.06392],[-100.0621,23.03984],[-100.07166,22.99736],[-100.09746,23.01309],[-100.08942,22.96876],[-100.11085,22.97572],[-100.11038,22.91671],[-100.04424,22.91789],[-100.02938,22.82439],[-100.10192,22.76279],[-100.09406,22.75127],[-100.02234,22.72592],[-99.95696,22.75167],[-99.8824,22.74986],[-99.84282,22.73056],[-99.84792,22.67844],[-99.81403,22.66077],[-99.72409,22.65961],[-99.68254,22.68112],[-99.56064,22.64122],[-99.53469,22.61276],[-99.49454,22.62087],[-99.54433,22.74414],[-99.49679,22.7485],[-99.47713,22.74064],[-99.44205,22.66362],[-99.38555,22.67027],[-99.3732,22.62908],[-99.32962,22.63489],[-99.23684,22.41286],[-99.0604,22.41527],[-98.93197,22.39278],[-98.92554,22.37175],[-98.89,22.35509],[-98.87229,22.36741],[-98.82147,22.35626],[-98.75802,22.36653],[-98.67666,22.40893],[-98.68155,22.37157],[-98.57932,22.37776],[-98.57929,22.34863],[-98.53521,22.33788],[-98.47591,22.28864],[-98.44666,22.30562],[-98.43037,22.2746],[-98.39638,22.27626],[-98.40509,22.25608],[-98.36814,22.25537],[-98.37456,22.23608],[-98.32597,22.24305],[-98.35226,22.2228],[-98.33041,22.20134],[-98.33655,22.18769],[-98.43202,22.12827],[-98.43874,22.11191],[-98.41883,22.09802],[-98.43945,22.07565],[-98.43465,22.05167],[-98.45954,21.99517],[-98.48148,21.99051],[-98.46881,21.9646],[-98.4932,21.96041],[-98.522,21.97943],[-98.55067,21.96075],[-98.57884,21.96609],[-98.56602,21.93764],[-98.5156,21.95127],[-98.50315,21.93663],[-98.50045,21.92315],[-98.54385,21.93212],[-98.54587,21.91735],[-98.5108,21.9087],[-98.5202,21.89699],[-98.5382,21.90581],[-98.54803,21.86011],[-98.52886,21.86318],[-98.51448,21.82389],[-98.48632,21.83627],[-98.49312,21.81394],[-98.47504,21.81419],[-98.4547,21.76643],[-98.4676,21.7707],[-98.47692,21.74522],[-98.50422,21.73805],[-98.49895,21.72724],[-98.51667,21.71685],[-98.53741,21.72062],[-98.52053,21.71023],[-98.53074,21.69727],[-98.54384,21.72339],[-98.56743,21.71737],[-98.55826,21.68767],[-98.5792,21.67195],[-98.622,21.68238],[-98.60947,21.66723],[-98.64363,21.63168],[-98.62113,21.62782],[-98.62575,21.58546],[-98.60225,21.54043],[-98.53226,21.50114],[-98.51691,21.4607],[-98.52164,21.40475],[-98.50335,21.39145],[-98.51143,21.36251],[-98.54957,21.3846],[-98.59924,21.35843],[-98.64405,21.36654],[-98.65275,21.34684],[-98.68358,21.34196],[-98.59548,21.28457],[-98.61798,21.19428],[-98.6507,21.18094],[-98.68266,21.20064],[-98.70182,21.16077],[-98.70523,21.1872],[-98.72766,21.17955],[-98.74162,21.19276],[-98.77292,21.17197],[-98.80814,21.19324],[-98.7888,21.16639],[-98.82119,21.1604],[-98.8574,21.18926],[-98.88266,21.17961],[-98.94496,21.31134],[-99.04345,21.27943],[-99.08299,21.29635],[-99.10435,21.2896],[-99.12756,21.31834],[-99.10295,21.32119],[-99.13783,21.32979],[-99.12946,21.36205],[-99.09262,21.36336],[-99.14228,21.53544],[-99.1283,21.58982],[-99.1719,21.62703],[-99.18818,21.67001],[-99.2177,21.66665],[-99.2435,21.61506],[-99.28072,21.6079],[-99.2744,21.56532],[-99.30549,21.53291],[-99.37591,21.54793],[-99.37198,21.5071],[-99.38671,21.50037],[-99.40465,21.42893],[-99.43571,21.44983],[-99.46913,21.44676],[-99.50381,21.41856],[-99.5529,21.42907],[-99.54935,21.44707],[-99.6258,21.5073],[-99.65954,21.56795],[-99.74674,21.57836],[-99.74929,21.52317],[-99.79178,21.47482],[-99.81707,21.46169],[-99.83918,21.46239],[-99.83493,21.47812],[-99.86378,21.47431],[-99.90517,21.44816],[-99.94317,21.46178],[-99.94233,21.44962],[-99.95935,21.48351],[-99.94571,21.49743],[-99.96511,21.50512],[-99.95682,21.52623],[-100.06228,21.52331],[-100.07584,21.55793],[-100.14719,21.61813],[-100.17144,21.60127],[-100.17963,21.65079],[-100.24631,21.66493],[-100.27214,21.68735],[-100.43504,21.68272],[-100.48569,21.59528],[-100.4607,21.57121],[-100.46108,21.54533],[-100.53395,21.54233],[-100.61495,21.50579],[-100.6143,21.53313],[-100.63545,21.54319],[-100.65746,21.52472],[-100.68117,21.5475],[-100.71763,21.55023],[-100.73434,21.57873],[-100.8095,21.59205],[-100.85768,21.61899],[-100.83432,21.66456],[-100.86515,21.68708],[-100.87011,21.67249],[-100.90718,21.68164],[-100.92127,21.70027],[-100.91258,21.71365],[-100.98197,21.75353],[-101.05925,21.76552],[-101.16127,21.75751],[-101.21979,21.8022],[-101.21715,21.81608],[-101.28969,21.81214],[-101.31948,21.83533],[-101.47387,21.82739],[-101.49633,21.80994],[-101.50352,21.83012],[-101.4832,21.86768],[-101.44067,21.89272],[-101.4418,21.90934],[-101.4346,21.89707],[-101.41023,21.90869],[-101.42917,21.93436],[-101.37337,21.99025],[-101.32651,21.99973],[-101.35244,22.01308],[-101.34857,22.02807],[-101.32721,22.0215],[-101.35168,22.04379],[-101.36569,22.01855],[-101.38276,22.02074],[-101.36974,22.02752],[-101.37708,22.04496],[-101.34659,22.04969],[-101.35424,22.07174],[-101.32774,22.14411],[-101.35131,22.17676],[-101.32425,22.20989],[-101.3768,22.26166],[-101.41626,22.26735],[-101.39143,22.2999],[-101.43513,22.34153],[-101.43297,22.36328],[-101.38191,22.35749],[-101.37479,22.45646],[-101.31373,22.45349],[-101.28573,22.50786],[-101.30571,22.60993],[-101.33694,22.65876],[-101.35938,22.65353],[-101.38002,22.67583],[-101.34923,22.71178],[-101.41108,22.74768],[-101.49096,22.74288],[-101.497,22.70154],[-101.5674,22.65678],[-101.57382,22.61282],[-101.59529,22.62407],[-101.59008,22.58904],[-101.65991,22.50532],[-101.69602,22.52042],[-101.74618,22.50869],[-101.73536,22.48021],[-101.77154,22.48816],[-101.78336,22.46503],[-101.83714,22.49969],[-101.81989,22.55129],[-101.87296,22.56307],[-101.85328,22.65603],[-101.93976,22.64573],[-102.1249,22.78295],[-102.19213,22.8649],[-102.23808,23.04764],[-102.26005,23.04592],[-102.21415,23.13132],[-102.24097,23.16938],[-102.23946,23.20949],[-102.28937,23.23169],[-102.28583,23.27332],[-102.24467,23.27677],[-102.2316,23.31512],[-102.26953,23.27991],[-102.29604,23.3205],[-102.25361,23.36496],[-102.23815,23.4469],[-102.19362,23.4476],[-102.19134,23.40139],[-102.16861,23.39891],[-102.1688,23.36103],[-102.12253,23.35386],[-102.01194,23.37275],[-101.77512,23.44763],[-101.1925,23.91856],[-101.21675,24.15973],[-101.0654,24.20702],[-101.01269,24.39082],[-100.98733,24.43252],[-101.00987,24.38512],[-101.00667,24.33583],[-100.94529,24.2812],[-100.85038,24.34354],[-100.71121,24.49152],[-100.68522,24.46974]]]]}},{"type":"Feature","properties":{"cve_ent":"25","estado":"Sinaloa"},"geometry":{"type":"MultiPolygon","coordinates":[[[[-106.41293,23.17304],[-106.41301,23.17303],[-106.41311,23.17304],[-106.41317,23.17308],[-106.41321,23.17313],[-106.41323,23.17321],[-106.41323,23.17326],[-106.41322,23.17333],[-106.41319,23.17334],[-106.41316,23.17335],[-106.41313,23.17336],[-106.41309,23.17336],[-106.41305,23.17335],[-106.41301,23.17334],[-106.41296,23.17332],[-106.41292,23.1733],[-106.41289,23.17326],[-106.41288,23.17323],[-106.41286,23.1732],[-106.41286,23.17315],[-106.41287,23.17312],[-106.41287,23.17306],[-106.41293,23.17304]]],[[[-106.40378,23.18026],[-106.40357,23.18025],[-106.40332,23.18026],[-106.40314,23.18026],[-106.40299,23.18017],[-106.40289,23.18007],[-106.40282,23.17973],[-106.40299,23.17967],[-106.40302,23.17954],[-106.40308,23.17935],[-106.40325,23.1792],[-106.40336,23.17904],[-106.40357,23.17886],[-106.4037,23.17863],[-106.40379,23.17842],[-106.40395,23.1784],[-106.40399,23.17849],[-106.40392,23.17876],[-106.40401,23.1792],[-106.40405,23.17941],[-106.40408,23.17959],[-106.40425,23.17971],[-106.40442,23.1798],[-106.40447,23.17995],[-106.40443,23.18012],[-106.40434,23.18023],[-106.40424,23.18025],[-106.40414,23.18027],[-106.40402,23.18027],[-106.40378,23.18026]]],[[[-106.43996,23.18517],[-106.43991,23.18514],[-106.43979,23.18516],[-106.43969,23.18514],[-106.4396,23.18511],[-106.43955,23.18508],[-106.43952,23.18506],[-106.43946,23.18506],[-106.43938,23.18506],[-106.43929,23.18505],[-106.43922,23.18503],[-106.43917,23.18502],[-106.43914,23.18497],[-106.43914,23.18493],[-106.43913,23.18489],[-106.43913,23.18484],[-106.43913,23.18481],[-106.43915,23.1847],[-106.43915,23.18463],[-106.43915,23.18448],[-106.43914,23.18439],[-106.43914,23.18432],[-106.43919,23.18424],[-106.43922,23.18416],[-106.43928,23.18408],[-106.43932,23.18401],[-106.43939,23.18397],[-106.43944,23.18393],[-106.43949,23.18391],[-106.43952,23.1839],[-106.4396,23.18385],[-106.43967,23.18376],[-106.43978,23.18378],[-106.43981,23.18389],[-106.4398,23.18397],[-106.43969,23.1841],[-106.43958,23.18424],[-106.43967,23.1843],[-106.4398,23.18423],[-106.43994,23.18413],[-106.44011,23.18412],[-106.44031,23.18403],[-106.44038,23.18395],[-106.44044,23.18388],[-106.4405,23.18381],[-106.44064,23.18378],[-106.4407,23.18386],[-106.44071,23.184],[-106.44063,23.18411],[-106.44058,23.18423],[-106.44047,23.18432],[-106.44038,23.18441],[-106.44044,23.18449],[-106.44054,23.18448],[-106.44058,23.18453],[-106.4406,23.1846],[-106.44061,23.18468],[-106.44055,23.18474],[-106.4405,23.18476],[-106.44043,23.18476],[-106.44033,23.18478],[-106.44028,23.18478],[-106.44025,23.18479],[-106.44023,23.1848],[-106.4402,23.18481],[-106.44019,23.18484],[-106.44019,23.18489],[-106.44019,23.18495],[-106.44012,23.18497],[-106.44005,23.18504],[-106.43999,23.18509],[-106.43999,23.18513],[-106.43996,23.18517]]],[[[-106.43609,23.18684],[-106.43621,23.18675],[-106.43636,23.1868],[-106.43642,23.18687],[-106.43642,23.18693],[-106.43646,23.18698],[-106.43653,23.18708],[-106.43668,23.18718],[-106.43676,23.1874],[-106.43667,23.18749],[-106.43663,23.18759],[-106.43665,23.18769],[-106.43658,23.18775],[-106.43653,23.18776],[-106.43646,23.18778],[-106.43638,23.18776],[-106.43627,23.18769],[-106.43619,23.18765],[-106.43599,23.1876],[-106.43588,23.18754],[-106.43584,23.18741],[-106.43586,23.18733],[-106.43594,23.18714],[-106.43596,23.18704],[-106.43606,23.18692],[-106.43607,23.18691],[-106.43609,23.18684]]],[[[-106.46542,23.2231],[-106.466,23.22283],[-106.46631,23.22278],[-106.46659,23.22282],[-106.46688,23.22255],[-106.46722,23.22232],[-106.46695,23.22276],[-106.46664,23.22311],[-106.46621,23.22367],[-106.46545,23.22522],[-106.46541,23.22552],[-106.46543,23.22579],[-106.46538,23.22596],[-106.46527,23.22609],[-106.46512,23.22627],[-106.46491,23.22643],[-106.46472,23.22664],[-106.46442,23.22687],[-106.4644,23.22689],[-106.46438,23.22692],[-106.46431,23.22701],[-106.46424,23.22708],[-106.46416,23.22717],[-106.46404,23.22727],[-106.46394,23.22734],[-106.46383,23.2274],[-106.46376,23.22744],[-106.46374,23.22748],[-106.46373,23.22753],[-106.46374,23.22759],[-106.46384,23.22763],[-106.4639,23.22772],[-106.46355,23.22772],[-106.46347,23.2275],[-106.46337,23.22733],[-106.46327,23.22714],[-106.46304,23.22676],[-106.46294,23.22628],[-106.46292,23.22574],[-106.463,23.22524],[-106.46329,23.22456],[-106.46401,23.22391],[-106.46458,23.22351],[-106.46515,23.22334],[-106.46542,23.2231]]],[[[-106.46467,23.23708],[-106.46456,23.23708],[-106.46432,23.23711],[-106.46414,23.23713],[-106.46406,23.23712],[-106.46388,23.23707],[-106.46377,23.23701],[-106.46373,23.23697],[-106.46369,23.23691],[-106.46367,23.23686],[-106.46365,23.23683],[-106.46345,23.23679],[-106.46328,23.23666],[-106.46328,23.23641],[-106.46346,23.23622],[-106.46376,23.23592],[-106.46393,23.2358],[-106.46394,23.23572],[-106.46394,23.23567],[-106.46388,23.23546],[-106.46387,23.23543],[-106.4638,23.23532],[-106.46363,23.23476],[-106.46359,23.23456],[-106.46359,23.23454],[-106.46351,23.23426],[-106.46347,23.23418],[-106.46344,23.23414],[-106.46341,23.2339],[-106.46339,23.2333],[-106.46286,23.23202],[-106.46271,23.23165],[-106.46242,23.23118],[-106.46235,23.23106],[-106.46234,23.23101],[-106.46231,23.23091],[-106.46233,23.23072],[-106.46237,23.23049],[-106.4624,23.23033],[-106.46245,23.23017],[-106.46251,23.23004],[-106.46254,23.22997],[-106.46262,23.22984],[-106.46269,23.22974],[-106.46278,23.22967],[-106.46286,23.2296],[-106.46295,23.22955],[-106.463,23.22949],[-106.46315,23.22931],[-106.46329,23.22913],[-106.46334,23.22907],[-106.46337,23.22901],[-106.46339,23.22894],[-106.46341,23.22888],[-106.46348,23.22865],[-106.46351,23.22857],[-106.46362,23.22812],[-106.4636,23.22806],[-106.46357,23.22799],[-106.4635,23.22785],[-106.46361,23.22784],[-106.46373,23.22783],[-106.46403,23.2278],[-106.46404,23.22785],[-106.46407,23.22792],[-106.46436,23.2283],[-106.46486,23.22862],[-106.46502,23.22864],[-106.46502,23.22899],[-106.46497,23.22924],[-106.46489,23.22935],[-106.46484,23.22938],[-106.4648,23.22943],[-106.4648,23.22947],[-106.46482,23.22965],[-106.46484,23.22971],[-106.46491,23.22984],[-106.46506,23.23005],[-106.46512,23.23011],[-106.46516,23.23015],[-106.46573,23.23059],[-106.46615,23.23049],[-106.46617,23.23044],[-106.46621,23.23042],[-106.46636,23.23035],[-106.46642,23.23034],[-106.46654,23.23033],[-106.46676,23.23033],[-106.46681,23.23035],[-106.46682,23.23038],[-106.46682,23.23042],[-106.46681,23.23045],[-106.46678,23.23049],[-106.46672,23.23054],[-106.46665,23.23058],[-106.46641,23.23094],[-106.46647,23.23105],[-106.46641,23.23124],[-106.4662,23.2313],[-106.4665,23.2315],[-106.46683,23.23168],[-106.46685,23.2317],[-106.46691,23.23172],[-106.46703,23.23163],[-106.4671,23.23168],[-106.46703,23.23179],[-106.46714,23.23186],[-106.46724,23.23203],[-106.46726,23.23203],[-106.46757,23.23198],[-106.46769,23.23195],[-106.46779,23.23179],[-106.46815,23.23182],[-106.46845,23.23188],[-106.46907,23.23193],[-106.4692,23.232],[-106.4693,23.23198],[-106.46933,23.23197],[-106.46938,23.23197],[-106.4695,23.23217],[-106.46951,23.23227],[-106.46942,23.23239],[-106.4693,23.23255],[-106.46932,23.23261],[-106.46965,23.23273],[-106.46987,23.23271],[-106.46991,23.23259],[-106.47009,23.23266],[-106.47033,23.2328],[-106.47076,23.23345],[-106.47077,23.23348],[-106.4713,23.2341],[-106.47126,23.23488],[-106.47074,23.23532],[-106.47032,23.23575],[-106.47022,23.23586],[-106.47022,23.23654],[-106.47013,23.23667],[-106.46991,23.23698],[-106.46945,23.23747],[-106.46944,23.23747],[-106.46935,23.23769],[-106.46922,23.23794],[-106.4688,23.23839],[-106.46859,23.23854],[-106.46814,23.23864],[-106.4681,23.23865],[-106.46798,23.23875],[-106.46744,23.2391],[-106.46731,23.23918],[-106.4673,23.23919],[-106.46713,23.23923],[-106.46681,23.23926],[-106.46674,23.23927],[-106.46665,23.23926],[-106.46652,23.23923],[-106.46643,23.23918],[-106.46606,23.23893],[-106.46598,23.23888],[-106.46591,23.2388],[-106.46586,23.23875],[-106.46569,23.23836],[-106.46563,23.23813],[-106.46556,23.23784],[-106.4655,23.23763],[-106.46548,23.23757],[-106.46543,23.23746],[-106.46542,23.23745],[-106.46542,23.23745],[-106.4647,23.23709],[-106.46467,23.23708]]],[[[-106.47518,23.25843],[-106.47506,23.25842],[-106.47498,23.25845],[-106.47488,23.25844],[-106.47479,23.25841],[-106.47473,23.25838],[-106.47469,23.25833],[-106.47464,23.25821],[-106.47454,23.25807],[-106.47441,23.25814],[-106.47426,23.25808],[-106.47419,23.2577],[-106.474,23.25735],[-106.47385,23.25723],[-106.47367,23.25725],[-106.47363,23.25738],[-106.47358,23.25743],[-106.47344,23.25743],[-106.47338,23.25742],[-106.47333,23.2574],[-106.47321,23.2572],[-106.47315,23.25691],[-106.47311,23.25658],[-106.47296,23.25634],[-106.47283,23.25617],[-106.47277,23.256],[-106.47286,23.25568],[-106.47304,23.25544],[-106.47304,23.25508],[-106.47308,23.25487],[-106.47308,23.25461],[-106.47313,23.25422],[-106.47325,23.25389],[-106.47354,23.25335],[-106.47377,23.25314],[-106.4739,23.25305],[-106.47401,23.25289],[-106.47412,23.25274],[-106.47414,23.25254],[-106.47421,23.25231],[-106.47413,23.25212],[-106.47392,23.25206],[-106.47358,23.25202],[-106.47355,23.25199],[-106.47351,23.25198],[-106.47348,23.25194],[-106.47351,23.25188],[-106.47349,23.25179],[-106.47352,23.25169],[-106.47356,23.25155],[-106.47363,23.25143],[-106.47388,23.2514],[-106.47413,23.25147],[-106.47429,23.25129],[-106.47437,23.25109],[-106.47451,23.25094],[-106.47471,23.2508],[-106.47505,23.25073],[-106.47533,23.25062],[-106.47554,23.25052],[-106.47577,23.25044],[-106.47608,23.25042],[-106.47649,23.25049],[-106.47668,23.25055],[-106.47687,23.25048],[-106.47716,23.25048],[-106.47758,23.25062],[-106.4781,23.25081],[-106.47881,23.25062],[-106.47921,23.25044],[-106.4795,23.25036],[-106.47965,23.25046],[-106.47927,23.25114],[-106.47909,23.25171],[-106.47924,23.25219],[-106.47926,23.25252],[-106.47947,23.25271],[-106.47972,23.25277],[-106.47999,23.25276],[-106.47998,23.25347],[-106.47986,23.25422],[-106.47982,23.25471],[-106.4797,23.25504],[-106.47961,23.25512],[-106.47955,23.25518],[-106.47947,23.25519],[-106.47942,23.25526],[-106.47933,23.25536],[-106.47919,23.25539],[-106.47907,23.25551],[-106.47898,23.25582],[-106.47894,23.25602],[-106.47914,23.25613],[-106.47922,23.25619],[-106.47929,23.25622],[-106.47933,23.25625],[-106.47936,23.25633],[-106.47938,23.2564],[-106.4794,23.2565],[-106.47939,23.25666],[-106.47927,23.25685],[-106.47914,23.25692],[-106.47899,23.25701],[-106.47887,23.25706],[-106.47861,23.25754],[-106.4784,23.2576],[-106.4781,23.25764],[-106.47798,23.25771],[-106.47784,23.25773],[-106.47773,23.25776],[-106.47761,23.25777],[-106.47738,23.25779],[-106.47721,23.25782],[-106.47709,23.2579],[-106.47699,23.25801],[-106.47682,23.25804],[-106.47668,23.25818],[-106.47653,23.25822],[-106.47637,23.25814],[-106.47627,23.25827],[-106.47603,23.25837],[-106.47589,23.25839],[-106.47582,23.25837],[-106.47576,23.25832],[-106.47566,23.25838],[-106.47557,23.25842],[-106.47546,23.25854],[-106.47528,23.25852],[-106.47518,23.25843]]],[[[-108.36666,25.15808],[-108.35413,25.16185],[-108.36873,25.14887],[-108.37706,25.167],[-108.37169,25.15713],[-108.36303,25.16862],[-108.36666,25.15808]]],[[[-108.37888,25.16946],[-108.36887,25.14882],[-108.38406,25.16024],[-108.38094,25.18163],[-108.37888,25.16946]]],[[[-108.37493,25.17348],[-108.37516,25.17252],[-108.37524,25.17177],[-108.37499,25.17123],[-108.37518,25.17081],[-108.37544,25.17057],[-108.37603,25.17032],[-108.37623,25.16978],[-108.37597,25.16902],[-108.37574,25.16867],[-108.37569,25.16832],[-108.37578,25.16791],[-108.37612,25.16792],[-108.37637,25.16821],[-108.37648,25.16865],[-108.37671,25.16909],[-108.37666,25.16959],[-108.3769,25.16991],[-108.37711,25.1702],[-108.37723,25.17052],[-108.37736,25.17085],[-108.37723,25.17123],[-108.37716,25.17144],[-108.37715,25.17199],[-108.37716,25.17253],[-108.3772,25.17279],[-108.37731,25.173],[-108.37749,25.17302],[-108.37771,25.1729],[-108.37799,25.17261],[-108.37821,25.1723],[-108.37838,25.17188],[-108.37856,25.17146],[-108.37874,25.1712],[-108.37911,25.17127],[-108.37917,25.17151],[-108.37909,25.17193],[-108.37907,25.17241],[-108.37893,25.17285],[-108.37876,25.17359],[-108.37862,25.17473],[-108.37883,25.17581],[-108.37976,25.17722],[-108.38027,25.17792],[-108.37995,25.17856],[-108.38055,25.17933],[-108.38069,25.18059],[-108.38059,25.18189],[-108.38064,25.18271],[-108.37977,25.18365],[-108.37913,25.18301],[-108.38021,25.18134],[-108.38025,25.18091],[-108.38027,25.18017],[-108.38027,25.18008],[-108.37924,25.17927],[-108.37891,25.17914],[-108.37815,25.17885],[-108.37758,25.17859],[-108.37759,25.17855],[-108.37679,25.1779],[-108.37658,25.17769],[-108.37621,25.17702],[-108.37611,25.17612],[-108.37621,25.17516],[-108.3761,25.17507],[-108.37527,25.17473],[-108.37462,25.17438],[-108.37436,25.17399],[-108.37445,25.17378],[-108.37493,25.17348]]],[[[-108.47551,27.03995],[-108.40964,27.0134],[-108.35011,27.02255],[-108.33333,27.0046],[-108.31656,27.03449],[-108.28601,27.01247],[-108.25045,27.04103],[-108.19427,27.03195],[-108.18152,26.99411],[-108.23502,26.95862],[-108.23024,26.90572],[-108.20972,26.88544],[-108.20739,26.906],[-108.18392,26.89974],[-108.17455,26.88146],[-108.1431,26.90788],[-108.14425,26.86765],[-108.09411,26.87046],[-108.02682,26.79847],[-108.03765,26.76978],[-108.0057,26.76105],[-108.01923,26.73067],[-108.01175,26.68948],[-108.0816,26.64199],[-108.03181,26.61592],[-107.96102,26.52696],[-107.95727,26.49374],[-107.98562,26.4721],[-107.96964,26.47017],[-108.0128,26.43905],[-107.85626,26.22604],[-107.84091,26.18355],[-107.78892,26.16861],[-107.78069,26.13694],[-107.75517,26.13451],[-107.73872,26.16724],[-107.71108,26.17441],[-107.63575,26.15458],[-107.58203,26.17064],[-107.54328,26.14635],[-107.52002,26.10423],[-107.43104,26.14286],[-107.34653,26.10952],[-107.30489,26.0764],[-107.30669,26.04878],[-107.27635,26.00198],[-107.29613,25.92479],[-107.0579,25.75737],[-107.06422,25.71907],[-107.04313,25.6977],[-107.01068,25.69146],[-106.9903,25.71492],[-106.96532,25.69788],[-106.96694,25.66833],[-106.9944,25.66179],[-106.97329,25.62957],[-107.12456,25.55041],[-107.17388,25.55655],[-107.17812,25.51518],[-107.13929,25.48956],[-107.15869,25.44199],[-107.21013,25.4171],[-107.17155,25.32636],[-107.20782,25.33156],[-107.1572,25.26176],[-107.12106,25.24311],[-107.14877,25.22455],[-107.12492,25.18664],[-107.12989,25.05314],[-107.06357,25.02526],[-107.01834,24.93362],[-107.02105,24.90991],[-107.00058,24.92824],[-106.93451,24.88054],[-106.92708,24.86662],[-106.95142,24.85902],[-106.93066,24.82092],[-106.86585,24.82296],[-106.70595,24.66526],[-106.64546,24.52898],[-106.62261,24.5249],[-106.63007,24.5065],[-106.56002,24.47271],[-106.56928,24.43702],[-106.60159,24.41457],[-106.51709,24.28698],[-106.46965,24.27786],[-106.36754,24.30194],[-106.33633,24.3557],[-106.26887,24.37476],[-106.16998,24.33365],[-106.15254,24.33877],[-106.07454,24.26942],[-106.06995,24.2202],[-106.04388,24.22085],[-105.98972,24.11439],[-106.00788,24.07251],[-105.99872,24.04338],[-105.91214,23.99753],[-105.90846,23.98343],[-105.94542,23.94803],[-105.89992,23.94392],[-105.85759,23.8993],[-105.86724,23.87524],[-105.95366,23.90858],[-105.96127,23.84074],[-105.92306,23.74775],[-105.90609,23.7394],[-105.92663,23.68414],[-105.89266,23.55265],[-105.88432,23.59039],[-105.8536,23.59729],[-105.84519,23.58369],[-105.84552,23.60326],[-105.81164,23.61103],[-105.7693,23.55647],[-105.76034,23.50296],[-105.72344,23.47484],[-105.73886,23.44521],[-105.70029,23.42017],[-105.73069,23.3749],[-105.694,23.34057],[-105.68708,23.28752],[-105.64321,23.27648],[-105.62971,23.20229],[-105.64618,23.14889],[-105.62397,23.12239],[-105.55431,23.09889],[-105.50403,23.12773],[-105.42443,23.12029],[-105.39222,23.08516],[-105.413,23.0741],[-105.40895,23.02364],[-105.43259,23.02397],[-105.45331,22.9774],[-105.50126,22.95856],[-105.47122,22.88329],[-105.4842,22.8587],[-105.47459,22.85142],[-105.52477,22.77477],[-105.49806,22.65139],[-105.46396,22.65924],[-105.47268,22.62719],[-105.45046,22.62676],[-105.45599,22.59874],[-105.4376,22.58491],[-105.43629,22.53832],[-105.46084,22.50857],[-105.47406,22.5029],[-105.50318,22.52768],[-105.5336,22.51503],[-105.55252,22.53913],[-105.59829,22.53667],[-105.60048,22.55889],[-105.64216,22.59389],[-105.63921,22.57698],[-105.66056,22.58636],[-105.70007,22.5639],[-105.67265,22.47409],[-105.71412,22.47495],[-105.80937,22.63705],[-105.87427,22.71138],[-105.95821,22.7861],[-106.0345,22.82966],[-106.18198,22.99856],[-106.34136,23.14055],[-106.39819,23.18393],[-106.42999,23.17658],[-106.4219,23.21591],[-106.4939,23.30403],[-106.48034,23.31454],[-106.48548,23.33376],[-106.69547,23.56966],[-106.81092,23.65274],[-106.79571,23.6832],[-106.88176,23.79528],[-106.8933,23.8417],[-107.219,24.12143],[-107.40521,24.23201],[-107.64945,24.407],[-107.82058,24.50069],[-107.84079,24.55031],[-107.9848,24.63983],[-108.01893,24.68164],[-108.02621,24.73625],[-108.09079,24.81614],[-108.118,24.82858],[-108.22784,25.01825],[-108.34229,25.1115],[-108.33437,25.12479],[-108.35745,25.16919],[-108.45028,25.2566],[-108.64691,25.3421],[-108.80147,25.37364],[-108.92775,25.42492],[-109.02103,25.43829],[-109.11922,25.545],[-109.16174,25.56177],[-109.22806,25.62678],[-109.29789,25.64539],[-109.3971,25.6385],[-109.3905,25.6696],[-109.43228,25.80595],[-109.42156,25.87073],[-109.44385,25.95941],[-109.40664,26.05884],[-109.31029,26.20249],[-109.28792,26.27814],[-109.25832,26.31993],[-109.21011,26.34317],[-109.16494,26.30685],[-109.12524,26.29701],[-109.00644,26.40237],[-108.93652,26.39018],[-108.91012,26.42171],[-108.88139,26.40625],[-108.86034,26.43277],[-108.87611,26.44758],[-108.83776,26.47252],[-108.84748,26.48722],[-108.91467,26.47954],[-108.89132,26.4896],[-108.87315,26.55107],[-108.78772,26.56526],[-108.73429,26.59357],[-108.67883,26.58702],[-108.67899,26.64289],[-108.63037,26.67657],[-108.62838,26.71839],[-108.60102,26.72722],[-108.59419,26.75917],[-108.57833,26.76278],[-108.58085,26.78958],[-108.55403,26.77986],[-108.53691,26.79843],[-108.55704,26.82375],[-108.46698,26.9707],[-108.42427,26.97623],[-108.50249,26.98736],[-108.50444,27.00718],[-108.47551,27.03995]]]]}},{"type":"Feature","properties":{"cve_ent":"26","estado":"Sonora"},"geometry":{"type":"MultiPolygon","coordinates":[[[[-110.5908,27.40827],[-110.60271,27.36159],[-110.58264,27.34614],[-110.5854,27.3219],[-110.53192,27.30269],[-110.53426,27.28827],[-110.60172,27.3187],[-110.5908,27.40827]]],[[[-110.95088,27.86739],[-110.95109,27.86737],[-110.95125,27.86751],[-110.95124,27.86777],[-110.95124,27.86798],[-110.95121,27.86804],[-110.95108,27.86809],[-110.95098,27.86817],[-110.95095,27.86825],[-110.95089,27.8683],[-110.95085,27.86817],[-110.95087,27.86807],[-110.95087,27.86796],[-110.95079,27.86786],[-110.95075,27.86767],[-110.95079,27.86746],[-110.95088,27.86739]]],[[[-110.85928,27.87885],[-110.85955,27.87852],[-110.85971,27.87764],[-110.86007,27.87727],[-110.86025,27.87746],[-110.86051,27.87741],[-110.8609,27.87755],[-110.86116,27.87773],[-110.86138,27.87776],[-110.86153,27.87767],[-110.86165,27.87748],[-110.86183,27.87741],[-110.86189,27.87724],[-110.86218,27.87701],[-110.86253,27.87667],[-110.86311,27.87619],[-110.8633,27.87575],[-110.86354,27.87554],[-110.86383,27.8753],[-110.86385,27.87505],[-110.86394,27.87469],[-110.86462,27.87446],[-110.86485,27.87431],[-110.86521,27.87428],[-110.86559,27.87442],[-110.86597,27.87465],[-110.86603,27.87516],[-110.86583,27.87562],[-110.86499,27.87627],[-110.8641,27.87666],[-110.86314,27.87706],[-110.86269,27.87738],[-110.86252,27.87798],[-110.8623,27.87838],[-110.86201,27.87851],[-110.86172,27.8785],[-110.86142,27.87855],[-110.86094,27.87922],[-110.86063,27.87957],[-110.86016,27.88005],[-110.8599,27.88063],[-110.8596,27.88084],[-110.85904,27.88008],[-110.85894,27.87952],[-110.85928,27.87885]]],[[[-110.95287,27.87571],[-110.95297,27.8756],[-110.95308,27.87552],[-110.95326,27.87548],[-110.95333,27.87552],[-110.95336,27.87572],[-110.95331,27.87566],[-110.95324,27.87562],[-110.95315,27.8757],[-110.95311,27.87584],[-110.95302,27.87594],[-110.95285,27.87605],[-110.95276,27.87608],[-110.95279,27.87619],[-110.95287,27.87623],[-110.95298,27.87635],[-110.95298,27.87638],[-110.95292,27.87646],[-110.9528,27.87651],[-110.95272,27.8766],[-110.95256,27.87673],[-110.95245,27.87682],[-110.95238,27.87681],[-110.95238,27.87671],[-110.95243,27.87661],[-110.95258,27.8765],[-110.95261,27.87631],[-110.9526,27.87625],[-110.95263,27.87616],[-110.95264,27.87607],[-110.95267,27.87597],[-110.95275,27.87576],[-110.95287,27.87571]]],[[[-110.9551,27.88497],[-110.95505,27.88486],[-110.95514,27.88476],[-110.95518,27.88466],[-110.95527,27.88451],[-110.95528,27.88439],[-110.95541,27.88436],[-110.95553,27.88439],[-110.95561,27.88435],[-110.95565,27.88424],[-110.9557,27.88416],[-110.95578,27.88411],[-110.95582,27.88415],[-110.95589,27.88423],[-110.95593,27.88429],[-110.95605,27.88434],[-110.95602,27.88436],[-110.95596,27.88437],[-110.95596,27.88442],[-110.95594,27.88445],[-110.95593,27.8845],[-110.95579,27.88455],[-110.95571,27.88464],[-110.95558,27.88469],[-110.95543,27.88481],[-110.95541,27.88487],[-110.95537,27.88491],[-110.95531,27.88495],[-110.95518,27.88495],[-110.9551,27.88497]]],[[[-110.83307,27.90088],[-110.83325,27.90025],[-110.83348,27.89972],[-110.83365,27.89953],[-110.83381,27.89936],[-110.83385,27.89921],[-110.83394,27.89907],[-110.83404,27.899],[-110.83425,27.89886],[-110.83452,27.89857],[-110.83487,27.89813],[-110.83502,27.89782],[-110.83518,27.89767],[-110.83543,27.89748],[-110.83554,27.89728],[-110.83558,27.89699],[-110.8356,27.89685],[-110.83574,27.89668],[-110.83581,27.89653],[-110.83585,27.89632],[-110.83589,27.8961],[-110.83595,27.89598],[-110.83611,27.89579],[-110.83616,27.8956],[-110.83618,27.89538],[-110.83622,27.89525],[-110.8363,27.89499],[-110.8364,27.89465],[-110.83649,27.89448],[-110.83661,27.89439],[-110.8368,27.89408],[-110.83699,27.8939],[-110.83709,27.89375],[-110.83719,27.89342],[-110.8374,27.89318],[-110.83759,27.89305],[-110.83777,27.89286],[-110.838,27.89253],[-110.83817,27.89211],[-110.83833,27.89194],[-110.83848,27.89188],[-110.83862,27.89175],[-110.83883,27.89129],[-110.8391,27.89093],[-110.83933,27.89052],[-110.8397,27.8901],[-110.84018,27.88986],[-110.84026,27.88977],[-110.84037,27.88957],[-110.84055,27.88922],[-110.84094,27.88875],[-110.84113,27.8884],[-110.84125,27.88809],[-110.84133,27.88788],[-110.8414,27.88776],[-110.84156,27.88764],[-110.84175,27.88759],[-110.84208,27.88753],[-110.84231,27.88741],[-110.8426,27.88718],[-110.84289,27.88708],[-110.84312,27.88689],[-110.84326,27.88669],[-110.84347,27.88657],[-110.84381,27.88654],[-110.84405,27.88655],[-110.84418,27.88666],[-110.8443,27.88671],[-110.84445,27.88672],[-110.84478,27.88672],[-110.84543,27.88678],[-110.84607,27.88688],[-110.84636,27.887],[-110.84661,27.88703],[-110.8468,27.88703],[-110.84705,27.88714],[-110.84715,27.88726],[-110.84718,27.88748],[-110.84732,27.88777],[-110.84745,27.88792],[-110.84766,27.88799],[-110.84788,27.88811],[-110.84818,27.88852],[-110.84826,27.8889],[-110.84828,27.88941],[-110.84832,27.88989],[-110.84835,27.89027],[-110.84835,27.89049],[-110.84863,27.8909],[-110.84865,27.8911],[-110.84861,27.89124],[-110.8484,27.89141],[-110.84825,27.8916],[-110.84806,27.89165],[-110.84779,27.89156],[-110.84769,27.89124],[-110.84775,27.8911],[-110.84788,27.8909],[-110.8479,27.89064],[-110.8479,27.89038],[-110.84798,27.89018],[-110.848,27.88987],[-110.84802,27.88951],[-110.84796,27.8891],[-110.84793,27.88878],[-110.84783,27.88854],[-110.84758,27.88837],[-110.84731,27.88832],[-110.84702,27.88821],[-110.84685,27.88821],[-110.84652,27.88826],[-110.84619,27.88821],[-110.84594,27.88821],[-110.84567,27.88831],[-110.84552,27.88836],[-110.84531,27.8886],[-110.84519,27.88901],[-110.84511,27.88932],[-110.84498,27.88953],[-110.84471,27.88963],[-110.84434,27.88968],[-110.84411,27.8898],[-110.8439,27.88983],[-110.84369,27.88987],[-110.84357,27.89],[-110.84324,27.89033],[-110.84315,27.89058],[-110.84299,27.89074],[-110.84274,27.89087],[-110.84266,27.89101],[-110.84266,27.89127],[-110.84282,27.89149],[-110.84289,27.89163],[-110.84289,27.89176],[-110.84284,27.89183],[-110.84264,27.89185],[-110.84247,27.89204],[-110.84239,27.89223],[-110.84222,27.89238],[-110.84195,27.89299],[-110.84174,27.89324],[-110.84139,27.89351],[-110.84106,27.89384],[-110.84094,27.89415],[-110.84094,27.89435],[-110.84094,27.89445],[-110.8411,27.89454],[-110.84139,27.89457],[-110.84154,27.89449],[-110.84168,27.89449],[-110.84185,27.89458],[-110.8421,27.89488],[-110.8421,27.89514],[-110.84189,27.89572],[-110.84144,27.89635],[-110.84077,27.89698],[-110.84048,27.89738],[-110.84017,27.89787],[-110.83959,27.89863],[-110.83922,27.89901],[-110.83843,27.8995],[-110.83766,27.89995],[-110.83706,27.90015],[-110.83623,27.90023],[-110.83544,27.90027],[-110.83494,27.90034],[-110.83461,27.90045],[-110.83421,27.90085],[-110.83407,27.90139],[-110.83403,27.90175],[-110.83396,27.90191],[-110.83384,27.90196],[-110.83348,27.90192],[-110.83319,27.90165],[-110.83309,27.90131],[-110.83307,27.90088]]],[[[-110.90065,27.89961],[-110.90054,27.89961],[-110.90043,27.89952],[-110.90032,27.8993],[-110.90032,27.89912],[-110.90033,27.89895],[-110.90045,27.89882],[-110.90066,27.89873],[-110.90082,27.89875],[-110.90093,27.89876],[-110.90107,27.89878],[-110.9012,27.89894],[-110.90125,27.89902],[-110.90127,27.89914],[-110.90128,27.89933],[-110.90129,27.89943],[-110.90122,27.89954],[-110.90114,27.89957],[-110.90095,27.89959],[-110.90081,27.89959],[-110.90065,27.89961]]],[[[-110.89852,27.90029],[-110.89869,27.90026],[-110.8989,27.90032],[-110.89904,27.9004],[-110.89914,27.90054],[-110.89922,27.90067],[-110.89923,27.90083],[-110.8992,27.90093],[-110.89908,27.90106],[-110.89884,27.9011],[-110.89864,27.90109],[-110.89855,27.90104],[-110.89838,27.90091],[-110.89837,27.90079],[-110.89837,27.90062],[-110.8984,27.90043],[-110.89852,27.90029]]],[[[-110.88043,27.90795],[-110.88092,27.90792],[-110.88168,27.90814],[-110.8821,27.90854],[-110.8821,27.90868],[-110.88203,27.90882],[-110.88198,27.90894],[-110.88198,27.9091],[-110.88199,27.90922],[-110.882,27.90947],[-110.88195,27.90961],[-110.88189,27.90984],[-110.88172,27.91005],[-110.88161,27.91018],[-110.88157,27.9103],[-110.88148,27.91044],[-110.88128,27.9106],[-110.88116,27.91063],[-110.88097,27.91066],[-110.88094,27.91076],[-110.88094,27.91084],[-110.88082,27.91089],[-110.88064,27.9109],[-110.88052,27.91092],[-110.88037,27.91092],[-110.88027,27.91097],[-110.88017,27.91098],[-110.87998,27.91099],[-110.87955,27.91096],[-110.87935,27.91097],[-110.87928,27.91084],[-110.87916,27.91068],[-110.87911,27.91055],[-110.87906,27.91041],[-110.87908,27.91031],[-110.8791,27.91027],[-110.87903,27.9101],[-110.87899,27.90995],[-110.87895,27.90971],[-110.87894,27.9096],[-110.87897,27.90947],[-110.87903,27.90939],[-110.87903,27.90924],[-110.87911,27.90891],[-110.87931,27.90873],[-110.87943,27.90864],[-110.87968,27.90843],[-110.87992,27.90821],[-110.87997,27.90808],[-110.88043,27.90795]]],[[[-110.87024,27.91239],[-110.86972,27.91206],[-110.8695,27.91178],[-110.86942,27.91124],[-110.86948,27.91069],[-110.86964,27.91021],[-110.86982,27.90971],[-110.87005,27.90936],[-110.87024,27.9092],[-110.8703,27.9091],[-110.87035,27.90893],[-110.87049,27.90877],[-110.8708,27.90849],[-110.87102,27.90828],[-110.87132,27.90809],[-110.87141,27.90799],[-110.87157,27.90788],[-110.87176,27.90787],[-110.87191,27.90774],[-110.87214,27.90763],[-110.87232,27.90753],[-110.87267,27.90741],[-110.87295,27.90735],[-110.87311,27.90728],[-110.87332,27.90724],[-110.87358,27.90702],[-110.87383,27.90701],[-110.87401,27.90695],[-110.87416,27.90684],[-110.87427,27.90684],[-110.87441,27.90675],[-110.8745,27.90666],[-110.87467,27.90657],[-110.87476,27.90656],[-110.87487,27.90656],[-110.87498,27.90662],[-110.87505,27.90676],[-110.87505,27.90686],[-110.87509,27.90692],[-110.87515,27.90698],[-110.87539,27.90725],[-110.87543,27.90758],[-110.87547,27.90819],[-110.87548,27.90854],[-110.87537,27.90878],[-110.87519,27.90891],[-110.87516,27.90905],[-110.8751,27.90912],[-110.8751,27.90934],[-110.87499,27.90948],[-110.87491,27.90973],[-110.87494,27.90998],[-110.87487,27.9106],[-110.87487,27.91093],[-110.87481,27.91116],[-110.87476,27.9113],[-110.87477,27.91143],[-110.8743,27.91177],[-110.87423,27.91198],[-110.87392,27.91205],[-110.87363,27.91218],[-110.87345,27.91219],[-110.87286,27.91222],[-110.87245,27.91224],[-110.87218,27.91218],[-110.87209,27.91235],[-110.87184,27.91243],[-110.87161,27.91243],[-110.87138,27.91239],[-110.87108,27.91238],[-110.8709,27.91239],[-110.87053,27.9124],[-110.87024,27.91239]]],[[[-110.96853,27.90853],[-110.9687,27.90847],[-110.96891,27.90849],[-110.96902,27.9085],[-110.96914,27.90846],[-110.96927,27.90847],[-110.96936,27.90847],[-110.96947,27.90848],[-110.96958,27.9085],[-110.96967,27.90852],[-110.96979,27.90853],[-110.96995,27.90853],[-110.97013,27.90855],[-110.97027,27.90858],[-110.97034,27.90862],[-110.97043,27.90869],[-110.97049,27.90878],[-110.97056,27.90885],[-110.9707,27.90894],[-110.9708,27.90898],[-110.97086,27.90901],[-110.97095,27.90905],[-110.97096,27.90909],[-110.97092,27.90924],[-110.97081,27.90943],[-110.97073,27.90952],[-110.97055,27.90963],[-110.97031,27.9097],[-110.96999,27.90971],[-110.96964,27.90971],[-110.96931,27.90971],[-110.96911,27.90968],[-110.96899,27.90959],[-110.96882,27.90943],[-110.96865,27.90931],[-110.96852,27.90921],[-110.96836,27.90907],[-110.96835,27.90888],[-110.9684,27.90868],[-110.96853,27.90853]]],[[[-110.9917,27.92582],[-110.99166,27.92576],[-110.99153,27.92578],[-110.99151,27.92575],[-110.99129,27.92579],[-110.99121,27.92573],[-110.99113,27.92559],[-110.99111,27.9255],[-110.99132,27.92544],[-110.99142,27.92539],[-110.99166,27.92531],[-110.99176,27.92525],[-110.99193,27.92532],[-110.99197,27.92545],[-110.99209,27.92557],[-110.99226,27.92564],[-110.99236,27.92565],[-110.99239,27.92574],[-110.99237,27.92577],[-110.99229,27.92582],[-110.99213,27.92586],[-110.99198,27.92593],[-110.99186,27.92596],[-110.99174,27.92591],[-110.9917,27.92582]]],[[[-111.05874,27.92959],[-111.05909,27.92952],[-111.05947,27.92957],[-111.05965,27.92968],[-111.05982,27.9299],[-111.05989,27.93011],[-111.05989,27.93032],[-111.05985,27.9306],[-111.05982,27.93082],[-111.05983,27.93089],[-111.05976,27.93094],[-111.05959,27.93096],[-111.05945,27.93093],[-111.05927,27.93089],[-111.05915,27.9308],[-111.05911,27.93061],[-111.05929,27.93041],[-111.05927,27.9303],[-111.05898,27.93011],[-111.05884,27.93007],[-111.05856,27.92999],[-111.05852,27.92988],[-111.05857,27.92976],[-111.05874,27.92959]]],[[[-110.99199,27.93519],[-110.99189,27.93517],[-110.99175,27.93518],[-110.9916,27.93521],[-110.9915,27.93527],[-110.99141,27.93532],[-110.99124,27.93535],[-110.9909,27.93538],[-110.99063,27.93535],[-110.9904,27.93525],[-110.99011,27.93512],[-110.98999,27.93492],[-110.98989,27.93473],[-110.98991,27.93452],[-110.99005,27.93445],[-110.99017,27.9344],[-110.99024,27.93432],[-110.99031,27.9342],[-110.99029,27.93403],[-110.99011,27.9339],[-110.99003,27.93376],[-110.99008,27.93359],[-110.99019,27.93355],[-110.9904,27.93351],[-110.9905,27.93347],[-110.99059,27.93338],[-110.99056,27.93309],[-110.99068,27.93296],[-110.99087,27.93292],[-110.9911,27.93291],[-110.9912,27.93298],[-110.99122,27.9331],[-110.99103,27.93326],[-110.99091,27.93335],[-110.99082,27.93345],[-110.9908,27.93358],[-110.99079,27.93367],[-110.99079,27.93378],[-110.99082,27.9339],[-110.99091,27.93405],[-110.99109,27.93415],[-110.99128,27.93418],[-110.99144,27.9342],[-110.99154,27.9342],[-110.99164,27.9342],[-110.99176,27.9342],[-110.99183,27.93421],[-110.99188,27.93423],[-110.99197,27.93427],[-110.992,27.93435],[-110.99206,27.93446],[-110.9922,27.93453],[-110.99236,27.93452],[-110.99242,27.93452],[-110.99262,27.93459],[-110.99283,27.93462],[-110.99301,27.93457],[-110.99303,27.93468],[-110.99298,27.93473],[-110.99303,27.93495],[-110.99304,27.93508],[-110.99302,27.93524],[-110.99288,27.93529],[-110.99265,27.93533],[-110.99244,27.93533],[-110.99222,27.93529],[-110.9921,27.93526],[-110.99199,27.93519]]],[[[-111.0509,27.93505],[-111.05101,27.93503],[-111.05115,27.93503],[-111.05126,27.93506],[-111.0513,27.93514],[-111.0513,27.93522],[-111.05136,27.93528],[-111.05143,27.93531],[-111.0515,27.93531],[-111.05155,27.93531],[-111.05161,27.93538],[-111.05166,27.93548],[-111.05174,27.93555],[-111.05178,27.9356],[-111.05178,27.93565],[-111.05178,27.93573],[-111.05176,27.93576],[-111.05167,27.93577],[-111.05164,27.93581],[-111.0516,27.93591],[-111.0516,27.9361],[-111.05164,27.93624],[-111.05164,27.93638],[-111.0516,27.93646],[-111.05144,27.9365],[-111.05127,27.9365],[-111.0512,27.93642],[-111.05116,27.93628],[-111.05114,27.93625],[-111.05106,27.93615],[-111.051,27.93609],[-111.05094,27.93605],[-111.05092,27.93598],[-111.05087,27.93592],[-111.05081,27.9359],[-111.05077,27.93582],[-111.05075,27.93569],[-111.05075,27.93558],[-111.05078,27.93548],[-111.0508,27.93535],[-111.05083,27.93525],[-111.05083,27.93516],[-111.05085,27.9351],[-111.0509,27.93505]]],[[[-111.05139,27.93895],[-111.0516,27.93885],[-111.05175,27.93889],[-111.05179,27.939],[-111.05184,27.93916],[-111.05185,27.93926],[-111.05196,27.93947],[-111.05211,27.93976],[-111.05213,27.93997],[-111.05218,27.94018],[-111.05216,27.94042],[-111.05227,27.94055],[-111.05231,27.94063],[-111.05224,27.94075],[-111.05228,27.9409],[-111.05233,27.94123],[-111.05231,27.94158],[-111.05226,27.9416],[-111.05217,27.94159],[-111.05196,27.9413],[-111.05184,27.94122],[-111.05161,27.9411],[-111.05139,27.941],[-111.05124,27.94093],[-111.05115,27.94071],[-111.05112,27.94058],[-111.05108,27.9404],[-111.05102,27.94026],[-111.05089,27.9402],[-111.05087,27.94005],[-111.05086,27.93984],[-111.05094,27.93975],[-111.05098,27.93959],[-111.05113,27.93947],[-111.05138,27.93942],[-111.05165,27.93939],[-111.05169,27.93935],[-111.05159,27.93926],[-111.05143,27.93923],[-111.05127,27.93923],[-111.05121,27.93916],[-111.05125,27.93905],[-111.05139,27.93895]]],[[[-111.02875,27.95267],[-111.02869,27.95258],[-111.02857,27.95261],[-111.0285,27.95266],[-111.0284,27.95267],[-111.02826,27.95267],[-111.02815,27.95262],[-111.02797,27.95257],[-111.02791,27.95249],[-111.02798,27.95241],[-111.02801,27.95229],[-111.02807,27.95216],[-111.02814,27.95209],[-111.0282,27.952],[-111.02829,27.95196],[-111.02827,27.95169],[-111.0283,27.95141],[-111.0284,27.95126],[-111.02845,27.95108],[-111.02854,27.95092],[-111.02858,27.95058],[-111.02859,27.95026],[-111.02868,27.95012],[-111.02878,27.95001],[-111.02888,27.9499],[-111.02894,27.94978],[-111.02899,27.94965],[-111.02905,27.94927],[-111.02911,27.94904],[-111.02913,27.94853],[-111.02925,27.94846],[-111.02942,27.94855],[-111.02996,27.94858],[-111.03003,27.94849],[-111.03021,27.94845],[-111.03032,27.94848],[-111.03041,27.94837],[-111.03049,27.94831],[-111.03055,27.94824],[-111.03065,27.94815],[-111.03074,27.94791],[-111.03079,27.94774],[-111.03085,27.9475],[-111.03094,27.94722],[-111.03117,27.94702],[-111.03149,27.94695],[-111.0319,27.947],[-111.03209,27.94705],[-111.03208,27.94719],[-111.03194,27.94744],[-111.03183,27.94765],[-111.03174,27.94776],[-111.03162,27.94784],[-111.0316,27.94787],[-111.03155,27.94799],[-111.03154,27.94812],[-111.03141,27.94828],[-111.03121,27.94848],[-111.03119,27.9487],[-111.03122,27.94889],[-111.0312,27.94904],[-111.03116,27.94912],[-111.03102,27.9492],[-111.03091,27.94933],[-111.0309,27.9495],[-111.03088,27.94969],[-111.03087,27.9498],[-111.03085,27.94989],[-111.03072,27.94998],[-111.03062,27.95014],[-111.03058,27.95039],[-111.03053,27.95051],[-111.03045,27.95059],[-111.03033,27.95068],[-111.03029,27.95076],[-111.03028,27.95086],[-111.03024,27.95098],[-111.03015,27.95111],[-111.02997,27.95117],[-111.02985,27.95125],[-111.02981,27.95136],[-111.02975,27.95155],[-111.02962,27.95169],[-111.02951,27.95179],[-111.02938,27.95183],[-111.02928,27.95193],[-111.02922,27.9521],[-111.02924,27.95233],[-111.02927,27.95251],[-111.02927,27.95264],[-111.02929,27.9528],[-111.02926,27.95298],[-111.02921,27.95305],[-111.02906,27.95307],[-111.02888,27.95301],[-111.0288,27.95288],[-111.02875,27.95267]]],[[[-111.12088,27.95335],[-111.12087,27.95306],[-111.12109,27.95284],[-111.12147,27.95281],[-111.12166,27.95264],[-111.1216,27.95241],[-111.12195,27.95235],[-111.1224,27.95228],[-111.12243,27.9524],[-111.12275,27.95244],[-111.12298,27.9523],[-111.12315,27.95214],[-111.12362,27.95228],[-111.1239,27.9522],[-111.12417,27.95228],[-111.12456,27.95243],[-111.1248,27.95275],[-111.12472,27.95292],[-111.12446,27.95301],[-111.1242,27.953],[-111.12389,27.95302],[-111.1236,27.95329],[-111.12358,27.95349],[-111.12357,27.95362],[-111.12343,27.95376],[-111.12342,27.95401],[-111.12321,27.9542],[-111.12304,27.95444],[-111.12309,27.95462],[-111.12331,27.95472],[-111.12347,27.95484],[-111.12348,27.95505],[-111.12322,27.95523],[-111.12305,27.95542],[-111.12279,27.95573],[-111.12274,27.95598],[-111.12273,27.95619],[-111.12266,27.95628],[-111.1226,27.95633],[-111.12241,27.95647],[-111.12231,27.95665],[-111.12212,27.95692],[-111.12192,27.95723],[-111.12185,27.95745],[-111.12174,27.9578],[-111.12139,27.95819],[-111.12122,27.95837],[-111.12099,27.95847],[-111.12082,27.95866],[-111.12048,27.95878],[-111.12028,27.95886],[-111.12015,27.95893],[-111.12005,27.95899],[-111.11993,27.95907],[-111.11984,27.95914],[-111.11973,27.95916],[-111.11949,27.95935],[-111.11928,27.9596],[-111.11916,27.95959],[-111.11915,27.95914],[-111.11915,27.95898],[-111.11919,27.95884],[-111.11925,27.95877],[-111.11927,27.95865],[-111.11922,27.95849],[-111.11915,27.95842],[-111.11913,27.95825],[-111.11924,27.95798],[-111.11927,27.95775],[-111.11942,27.95757],[-111.11949,27.95738],[-111.11954,27.95719],[-111.11954,27.95706],[-111.11962,27.95699],[-111.11976,27.95692],[-111.11991,27.9567],[-111.11996,27.9562],[-111.11987,27.95592],[-111.11993,27.95563],[-111.1202,27.95549],[-111.12035,27.95522],[-111.12034,27.95495],[-111.12032,27.95457],[-111.12048,27.95412],[-111.12073,27.95345],[-111.12088,27.95335]]],[[[-111.37863,27.97408],[-111.36713,27.95269],[-111.39008,27.9851],[-111.37863,27.97408]]],[[[-112.29274,28.72853],[-112.29239,28.72827],[-112.29201,28.72831],[-112.2915,28.72821],[-112.29128,28.72795],[-112.29114,28.72731],[-112.29109,28.7266],[-112.29092,28.72611],[-112.29068,28.7257],[-112.29015,28.7254],[-112.28993,28.72506],[-112.28971,28.72469],[-112.28927,28.72436],[-112.28889,28.72414],[-112.28863,28.72379],[-112.28828,28.72361],[-112.28777,28.72351],[-112.28738,28.72321],[-112.28708,28.72287],[-112.28682,28.72254],[-112.28661,28.72223],[-112.28652,28.72187],[-112.28685,28.72141],[-112.28693,28.72081],[-112.28705,28.72001],[-112.28704,28.7196],[-112.28712,28.71945],[-112.28725,28.71926],[-112.28716,28.71907],[-112.28712,28.71893],[-112.2869,28.71878],[-112.28673,28.71859],[-112.28651,28.71814],[-112.28625,28.71758],[-112.28624,28.71698],[-112.28615,28.71649],[-112.28602,28.71627],[-112.28563,28.71604],[-112.28537,28.71578],[-112.28507,28.71582],[-112.28473,28.71579],[-112.28448,28.71564],[-112.28435,28.71538],[-112.28418,28.7152],[-112.28393,28.71506],[-112.28365,28.71496],[-112.2834,28.7149],[-112.28318,28.71478],[-112.28304,28.71452],[-112.28311,28.71428],[-112.28329,28.71418],[-112.28348,28.71422],[-112.28371,28.71446],[-112.28407,28.71456],[-112.28433,28.71452],[-112.28455,28.71425],[-112.28454,28.7138],[-112.28466,28.71338],[-112.28492,28.71323],[-112.28525,28.713],[-112.28538,28.71277],[-112.28533,28.71251],[-112.28516,28.71225],[-112.28512,28.71191],[-112.28515,28.71157],[-112.28541,28.71142],[-112.28557,28.71115],[-112.28548,28.71082],[-112.28556,28.7107],[-112.28582,28.71055],[-112.28581,28.70976],[-112.28594,28.70946],[-112.28619,28.70934],[-112.28645,28.70949],[-112.28663,28.71001],[-112.28693,28.71035],[-112.2871,28.71043],[-112.28761,28.71049],[-112.28808,28.71038],[-112.28863,28.71045],[-112.28894,28.71071],[-112.28895,28.71108],[-112.2892,28.71127],[-112.28954,28.71149],[-112.28972,28.71172],[-112.29014,28.71175],[-112.2904,28.71201],[-112.29058,28.7122],[-112.29087,28.71227],[-112.29096,28.71246],[-112.29088,28.71272],[-112.29054,28.71287],[-112.29055,28.71303],[-112.29071,28.71325],[-112.2911,28.71336],[-112.29119,28.71365],[-112.29094,28.71411],[-112.29078,28.71438],[-112.29082,28.71456],[-112.2912,28.71464],[-112.29125,28.71509],[-112.29121,28.71573],[-112.29135,28.71618],[-112.29144,28.71667],[-112.29187,28.7167],[-112.29222,28.71718],[-112.29218,28.71775],[-112.29244,28.71793],[-112.29287,28.7183],[-112.29304,28.71875],[-112.29314,28.71936],[-112.29315,28.72026],[-112.29311,28.72063],[-112.29337,28.72101],[-112.29321,28.72135],[-112.29322,28.72198],[-112.2936,28.72248],[-112.29396,28.72315],[-112.29434,28.72374],[-112.2944,28.72464],[-112.2945,28.72544],[-112.2948,28.72592],[-112.29553,28.72652],[-112.2957,28.72692],[-112.29571,28.72742],[-112.29585,28.72779],[-112.29581,28.72813],[-112.29611,28.7282],[-112.29645,28.72823],[-112.29692,28.72876],[-112.29773,28.72883],[-112.29795,28.72912],[-112.29774,28.72943],[-112.29741,28.7298],[-112.29694,28.72996],[-112.29655,28.73023],[-112.29636,28.73106],[-112.29641,28.73192],[-112.2968,28.73252],[-112.29749,28.73322],[-112.29827,28.73424],[-112.2984,28.73484],[-112.29824,28.73521],[-112.2979,28.73529],[-112.29738,28.73477],[-112.29699,28.73444],[-112.29631,28.73444],[-112.29583,28.73422],[-112.29557,28.73381],[-112.29536,28.73324],[-112.29505,28.73298],[-112.29467,28.7325],[-112.29458,28.73217],[-112.29448,28.73164],[-112.29435,28.7313],[-112.29413,28.73055],[-112.29361,28.73015],[-112.29327,28.72996],[-112.29301,28.72966],[-112.29295,28.72902],[-112.29274,28.72853]]],[[[-112.5534,28.73071],[-112.54211,28.71147],[-112.55389,28.67197],[-112.60568,28.66767],[-112.61215,28.72656],[-112.5534,28.73071]]],[[[-111.96632,28.8088],[-111.96674,28.80824],[-111.96733,28.80789],[-111.96792,28.80771],[-111.96844,28.80781],[-111.96887,28.80803],[-111.96956,28.80818],[-111.97015,28.80832],[-111.97058,28.80832],[-111.97114,28.80828],[-111.97147,28.80818],[-111.97176,28.80798],[-111.97212,28.80787],[-111.97263,28.80785],[-111.97297,28.80798],[-111.97331,28.80836],[-111.97349,28.80875],[-111.97355,28.80908],[-111.97342,28.80935],[-111.97325,28.8095],[-111.9732,28.80973],[-111.97316,28.81013],[-111.97288,28.81074],[-111.9724,28.81124],[-111.97194,28.81162],[-111.97141,28.81188],[-111.97045,28.81264],[-111.96977,28.81306],[-111.96888,28.81341],[-111.96804,28.81374],[-111.96756,28.81393],[-111.96736,28.81423],[-111.96706,28.8147],[-111.96706,28.81523],[-111.96693,28.81568],[-111.96652,28.81598],[-111.96621,28.81636],[-111.96596,28.81663],[-111.96562,28.8167],[-111.96524,28.81667],[-111.96489,28.81645],[-111.96459,28.81634],[-111.9639,28.81626],[-111.96368,28.81596],[-111.96381,28.81568],[-111.96411,28.81551],[-111.96431,28.81524],[-111.96436,28.81499],[-111.96461,28.81437],[-111.96446,28.81363],[-111.96474,28.81334],[-111.96478,28.81292],[-111.96473,28.81265],[-111.96447,28.81242],[-111.96457,28.81212],[-111.96491,28.81159],[-111.96519,28.81133],[-111.96523,28.81115],[-111.96526,28.81076],[-111.96534,28.81021],[-111.96581,28.80941],[-111.96632,28.8088]]],[[[-112.28749,29.23186],[-112.2953,29.22186],[-112.2612,29.19276],[-112.27432,29.13721],[-112.19475,29.02105],[-112.21655,28.96057],[-112.18887,28.97668],[-112.21459,28.95671],[-112.2395,28.87138],[-112.27489,28.8165],[-112.27321,28.78343],[-112.25276,28.76724],[-112.28121,28.76777],[-112.3102,28.7468],[-112.32843,28.76345],[-112.35957,28.75972],[-112.40713,28.79945],[-112.46171,28.80267],[-112.47206,28.8215],[-112.58425,28.87667],[-112.48985,28.94916],[-112.50593,29.06304],[-112.47777,29.16743],[-112.45683,29.19452],[-112.40913,29.18597],[-112.35998,29.22023],[-112.28749,29.23186]]],[[[-114.67972,31.75699],[-114.59572,31.74725],[-114.61934,31.72846],[-114.67972,31.75699]]],[[[-114.88259,32.49215],[-114.84841,32.47342],[-114.8124,32.4937],[-114.10997,32.28159],[-111.075,31.33257],[-108.75592,31.33242],[-108.81723,31.23901],[-108.87981,31.23879],[-108.90665,31.20805],[-108.86069,31.21893],[-108.84833,31.19511],[-108.80502,31.19296],[-108.83501,31.16933],[-108.84564,31.13558],[-108.77,31.10247],[-108.76616,31.07363],[-108.7299,31.05215],[-108.75247,31.03385],[-108.68439,31.03374],[-108.68381,31.00597],[-108.80326,31.00483],[-108.80239,30.9041],[-108.93924,30.90757],[-108.92985,30.86102],[-108.9483,30.73691],[-108.91897,30.73935],[-108.86693,30.68939],[-108.87647,30.62457],[-108.76202,30.58727],[-108.72667,30.59455],[-108.72744,30.58048],[-108.67779,30.55707],[-108.66197,30.52194],[-108.66477,30.46815],[-108.60384,30.46511],[-108.61356,30.43572],[-108.64865,30.41686],[-108.61984,30.3748],[-108.62206,30.34032],[-108.58001,30.33748],[-108.5422,30.28351],[-108.55055,30.26664],[-108.62022,30.29823],[-108.60692,30.02862],[-108.62871,29.95303],[-108.6072,29.84714],[-108.63572,29.82968],[-108.61856,29.80047],[-108.54126,29.79614],[-108.53496,29.75136],[-108.54078,29.73623],[-108.59275,29.72839],[-108.59253,29.71765],[-108.6591,29.71613],[-108.61828,29.66053],[-108.65499,29.64943],[-108.64114,29.58889],[-108.65951,29.58404],[-108.63832,29.55832],[-108.66231,29.54448],[-108.64871,29.5091],[-108.62516,29.50103],[-108.71775,29.46595],[-108.66973,29.30742],[-108.68221,29.26743],[-108.76189,29.25388],[-108.73541,29.21771],[-108.75387,29.2001],[-108.7453,29.16234],[-108.72885,29.1718],[-108.69853,29.12774],[-108.72959,29.09653],[-108.70944,29.083],[-108.72435,29.0699],[-108.69815,28.93627],[-108.7098,28.88952],[-108.67818,28.86328],[-108.65785,28.80922],[-108.62382,28.80612],[-108.64556,28.79473],[-108.64329,28.76507],[-108.58379,28.74014],[-108.58015,28.63245],[-108.53129,28.55667],[-108.52329,28.50591],[-108.50767,28.50822],[-108.51554,28.42628],[-108.4797,28.36955],[-108.50137,28.35573],[-108.52165,28.36506],[-108.51964,28.33476],[-108.55093,28.31806],[-108.60351,28.34756],[-108.63618,28.33523],[-108.64129,28.29161],[-108.68723,28.30346],[-108.75098,28.27157],[-108.79668,28.26716],[-108.79166,28.25362],[-108.83042,28.26505],[-108.85609,28.25154],[-108.88066,28.26473],[-108.92201,28.25149],[-108.96726,28.265],[-108.99397,28.29796],[-108.99744,28.25505],[-109.02278,28.27753],[-109.04068,28.26699],[-109.0687,28.28614],[-109.05844,28.26727],[-109.07489,28.27261],[-109.06199,28.1992],[-109.07289,28.14857],[-109.0319,28.01829],[-108.92651,27.94059],[-108.91487,27.85401],[-108.86914,27.83929],[-108.92029,27.78397],[-108.89552,27.74481],[-108.78449,27.73047],[-108.74931,27.66473],[-108.73985,27.59995],[-108.71281,27.56625],[-108.65241,27.53703],[-108.66165,27.46474],[-108.59105,27.31808],[-108.66438,27.2394],[-108.66258,27.21954],[-108.65322,27.17605],[-108.61143,27.15414],[-108.60228,27.03694],[-108.56254,27.04602],[-108.57225,27.01266],[-108.55176,26.99715],[-108.42427,26.97623],[-108.46698,26.9707],[-108.55704,26.82375],[-108.53691,26.79843],[-108.55403,26.77986],[-108.58085,26.78958],[-108.57833,26.76278],[-108.59419,26.75917],[-108.60102,26.72722],[-108.62838,26.71839],[-108.63037,26.67657],[-108.67899,26.64289],[-108.67883,26.58702],[-108.73429,26.59357],[-108.78772,26.56526],[-108.87315,26.55107],[-108.89132,26.4896],[-108.91467,26.47954],[-108.84748,26.48722],[-108.83776,26.47252],[-108.87611,26.44758],[-108.86034,26.43277],[-108.88139,26.40625],[-108.91012,26.42171],[-108.93652,26.39018],[-109.00644,26.40237],[-109.12524,26.29701],[-109.16494,26.30685],[-109.20254,26.34445],[-109.26001,26.3197],[-109.25203,26.41223],[-109.26779,26.50123],[-109.30937,26.56459],[-109.40323,26.65362],[-109.48497,26.68277],[-109.43002,26.67125],[-109.44165,26.69447],[-109.43254,26.71892],[-109.47146,26.7169],[-109.48309,26.74427],[-109.5082,26.7219],[-109.51303,26.75479],[-109.52812,26.75913],[-109.55608,26.71696],[-109.50868,26.70462],[-109.54225,26.69368],[-109.49637,26.67017],[-109.62385,26.69548],[-109.65625,26.69137],[-109.66924,26.67341],[-109.76748,26.70624],[-109.851,26.7925],[-109.89025,26.92251],[-109.94419,26.99205],[-109.94167,27.01796],[-109.96721,27.05418],[-110.05651,27.07822],[-110.10381,27.10834],[-110.30667,27.15537],[-110.43237,27.26798],[-110.52384,27.29307],[-110.44361,27.30237],[-110.47476,27.31204],[-110.46099,27.32927],[-110.48167,27.32587],[-110.48017,27.37465],[-110.50388,27.38723],[-110.53653,27.37268],[-110.5112,27.41231],[-110.55647,27.39543],[-110.53914,27.43271],[-110.55826,27.41927],[-110.55561,27.44092],[-110.57317,27.43932],[-110.57269,27.45067],[-110.53711,27.45729],[-110.58253,27.4562],[-110.59046,27.44171],[-110.5885,27.52812],[-110.62361,27.62234],[-110.6009,27.70054],[-110.61366,27.81274],[-110.61437,27.79565],[-110.58895,27.84565],[-110.55839,27.83182],[-110.5201,27.84525],[-110.57823,27.88237],[-110.63186,27.88245],[-110.64877,27.90375],[-110.66536,27.89526],[-110.60899,27.85802],[-110.65723,27.88988],[-110.72701,27.90836],[-110.85324,27.91227],[-110.79959,27.9213],[-110.82824,27.95434],[-110.90688,27.89771],[-110.85566,27.89975],[-110.88987,27.83946],[-110.9036,27.86701],[-110.93291,27.88144],[-110.95043,27.86826],[-110.96657,27.90524],[-110.94689,27.92185],[-110.96996,27.92742],[-110.98453,27.95864],[-111.0253,27.96248],[-111.05786,27.93754],[-111.06541,27.95291],[-111.06006,27.92732],[-111.0662,27.9406],[-111.10572,27.93606],[-111.09075,27.9467],[-111.09941,27.9613],[-111.17377,27.99151],[-111.21172,28.04171],[-111.25525,28.05444],[-111.29368,28.13094],[-111.33074,28.15797],[-111.34368,28.20931],[-111.37711,28.2188],[-111.39042,28.27082],[-111.45727,28.31596],[-111.46859,28.37194],[-111.71009,28.45694],[-111.77442,28.60713],[-111.90819,28.70243],[-111.9522,28.7591],[-111.90057,28.78712],[-111.87647,28.74382],[-111.854,28.76012],[-111.86491,28.77946],[-111.84427,28.80393],[-111.88925,28.79339],[-111.87357,28.81085],[-111.88668,28.82541],[-111.90131,28.82157],[-111.89247,28.80535],[-111.90546,28.79637],[-111.89788,28.813],[-111.91936,28.82108],[-111.91471,28.79002],[-111.96981,28.84205],[-112.03099,28.85914],[-112.04767,28.89885],[-112.102,28.95531],[-112.17227,28.96897],[-112.1504,28.98869],[-112.16672,29.00957],[-112.17061,29.07153],[-112.18794,29.07272],[-112.16526,29.11419],[-112.20053,29.157],[-112.19946,29.17623],[-112.22983,29.17851],[-112.209,29.2422],[-112.23184,29.30504],[-112.25711,29.32722],[-112.29114,29.33104],[-112.34625,29.31356],[-112.3349,29.2918],[-112.35298,29.32101],[-112.41037,29.34516],[-112.42149,29.37606],[-112.38267,29.44873],[-112.38081,29.48672],[-112.42887,29.51917],[-112.43629,29.55971],[-112.50689,29.62041],[-112.54406,29.68969],[-112.58048,29.71151],[-112.60663,29.77936],[-112.65181,29.83448],[-112.66542,29.89114],[-112.74704,29.91436],[-112.7331,30.00055],[-112.76159,30.06275],[-112.7615,30.20169],[-112.81787,30.26385],[-112.86472,30.26828],[-112.84634,30.33342],[-112.86612,30.41575],[-112.99837,30.54831],[-113.08491,30.67983],[-113.12717,30.81204],[-113.10106,30.89089],[-113.09646,30.97005],[-113.12841,31.05891],[-113.09194,30.99527],[-113.06205,31.03344],[-113.05896,31.07235],[-113.10151,31.18944],[-113.20715,31.24053],[-113.54541,31.29627],[-113.5584,31.31777],[-113.62461,31.32799],[-113.64389,31.34323],[-113.61228,31.34336],[-113.60916,31.36412],[-113.64103,31.48115],[-113.68041,31.51484],[-113.85248,31.5954],[-113.92,31.5983],[-113.97941,31.63143],[-113.9737,31.5783],[-113.9562,31.5624],[-113.98684,31.52949],[-114.01975,31.52992],[-114.0259,31.4922],[-114.16991,31.49799],[-114.28271,31.54615],[-114.33236,31.59677],[-114.49703,31.67623],[-114.58279,31.75222],[-114.6928,31.76312],[-114.76021,31.81826],[-114.81886,31.82091],[-114.84492,31.86455],[-114.91076,31.86776],[-114.96548,31.91842],[-114.957,32.03864],[-114.98974,32.14638],[-114.97532,32.178],[-115.05302,32.24517],[-114.96659,32.33879],[-114.96845,32.39065],[-114.93194,32.4397],[-114.93542,32.48142],[-114.88259,32.49215]],[[-110.84841,27.98248],[-110.86623,27.98137],[-110.85583,27.96454],[-110.86952,27.96915],[-110.82708,27.95531],[-110.84841,27.98248]],[[-110.82857,27.95557],[-110.82916,27.95567],[-110.82992,27.95563],[-110.83165,27.95542],[-110.8332,27.95525],[-110.83583,27.95498],[-110.83675,27.95485],[-110.83798,27.95474],[-110.83917,27.95461],[-110.84038,27.95444],[-110.8416,27.95429],[-110.8424,27.95419],[-110.84292,27.954],[-110.84339,27.95378],[-110.84405,27.95337],[-110.84488,27.95285],[-110.84449,27.9529],[-110.84384,27.95294],[-110.84283,27.95302],[-110.8414,27.95315],[-110.8401,27.95329],[-110.83666,27.95368],[-110.83316,27.95407],[-110.83037,27.9544],[-110.82813,27.95463],[-110.82774,27.95476],[-110.82776,27.95497],[-110.82789,27.95506],[-110.82801,27.95519],[-110.82812,27.95544],[-110.82823,27.95548],[-110.82857,27.95557]]]]}},{"type":"Feature","properties":{"cve_ent":"27","estado":"Tabasco"},"geometry":{"type":"MultiPolygon","coordinates":[[[[-92.46785,18.64728],[-92.46575,18.61656],[-92.42623,18.55704],[-92.41405,18.48729],[-92.36432,18.46373],[-92.35832,18.44435],[-92.32253,18.47308],[-92.31029,18.45558],[-92.17615,18.45823],[-92.17295,18.27534],[-92.18324,18.27406],[-92.14894,18.21041],[-92.16442,18.19787],[-92.1609,18.15542],[-92.11011,18.09441],[-92.08156,18.08569],[-92.03994,18.09795],[-92.0421,18.07832],[-91.97878,18.04283],[-91.96675,18.01599],[-91.90035,18.01215],[-91.86721,17.98327],[-91.80464,17.97255],[-91.76227,17.93901],[-91.76049,17.95763],[-91.63881,17.87395],[-91.63309,17.90502],[-91.61271,17.91292],[-91.62474,17.94907],[-91.6095,18.09844],[-91.5722,18.14202],[-91.57997,18.15818],[-91.53451,18.14617],[-91.50934,18.17105],[-91.50186,18.15557],[-91.51521,18.15495],[-91.51653,18.13049],[-91.50404,18.11646],[-91.38443,18.06407],[-91.32702,18.06267],[-91.21746,17.97499],[-91.14473,17.97516],[-91.15112,17.96267],[-91.13318,17.95801],[-91.13067,17.98225],[-91.11358,17.97585],[-91.1202,17.96338],[-90.98795,17.96255],[-90.98746,17.25102],[-91.4397,17.25097],[-91.42518,17.30231],[-91.39032,17.29935],[-91.38366,17.31118],[-91.41678,17.34563],[-91.41983,17.37407],[-91.50994,17.3922],[-91.53724,17.41974],[-91.55786,17.42224],[-91.55879,17.40053],[-91.57969,17.40734],[-91.67204,17.44406],[-91.66521,17.46166],[-91.70014,17.46752],[-91.66282,17.47982],[-91.63429,17.53462],[-91.63883,17.58147],[-91.66356,17.61217],[-91.64457,17.62192],[-91.6599,17.63045],[-91.65474,17.67616],[-91.67299,17.68347],[-91.68138,17.67013],[-91.73881,17.71081],[-91.76785,17.70312],[-91.83066,17.73768],[-91.79016,17.74602],[-91.78225,17.78248],[-91.79237,17.82452],[-91.77969,17.8513],[-91.80437,17.86887],[-91.80994,17.89825],[-91.84969,17.88286],[-91.91813,17.89952],[-91.92806,17.87082],[-91.94841,17.86331],[-91.95683,17.87993],[-91.9396,17.90629],[-91.97845,17.91369],[-91.99567,17.94259],[-92.00336,17.89052],[-92.0718,17.87767],[-92.04941,17.85477],[-92.10203,17.85088],[-92.12048,17.79597],[-92.14658,17.81468],[-92.13083,17.76608],[-92.15171,17.76457],[-92.17195,17.78657],[-92.18849,17.76813],[-92.1945,17.77664],[-92.27462,17.69226],[-92.33735,17.71209],[-92.3499,17.70278],[-92.35067,17.61793],[-92.40208,17.57804],[-92.51998,17.57305],[-92.53007,17.55],[-92.57141,17.54961],[-92.59699,17.52036],[-92.60583,17.47738],[-92.65941,17.44428],[-92.66819,17.45669],[-92.67877,17.37849],[-92.75418,17.3433],[-92.78579,17.41753],[-92.8294,17.4086],[-92.82922,17.3963],[-92.85426,17.4112],[-92.81963,17.43275],[-92.83155,17.48086],[-92.84988,17.46898],[-92.85981,17.50028],[-92.88736,17.51046],[-92.9392,17.50245],[-92.94812,17.48274],[-92.96804,17.51797],[-92.98487,17.51131],[-92.99265,17.53002],[-92.98049,17.53756],[-93.04053,17.60983],[-93.03712,17.70338],[-93.05772,17.72049],[-93.04264,17.76841],[-93.01201,17.79367],[-93.02544,17.82542],[-93.04313,17.84258],[-93.10165,17.84583],[-93.11564,17.82221],[-93.1318,17.85232],[-93.09138,17.89756],[-93.12913,17.90785],[-93.192,17.95614],[-93.24092,17.95009],[-93.27832,17.98529],[-93.29801,17.93858],[-93.3409,17.93033],[-93.34059,17.79812],[-93.36661,17.80292],[-93.38095,17.78316],[-93.34311,17.78752],[-93.34914,17.76709],[-93.39055,17.7734],[-93.3543,17.71288],[-93.35628,17.64804],[-93.38479,17.64438],[-93.42049,17.59005],[-93.44595,17.58599],[-93.45171,17.54648],[-93.48415,17.54988],[-93.51488,17.49032],[-93.5138,17.44281],[-93.60794,17.31493],[-93.62743,17.31284],[-93.64533,17.32777],[-93.63496,17.3377],[-93.69492,17.3878],[-93.673,17.41992],[-93.63821,17.43609],[-93.6366,17.45528],[-93.65041,17.45885],[-93.6241,17.49346],[-93.63734,17.50981],[-93.61525,17.55511],[-93.65654,17.55524],[-93.71318,17.63067],[-93.73288,17.62576],[-93.74658,17.66011],[-93.73851,17.67937],[-93.80515,17.68936],[-93.82659,17.71919],[-93.87,17.71354],[-93.87705,17.75656],[-93.94011,17.75317],[-93.96779,17.84525],[-94.02595,17.84038],[-94.03316,17.87256],[-94.08343,17.86987],[-94.09199,17.96193],[-94.0614,17.98812],[-94.06652,18.0094],[-94.08366,18.00613],[-94.0744,18.05895],[-94.09721,18.07973],[-94.08159,18.09991],[-94.10044,18.12592],[-94.09791,18.16836],[-94.12785,18.16988],[-94.12589,18.21645],[-93.43987,18.42724],[-93.21387,18.44697],[-93.21053,18.43047],[-93.19276,18.44364],[-93.18679,18.43116],[-93.19836,18.45316],[-93.18508,18.44126],[-93.03595,18.43191],[-92.89799,18.44315],[-92.77366,18.50515],[-92.69156,18.61804],[-92.63101,18.61435],[-92.46785,18.64728]]]]}},{"type":"Feature","properties":{"cve_ent":"28","estado":"Tamaulipas"},"geometry":{"type":"MultiPolygon","coordinates":[[[[-99.7266,27.67728],[-99.7055,27.65525],[-99.6905,27.66912],[-99.66378,27.65744],[-99.65547,27.62926],[-99.5959,27.63976],[-99.57711,27.61831],[-99.58424,27.60346],[-99.55483,27.61441],[-99.51155,27.56608],[-99.52819,27.49815],[-99.49343,27.49763],[-99.47877,27.47951],[-99.49534,27.44658],[-99.48762,27.41105],[-99.5045,27.33878],[-99.53813,27.31645],[-99.4946,27.30376],[-99.4909,27.26272],[-99.46195,27.26839],[-99.44183,27.25081],[-99.42622,27.17613],[-99.44254,27.10683],[-99.42866,27.09159],[-99.45271,27.06406],[-99.44569,27.02186],[-99.41541,27.01738],[-99.37647,26.97685],[-99.39376,26.96023],[-99.38502,26.9396],[-99.32422,26.91595],[-99.31714,26.86546],[-99.26802,26.84263],[-99.23962,26.74526],[-99.2086,26.72445],[-99.17152,26.54315],[-99.10431,26.49909],[-99.09165,26.47532],[-99.11359,26.43252],[-99.08399,26.39757],[-99.03729,26.41357],[-99.01077,26.39226],[-98.97439,26.40131],[-98.94324,26.36944],[-98.92672,26.39457],[-98.89613,26.35308],[-98.8046,26.36763],[-98.78852,26.33051],[-98.75072,26.33118],[-98.73607,26.30832],[-98.75498,26.30759],[-98.75092,26.29601],[-98.70246,26.28709],[-98.71966,26.27255],[-98.68112,26.26294],[-98.67056,26.237],[-98.63458,26.24233],[-98.62441,26.25974],[-98.61626,26.24649],[-98.58573,26.25767],[-98.56266,26.22441],[-98.54574,26.23653],[-98.55424,26.24779],[-98.4814,26.20062],[-98.48182,26.2193],[-98.4441,26.22418],[-98.44393,26.20054],[-98.38732,26.15842],[-98.36637,26.15766],[-98.35983,26.17251],[-98.35209,26.15106],[-98.33569,26.16582],[-98.33561,26.13832],[-98.30534,26.10289],[-98.29687,26.1203],[-98.2663,26.12094],[-98.28837,26.10469],[-98.19364,26.05309],[-98.17659,26.07531],[-98.14687,26.04914],[-98.13187,26.07431],[-98.09358,26.05865],[-98.08133,26.0713],[-98.07295,26.03642],[-98.03871,26.04137],[-98.02793,26.06698],[-98.01189,26.05608],[-97.9802,26.06722],[-97.96587,26.05167],[-97.93355,26.05299],[-97.93364,26.06556],[-97.86898,26.05678],[-97.8614,26.07003],[-97.861,26.05296],[-97.83426,26.0456],[-97.81929,26.05658],[-97.81241,26.04407],[-97.80109,26.06021],[-97.7779,26.02921],[-97.76804,26.04726],[-97.76154,26.02556],[-97.72046,26.02302],[-97.70712,26.03773],[-97.69156,26.01882],[-97.69327,26.03236],[-97.66261,26.03808],[-97.66814,26.01943],[-97.63992,26.02395],[-97.64929,26.01044],[-97.61836,26.00232],[-97.63445,25.99004],[-97.6021,25.95736],[-97.58212,25.96238],[-97.57812,25.94209],[-97.56791,25.95251],[-97.58327,25.93322],[-97.53731,25.93081],[-97.52127,25.88632],[-97.49819,25.89916],[-97.49715,25.87987],[-97.45552,25.88412],[-97.44461,25.86781],[-97.45406,25.85428],[-97.42445,25.84044],[-97.40945,25.86227],[-97.40615,25.8379],[-97.37263,25.84013],[-97.36421,25.85087],[-97.37619,25.85559],[-97.35666,25.86735],[-97.37417,25.88028],[-97.3564,25.88776],[-97.37503,25.90829],[-97.34792,25.93131],[-97.3261,25.91754],[-97.3032,25.93698],[-97.27682,25.9352],[-97.28397,25.95933],[-97.24749,25.94803],[-97.20863,25.96387],[-97.14637,25.95489],[-97.1501,25.83595],[-97.18234,25.67879],[-97.50771,25.06449],[-97.58625,24.84328],[-97.68692,24.45056],[-97.72734,24.09203],[-97.73178,23.7717],[-97.76853,23.37769],[-97.76586,22.89499],[-97.78885,22.7906],[-97.84497,22.66026],[-97.85933,22.56641],[-97.85484,22.50411],[-97.83353,22.49304],[-97.85861,22.48951],[-97.83439,22.48221],[-97.8583,22.47616],[-97.84524,22.40537],[-97.81178,22.30689],[-97.77295,22.26686],[-97.83211,22.2381],[-97.84489,22.20697],[-97.91728,22.23913],[-97.95671,22.29389],[-98.00032,22.29743],[-97.99895,22.31433],[-97.98398,22.30467],[-97.97051,22.32805],[-97.99002,22.35086],[-98.07278,22.34716],[-98.08602,22.37015],[-98.10621,22.36671],[-98.11354,22.3953],[-98.18749,22.42387],[-98.195,22.46956],[-98.24793,22.47166],[-98.27294,22.44729],[-98.28737,22.46703],[-98.31682,22.46856],[-98.31878,22.39074],[-98.35227,22.3887],[-98.35523,22.40745],[-98.38781,22.38928],[-98.38864,22.42429],[-98.40954,22.39993],[-98.43312,22.41358],[-98.43377,22.43286],[-98.46096,22.41219],[-98.46681,22.4288],[-98.50504,22.42947],[-98.52536,22.40678],[-98.57494,22.39395],[-98.63816,22.41452],[-98.70082,22.40257],[-98.75893,22.36631],[-98.82147,22.35626],[-98.87229,22.36741],[-98.89,22.35509],[-98.92554,22.37175],[-98.93197,22.39278],[-99.0604,22.41527],[-99.23684,22.41286],[-99.32962,22.63489],[-99.3732,22.62908],[-99.38555,22.67027],[-99.44205,22.66362],[-99.47713,22.74064],[-99.49679,22.7485],[-99.54433,22.74414],[-99.49454,22.62087],[-99.53469,22.61276],[-99.56064,22.64122],[-99.68254,22.68112],[-99.72409,22.65961],[-99.81403,22.66077],[-99.84792,22.67844],[-99.84282,22.73056],[-99.8824,22.74986],[-99.95696,22.75167],[-100.02234,22.72592],[-100.10192,22.76279],[-100.02938,22.82439],[-100.04424,22.91789],[-100.11038,22.91671],[-100.11085,22.97572],[-100.08942,22.96876],[-100.09746,23.01309],[-100.07166,22.99736],[-100.0621,23.03984],[-100.01136,23.06536],[-100.06903,23.09594],[-100.06874,23.12116],[-100.1156,23.12599],[-100.11829,23.20055],[-100.07804,23.30598],[-100.14495,23.33952],[-100.08026,23.39575],[-99.92125,23.37919],[-99.96119,23.55689],[-99.86066,23.77446],[-99.76901,23.78449],[-99.60217,23.76287],[-99.57668,23.77546],[-99.49379,23.87869],[-99.45687,23.86606],[-99.48694,23.9605],[-99.54091,23.99727],[-99.54189,24.03365],[-99.5709,24.03937],[-99.65708,24.118],[-99.64782,24.2181],[-99.59429,24.33091],[-99.58993,24.39614],[-99.63638,24.50667],[-99.7198,24.48371],[-99.73298,24.55399],[-99.60945,24.62249],[-99.54622,24.61307],[-99.54506,24.62652],[-99.49945,24.64126],[-99.50073,24.67917],[-99.47774,24.71262],[-99.38941,24.73979],[-99.36438,24.77176],[-99.29493,24.80414],[-99.21289,24.77167],[-99.18197,24.77604],[-99.20743,24.86139],[-99.15894,24.91599],[-99.18095,25.01154],[-99.15652,25.02785],[-99.16059,25.05528],[-99.09761,25.06312],[-99.05247,25.12713],[-99.0288,25.11035],[-99.01906,25.06993],[-98.93417,25.07276],[-98.42313,25.44749],[-98.42158,25.48936],[-98.58175,25.48936],[-98.58513,26.01792],[-98.82323,26.04765],[-98.90075,25.96832],[-99.02387,26.1041],[-99.07654,26.07186],[-99.09767,26.08075],[-99.13091,26.06882],[-99.12631,26.05402],[-99.16008,26.06123],[-99.19784,26.25868],[-99.26,26.25285],[-99.36415,26.32927],[-99.40124,26.3048],[-99.43095,26.3513],[-99.39682,26.59657],[-99.53834,26.6646],[-99.65916,26.67037],[-99.65719,26.69512],[-99.61858,26.72647],[-99.61285,26.79163],[-99.58084,26.83011],[-99.59105,26.86255],[-99.62705,26.87046],[-99.63003,26.89029],[-99.66139,26.90084],[-99.68722,26.89455],[-99.69402,26.9093],[-99.7211,26.8965],[-99.74435,26.91216],[-99.76667,26.88984],[-99.77013,26.92842],[-99.73417,26.92061],[-99.65005,27.06586],[-99.67892,27.10245],[-99.74767,27.27725],[-99.76038,27.43696],[-99.91915,27.49152],[-99.92642,27.54916],[-99.7266,27.67728]]]]}},{"type":"Feature","properties":{"cve_ent":"29","estado":"Tlaxcala"},"geometry":{"type":"MultiPolygon","coordinates":[[[[-98.05625,19.72602],[-98.03638,19.68552],[-98.04221,19.64022],[-97.98068,19.62854],[-97.94671,19.58563],[-97.91615,19.59402],[-97.87181,19.56177],[-97.88975,19.50458],[-97.84874,19.48278],[-97.86227,19.45618],[-97.79454,19.49837],[-97.79686,19.47244],[-97.7548,19.45754],[-97.67386,19.36747],[-97.63145,19.3554],[-97.63312,19.31616],[-97.69093,19.28589],[-97.71964,19.30475],[-97.73833,19.2871],[-97.74509,19.30526],[-97.77139,19.28375],[-97.83927,19.30138],[-97.83843,19.28726],[-97.87029,19.27059],[-97.85405,19.25733],[-97.87049,19.24006],[-97.85099,19.22293],[-97.9282,19.16421],[-98.03169,19.23094],[-98.11016,19.14321],[-98.16618,19.10507],[-98.20435,19.11493],[-98.19071,19.13999],[-98.22304,19.13664],[-98.23024,19.15673],[-98.2697,19.16239],[-98.30716,19.1892],[-98.32393,19.16866],[-98.34271,19.17794],[-98.33068,19.20015],[-98.36892,19.22612],[-98.41009,19.29134],[-98.40772,19.31593],[-98.44127,19.32525],[-98.47028,19.36083],[-98.52319,19.46087],[-98.57028,19.46677],[-98.59128,19.44921],[-98.65323,19.46599],[-98.7084,19.5476],[-98.68138,19.59828],[-98.60984,19.60201],[-98.56636,19.64112],[-98.5504,19.61858],[-98.53558,19.63442],[-98.51924,19.6024],[-98.49161,19.60737],[-98.4902,19.61995],[-98.3817,19.60936],[-98.3238,19.6853],[-98.33167,19.72232],[-98.25532,19.71883],[-98.24107,19.67584],[-98.16556,19.66748],[-98.11774,19.68826],[-98.10101,19.66805],[-98.05625,19.72602]]]]}},{"type":"Feature","properties":{"cve_ent":"30","estado":"Veracruz de Ignacio de la Llave"},"geometry":{"type":"MultiPolygon","coordinates":[[[[-96.09229,19.17375],[-96.0924,19.17375],[-96.0925,19.17377],[-96.0926,19.17382],[-96.09269,19.1739],[-96.09276,19.17398],[-96.0928,19.17405],[-96.09287,19.17413],[-96.09295,19.17423],[-96.09294,19.17437],[-96.0929,19.17455],[-96.09285,19.1747],[-96.0928,19.17475],[-96.09277,19.17489],[-96.09276,19.17503],[-96.09286,19.17528],[-96.09293,19.17549],[-96.09293,19.17572],[-96.09295,19.17586],[-96.09295,19.17618],[-96.09293,19.17641],[-96.09283,19.17654],[-96.09274,19.17666],[-96.09259,19.17685],[-96.09247,19.177],[-96.09232,19.17715],[-96.09223,19.17722],[-96.09213,19.17725],[-96.09201,19.17719],[-96.0919,19.17708],[-96.09187,19.17694],[-96.09186,19.17684],[-96.0918,19.17675],[-96.09176,19.17667],[-96.09173,19.17658],[-96.09163,19.17649],[-96.09148,19.17638],[-96.0914,19.17631],[-96.09137,19.1762],[-96.09129,19.17612],[-96.09117,19.17593],[-96.0911,19.17576],[-96.09104,19.17559],[-96.09098,19.17545],[-96.09099,19.17533],[-96.09105,19.17523],[-96.09115,19.17507],[-96.09123,19.1749],[-96.09131,19.17472],[-96.0914,19.17456],[-96.09148,19.17442],[-96.09156,19.1743],[-96.09171,19.17417],[-96.09183,19.17408],[-96.09193,19.17398],[-96.09203,19.17392],[-96.09209,19.17387],[-96.09222,19.17378],[-96.09229,19.17375]]],[[[-97.22132,21.47661],[-97.22133,21.47648],[-97.22134,21.47629],[-97.22152,21.47611],[-97.22178,21.47591],[-97.22209,21.47574],[-97.22237,21.47559],[-97.22236,21.47544],[-97.22265,21.4753],[-97.22286,21.47517],[-97.22312,21.47497],[-97.22336,21.47476],[-97.22362,21.47453],[-97.22389,21.47431],[-97.22417,21.47407],[-97.22451,21.47376],[-97.2248,21.47348],[-97.22504,21.47332],[-97.22521,21.47305],[-97.22526,21.47287],[-97.22522,21.47269],[-97.22516,21.47255],[-97.22509,21.4724],[-97.22493,21.47223],[-97.22478,21.47206],[-97.22462,21.47183],[-97.22443,21.47158],[-97.22434,21.47141],[-97.22424,21.47123],[-97.22418,21.47093],[-97.22415,21.47068],[-97.22423,21.47027],[-97.22442,21.46979],[-97.22459,21.46942],[-97.22479,21.46907],[-97.22504,21.46874],[-97.22523,21.46858],[-97.22559,21.46838],[-97.22596,21.46824],[-97.22643,21.46816],[-97.2269,21.46813],[-97.22749,21.46813],[-97.22797,21.46804],[-97.22834,21.46806],[-97.22864,21.46812],[-97.22884,21.46823],[-97.22897,21.46835],[-97.2292,21.4684],[-97.22942,21.46848],[-97.22963,21.46853],[-97.22982,21.46853],[-97.23015,21.46855],[-97.23028,21.46859],[-97.2304,21.46865],[-97.23043,21.46873],[-97.23041,21.4688],[-97.23037,21.46884],[-97.23033,21.46885],[-97.23028,21.46886],[-97.23025,21.46881],[-97.23027,21.46874],[-97.23024,21.4687],[-97.23018,21.46869],[-97.23012,21.4687],[-97.23003,21.46878],[-97.2299,21.46883],[-97.22971,21.46888],[-97.22955,21.46894],[-97.22938,21.46906],[-97.22922,21.46921],[-97.22911,21.46931],[-97.22898,21.46942],[-97.22882,21.46946],[-97.22871,21.46943],[-97.22851,21.46946],[-97.22814,21.46958],[-97.22784,21.46976],[-97.22758,21.46996],[-97.22738,21.47019],[-97.22714,21.47051],[-97.22692,21.47086],[-97.22677,21.47118],[-97.22667,21.47137],[-97.22653,21.47181],[-97.22654,21.47192],[-97.22661,21.47198],[-97.22683,21.47197],[-97.22706,21.47193],[-97.22726,21.47193],[-97.22753,21.47189],[-97.22779,21.47187],[-97.2278,21.47187],[-97.22796,21.47185],[-97.2281,21.47182],[-97.22822,21.47185],[-97.22828,21.47178],[-97.22819,21.47167],[-97.22818,21.47162],[-97.22824,21.47162],[-97.2283,21.47165],[-97.22841,21.47175],[-97.22845,21.47185],[-97.22842,21.47193],[-97.22837,21.472],[-97.22848,21.4724],[-97.22852,21.47253],[-97.2285,21.47267],[-97.2282,21.47271],[-97.2279,21.47278],[-97.22763,21.47286],[-97.22733,21.47291],[-97.22701,21.47299],[-97.22681,21.47312],[-97.2266,21.47316],[-97.22639,21.47326],[-97.22625,21.47341],[-97.22619,21.47345],[-97.22613,21.47345],[-97.2261,21.47353],[-97.22604,21.47356],[-97.22597,21.4736],[-97.22591,21.47361],[-97.22583,21.47361],[-97.22578,21.47358],[-97.22579,21.47365],[-97.22573,21.47369],[-97.22567,21.47375],[-97.22562,21.47381],[-97.22557,21.47388],[-97.22555,21.47392],[-97.2255,21.47399],[-97.22542,21.47409],[-97.22537,21.47416],[-97.22531,21.47423],[-97.22525,21.47428],[-97.22519,21.4743],[-97.22511,21.47432],[-97.22501,21.47436],[-97.22497,21.47442],[-97.22488,21.47449],[-97.22484,21.4745],[-97.22478,21.4745],[-97.22479,21.47453],[-97.22474,21.47458],[-97.22472,21.47461],[-97.22454,21.47476],[-97.22452,21.47481],[-97.22444,21.47489],[-97.22438,21.47498],[-97.22433,21.47502],[-97.22429,21.47511],[-97.22422,21.47517],[-97.2242,21.4752],[-97.22415,21.47523],[-97.2241,21.47527],[-97.22408,21.47532],[-97.22403,21.47537],[-97.22399,21.4754],[-97.22395,21.47543],[-97.22393,21.47547],[-97.2239,21.4755],[-97.22387,21.47551],[-97.22383,21.47552],[-97.2238,21.47556],[-97.22369,21.4756],[-97.22362,21.47564],[-97.22357,21.47567],[-97.2235,21.4757],[-97.22344,21.47569],[-97.22344,21.47576],[-97.2234,21.4758],[-97.22335,21.47589],[-97.22328,21.47592],[-97.22323,21.47591],[-97.22317,21.47589],[-97.2231,21.4759],[-97.22307,21.47597],[-97.22301,21.47601],[-97.22295,21.47599],[-97.22285,21.47606],[-97.22279,21.47606],[-97.2227,21.47615],[-97.22249,21.47624],[-97.22241,21.47627],[-97.22237,21.47639],[-97.2223,21.47641],[-97.22218,21.47647],[-97.22218,21.47659],[-97.22219,21.47665],[-97.22213,21.4767],[-97.22203,21.47654],[-97.22152,21.4766],[-97.22148,21.47668],[-97.22147,21.47676],[-97.22143,21.477],[-97.22143,21.47731],[-97.22143,21.47759],[-97.22085,21.47757],[-97.22084,21.47729],[-97.22102,21.47729],[-97.22103,21.47699],[-97.22118,21.47698],[-97.22132,21.47661]]],[[[-98.20883,22.46476],[-98.19256,22.46706],[-98.18749,22.42387],[-98.11354,22.3953],[-98.10621,22.36671],[-98.08602,22.37015],[-98.07426,22.34778],[-97.99002,22.35086],[-97.97051,22.32805],[-97.98398,22.30467],[-97.99895,22.31433],[-98.00032,22.29743],[-97.95671,22.29389],[-97.89496,22.22238],[-97.84489,22.20697],[-97.82482,22.24415],[-97.77435,22.26392],[-97.79371,22.2497],[-97.78525,22.16633],[-97.69807,21.95648],[-97.56433,21.77079],[-97.3279,21.56717],[-97.35059,21.45661],[-97.41444,21.32539],[-97.42024,21.2309],[-97.32628,21.00566],[-97.20517,20.77613],[-97.17747,20.66209],[-96.71019,20.16522],[-96.57433,20.00521],[-96.55171,19.95451],[-96.4495,19.8492],[-96.40107,19.72533],[-96.37562,19.56644],[-96.31264,19.47866],[-96.32174,19.41434],[-96.30338,19.3364],[-96.25208,19.28287],[-96.16471,19.24662],[-96.15378,19.22941],[-96.17156,19.24694],[-96.16496,19.21942],[-96.1235,19.21387],[-96.12033,19.2036],[-96.14028,19.21006],[-96.09271,19.15153],[-96.10504,19.12369],[-96.0826,19.07767],[-96.03147,19.05669],[-95.97816,19.06533],[-95.95962,18.96162],[-95.92821,18.88671],[-95.86227,18.8325],[-95.75038,18.79541],[-95.64481,18.73581],[-95.49494,18.71286],[-95.18898,18.70974],[-95.13074,18.67429],[-95.12164,18.65249],[-95.07953,18.64191],[-95.03381,18.57234],[-94.98795,18.55445],[-94.81657,18.53858],[-94.73653,18.39389],[-94.6231,18.28713],[-94.607,18.20404],[-94.53979,18.16121],[-94.47552,18.15058],[-94.37298,18.16142],[-94.13003,18.21285],[-94.12692,18.16825],[-94.10468,18.17395],[-94.09468,18.16067],[-94.10044,18.12592],[-94.08111,18.09577],[-94.09716,18.07863],[-94.07436,18.05859],[-94.08375,18.00646],[-94.06652,18.0094],[-94.0614,17.98812],[-94.09199,17.96193],[-94.08343,17.86987],[-94.03316,17.87256],[-94.02595,17.84038],[-93.96779,17.84525],[-93.94011,17.75317],[-93.87705,17.75656],[-93.87,17.71354],[-93.82659,17.71919],[-93.80515,17.68936],[-93.73851,17.67937],[-93.74658,17.66011],[-93.73288,17.62576],[-93.71318,17.63067],[-93.65671,17.55534],[-93.6136,17.55251],[-93.63734,17.50981],[-93.6241,17.49346],[-93.65041,17.45885],[-93.6366,17.45528],[-93.63821,17.43609],[-93.673,17.41992],[-93.69492,17.3878],[-93.63496,17.3377],[-93.6415,17.31795],[-93.60794,17.31493],[-93.66441,17.28619],[-93.66269,17.25628],[-93.80145,17.24038],[-93.82714,17.1725],[-93.86092,17.16374],[-93.86743,17.13696],[-94.92281,17.19379],[-94.89543,17.25638],[-94.91477,17.29258],[-94.89078,17.31106],[-94.92716,17.32514],[-94.95098,17.31565],[-94.96651,17.33437],[-95.07657,17.37293],[-95.25305,17.60781],[-95.27885,17.61324],[-95.24841,17.62558],[-95.259,17.62901],[-95.24823,17.64598],[-95.24193,17.63496],[-95.18813,17.6507],[-95.18244,17.69106],[-95.23891,17.73926],[-95.25867,17.72854],[-95.26903,17.74093],[-95.26555,17.71754],[-95.29781,17.72214],[-95.33381,17.67518],[-95.34376,17.68366],[-95.40716,17.64333],[-95.42549,17.64747],[-95.45446,17.6111],[-95.47314,17.60911],[-95.46302,17.59639],[-95.47934,17.58783],[-95.48418,17.6019],[-95.53111,17.57061],[-95.53146,17.55616],[-95.55555,17.55864],[-95.58533,17.53503],[-95.65359,17.56049],[-95.64847,17.53989],[-95.68515,17.53753],[-95.7021,17.51849],[-95.72515,17.53623],[-95.7269,17.57803],[-95.78175,17.60303],[-95.79185,17.58636],[-95.80755,17.59184],[-95.80349,17.6071],[-95.77366,17.60585],[-95.78111,17.63888],[-95.80331,17.62937],[-95.87102,17.70217],[-95.89529,17.70449],[-95.87281,17.72741],[-95.89263,17.72072],[-95.90286,17.7341],[-95.89292,17.76514],[-95.86639,17.77435],[-95.84934,17.82585],[-95.85882,17.84478],[-95.79992,17.95001],[-95.83317,18.12903],[-95.90716,18.13564],[-95.91465,18.1522],[-95.93334,18.14167],[-95.95346,18.15987],[-96.05139,18.12674],[-96.09918,18.16684],[-96.15423,18.1318],[-96.18828,18.1513],[-96.17069,18.18638],[-96.21748,18.16197],[-96.28824,18.25976],[-96.26916,18.27398],[-96.27076,18.29782],[-96.30995,18.32235],[-96.31733,18.36454],[-96.34534,18.3797],[-96.35259,18.41025],[-96.40298,18.43992],[-96.42076,18.51046],[-96.46107,18.57304],[-96.49993,18.58953],[-96.56095,18.5877],[-96.68302,18.66969],[-96.6887,18.63879],[-96.67246,18.60757],[-96.70215,18.58123],[-96.69963,18.55334],[-96.7156,18.57324],[-96.7269,18.52983],[-96.68154,18.50327],[-96.70971,18.42995],[-96.68104,18.4122],[-96.67505,18.38423],[-96.69625,18.36475],[-96.69772,18.38207],[-96.74104,18.38261],[-96.72492,18.40818],[-96.75909,18.40826],[-96.76319,18.42705],[-96.78101,18.42907],[-96.79701,18.51194],[-96.81345,18.51762],[-96.84236,18.49339],[-96.89925,18.54865],[-96.92594,18.53493],[-96.95433,18.55383],[-96.99892,18.53192],[-97.07997,18.45451],[-97.08347,18.48394],[-97.14456,18.57093],[-97.14144,18.59642],[-97.23543,18.64357],[-97.27185,18.62778],[-97.3032,18.67429],[-97.32318,18.66431],[-97.34397,18.68576],[-97.35003,18.71714],[-97.33006,18.76597],[-97.35285,18.77436],[-97.35303,18.79128],[-97.32635,18.81025],[-97.29731,18.86731],[-97.24182,18.90214],[-97.25826,18.97771],[-97.28513,18.99943],[-97.26663,19.03031],[-97.2614,19.09663],[-97.1972,19.14656],[-97.20963,19.15985],[-97.19459,19.17181],[-97.06669,19.15946],[-97.05563,19.134],[-97.02705,19.13324],[-97.05615,19.19767],[-97.00123,19.23655],[-96.98556,19.2794],[-97.03099,19.29733],[-97.04551,19.32128],[-97.102,19.30362],[-97.17021,19.32902],[-97.20027,19.30926],[-97.21561,19.32332],[-97.21021,19.35944],[-97.28497,19.39164],[-97.33775,19.39253],[-97.36045,19.37603],[-97.39736,19.41906],[-97.35728,19.43238],[-97.34826,19.48463],[-97.40456,19.49587],[-97.43428,19.58885],[-97.41847,19.62722],[-97.40275,19.61534],[-97.34116,19.67575],[-97.30393,19.67116],[-97.33314,19.71678],[-97.31378,19.73514],[-97.30456,19.87069],[-97.25581,19.93246],[-97.26925,19.94703],[-97.26067,19.97725],[-97.20693,20.01467],[-97.20615,20.05635],[-97.12241,20.13672],[-97.15136,20.13754],[-97.14999,20.16061],[-97.16441,20.15183],[-97.24404,20.18228],[-97.28319,20.18111],[-97.36551,20.21575],[-97.37824,20.24926],[-97.40817,20.23209],[-97.44528,20.24616],[-97.46429,20.22423],[-97.46506,20.18022],[-97.50538,20.15394],[-97.49484,20.13735],[-97.58603,20.07933],[-97.59571,20.09689],[-97.57865,20.10252],[-97.60274,20.11931],[-97.60449,20.16687],[-97.6328,20.18323],[-97.65244,20.16357],[-97.68683,20.16581],[-97.69872,20.18238],[-97.73926,20.18925],[-97.73511,20.24239],[-97.7573,20.27908],[-97.6814,20.30243],[-97.68986,20.32009],[-97.67313,20.33661],[-97.67934,20.34992],[-97.70069,20.31992],[-97.74288,20.3512],[-97.74445,20.38011],[-97.76564,20.38123],[-97.7346,20.45131],[-97.70919,20.45511],[-97.67208,20.40853],[-97.64541,20.40832],[-97.63537,20.45219],[-97.59588,20.46399],[-97.57605,20.4909],[-97.54104,20.48971],[-97.58795,20.56107],[-97.63666,20.55371],[-97.6482,20.56631],[-97.65897,20.54512],[-97.68477,20.55426],[-97.68517,20.57344],[-97.7019,20.57187],[-97.69342,20.60268],[-97.71539,20.60908],[-97.70447,20.62922],[-97.74951,20.64332],[-97.73707,20.67966],[-97.75754,20.69347],[-97.75297,20.73237],[-97.72282,20.74999],[-97.72598,20.79165],[-97.69518,20.80004],[-97.73891,20.80153],[-97.773,20.8272],[-97.83025,20.80796],[-97.85012,20.81692],[-97.84109,20.83931],[-97.87912,20.83428],[-97.92245,20.71652],[-97.89743,20.70321],[-97.91783,20.67124],[-97.89515,20.6227],[-97.90969,20.58638],[-97.98082,20.54071],[-97.97933,20.51493],[-98.01727,20.52599],[-98.02101,20.62678],[-98.0749,20.67655],[-98.08718,20.62288],[-98.11179,20.61594],[-98.15804,20.54256],[-98.22845,20.52101],[-98.31214,20.44977],[-98.32101,20.41801],[-98.38615,20.40271],[-98.46208,20.33122],[-98.5174,20.33685],[-98.54862,20.35975],[-98.54969,20.43536],[-98.59729,20.49577],[-98.53467,20.53066],[-98.51225,20.59422],[-98.48018,20.589],[-98.49485,20.64434],[-98.42928,20.71627],[-98.42365,20.74772],[-98.52505,20.68184],[-98.5334,20.66272],[-98.55018,20.68939],[-98.50644,20.73312],[-98.51665,20.74289],[-98.50361,20.73223],[-98.44973,20.75135],[-98.46323,20.78518],[-98.43064,20.84767],[-98.34515,20.86485],[-98.35287,20.83601],[-98.31484,20.80982],[-98.34467,20.79749],[-98.32852,20.7841],[-98.30783,20.80192],[-98.29881,20.77784],[-98.23365,20.79756],[-98.22471,20.81824],[-98.25377,20.82149],[-98.2655,20.86654],[-98.25097,20.8973],[-98.22486,20.90636],[-98.23739,20.93478],[-98.22824,20.95802],[-98.21438,20.95605],[-98.20158,21.01248],[-98.18827,21.03131],[-98.16116,21.01913],[-98.14736,21.07845],[-98.17486,21.10622],[-98.20169,21.10614],[-98.19515,21.12036],[-98.21682,21.15147],[-98.24911,21.1294],[-98.28217,21.13642],[-98.29592,21.15361],[-98.27913,21.19275],[-98.2979,21.1774],[-98.31586,21.18688],[-98.35075,21.15714],[-98.41644,21.15498],[-98.44677,21.17981],[-98.45695,21.21483],[-98.47966,21.22389],[-98.46836,21.24965],[-98.51654,21.24427],[-98.54398,21.2639],[-98.49562,21.34042],[-98.46484,21.34776],[-98.4687,21.38703],[-98.48642,21.39852],[-98.50121,21.38546],[-98.51919,21.4013],[-98.53226,21.50114],[-98.60225,21.54043],[-98.62575,21.58546],[-98.62113,21.62782],[-98.64363,21.63168],[-98.60947,21.66723],[-98.622,21.68238],[-98.5792,21.67195],[-98.55826,21.68767],[-98.56743,21.71737],[-98.54384,21.72339],[-98.53074,21.69727],[-98.52053,21.71023],[-98.53741,21.72062],[-98.51667,21.71685],[-98.49895,21.72724],[-98.50422,21.73805],[-98.47692,21.74522],[-98.4676,21.7707],[-98.4547,21.76643],[-98.47504,21.81419],[-98.49312,21.81394],[-98.48632,21.83627],[-98.51448,21.82389],[-98.52886,21.86318],[-98.54803,21.86011],[-98.5382,21.90581],[-98.5202,21.89699],[-98.5108,21.9087],[-98.54587,21.91735],[-98.54385,21.93212],[-98.50045,21.92315],[-98.50315,21.93663],[-98.5156,21.95127],[-98.56602,21.93764],[-98.57884,21.96609],[-98.55067,21.96075],[-98.522,21.97943],[-98.4932,21.96041],[-98.46881,21.9646],[-98.48148,21.99051],[-98.45954,21.99517],[-98.43465,22.05167],[-98.43945,22.07565],[-98.41883,22.09802],[-98.43874,22.11191],[-98.43202,22.12827],[-98.33655,22.18769],[-98.33041,22.20134],[-98.35226,22.2228],[-98.32597,22.24305],[-98.37456,22.23608],[-98.36814,22.25537],[-98.40509,22.25608],[-98.39638,22.27626],[-98.43037,22.2746],[-98.44666,22.30562],[-98.47591,22.28864],[-98.53521,22.33788],[-98.57929,22.34863],[-98.57932,22.37776],[-98.68155,22.37157],[-98.67089,22.40567],[-98.63816,22.41452],[-98.57494,22.39395],[-98.52536,22.40678],[-98.50639,22.42927],[-98.46681,22.4288],[-98.46096,22.41219],[-98.43717,22.43359],[-98.40954,22.39993],[-98.38475,22.42234],[-98.38781,22.38928],[-98.35523,22.40745],[-98.35227,22.3887],[-98.31758,22.39097],[-98.31271,22.41427],[-98.32736,22.42647],[-98.31222,22.44522],[-98.31682,22.46856],[-98.28737,22.46703],[-98.27294,22.44729],[-98.24793,22.47166],[-98.20883,22.46476]]]]}},{"type":"Feature","properties":{"cve_ent":"31","estado":"Yucatán"},"geometry":{"type":"MultiPolygon","coordinates":[[[[-92.2241,20.908],[-92.2247,20.9073],[-92.2253,20.9074],[-92.2264,20.9078],[-92.2266,20.9079],[-92.2274,20.9077],[-92.2275,20.9073],[-92.2277,20.9065],[-92.2279,20.9058],[-92.2282,20.905],[-92.2295,20.9043],[-92.2302,20.9039],[-92.2312,20.9035],[-92.2322,20.903],[-92.2335,20.9027],[-92.2344,20.9026],[-92.235,20.9018],[-92.2354,20.9013],[-92.236,20.9006],[-92.237,20.9005],[-92.2379,20.9002],[-92.2383,20.8997],[-92.2387,20.8989],[-92.2389,20.8985],[-92.2398,20.8984],[-92.2409,20.8989],[-92.2421,20.8994],[-92.2426,20.8999],[-92.2437,20.9003],[-92.2449,20.9009],[-92.2453,20.9018],[-92.2451,20.9026],[-92.2445,20.903],[-92.2441,20.9036],[-92.243,20.9042],[-92.242,20.9048],[-92.2411,20.9052],[-92.2397,20.9057],[-92.2393,20.9065],[-92.237,20.9073],[-92.236,20.9079],[-92.2348,20.9085],[-92.2328,20.9092],[-92.2312,20.9097],[-92.23,20.9102],[-92.2286,20.9106],[-92.2279,20.911],[-92.2275,20.9118],[-92.2271,20.9124],[-92.2261,20.9132],[-92.2253,20.9136],[-92.2247,20.9137],[-92.2228,20.9131],[-92.2224,20.9129],[-92.2218,20.9121],[-92.222,20.9112],[-92.2224,20.9102],[-92.2229,20.9096],[-92.2236,20.9088],[-92.2241,20.908]]],[[[-92.2005,20.9241],[-92.2007,20.924],[-92.2011,20.9241],[-92.2013,20.9245],[-92.2015,20.9248],[-92.2012,20.9252],[-92.201,20.9252],[-92.2006,20.9252],[-92.2002,20.9246],[-92.2003,20.9242],[-92.2005,20.9241]]],[[[-92.1982,20.9258],[-92.1989,20.9254],[-92.1996,20.9256],[-92.1996,20.9262],[-92.1993,20.9264],[-92.1988,20.9268],[-92.1984,20.9271],[-92.1982,20.9277],[-92.1979,20.9281],[-92.1976,20.9287],[-92.1973,20.9288],[-92.197,20.9285],[-92.197,20.9282],[-92.197,20.9275],[-92.1972,20.927],[-92.1975,20.9264],[-92.1982,20.9258]]],[[[-92.2041,20.925],[-92.2157,20.9139],[-92.2007,20.9346],[-92.2041,20.925]]],[[[-92.3025,20.9894],[-92.302,20.9893],[-92.3015,20.9893],[-92.3008,20.9893],[-92.3001,20.9892],[-92.2992,20.989],[-92.2986,20.9887],[-92.298,20.9882],[-92.298,20.9875],[-92.2982,20.987],[-92.2989,20.9869],[-92.2995,20.987],[-92.3003,20.9873],[-92.3009,20.9873],[-92.3015,20.987],[-92.3017,20.9864],[-92.3014,20.9858],[-92.3011,20.9854],[-92.3009,20.9852],[-92.3011,20.9844],[-92.3015,20.9843],[-92.3021,20.9841],[-92.3031,20.9842],[-92.3041,20.9839],[-92.3048,20.9835],[-92.3057,20.9831],[-92.3066,20.9824],[-92.3074,20.9814],[-92.3079,20.9803],[-92.308,20.9798],[-92.308,20.9793],[-92.3074,20.9782],[-92.3073,20.978],[-92.3067,20.9776],[-92.3064,20.9771],[-92.3071,20.9764],[-92.3082,20.9761],[-92.3095,20.9754],[-92.3105,20.9748],[-92.3114,20.9744],[-92.3129,20.9732],[-92.3137,20.9727],[-92.3148,20.9723],[-92.3162,20.9719],[-92.3171,20.9715],[-92.3186,20.9712],[-92.3198,20.9716],[-92.3197,20.972],[-92.3194,20.9729],[-92.3198,20.9737],[-92.32,20.9739],[-92.3209,20.9737],[-92.3217,20.9734],[-92.3227,20.973],[-92.3237,20.9736],[-92.3242,20.9742],[-92.3244,20.975],[-92.3241,20.9756],[-92.3238,20.9763],[-92.323,20.9768],[-92.3225,20.9771],[-92.3217,20.9776],[-92.321,20.9779],[-92.3203,20.9779],[-92.3193,20.9777],[-92.3185,20.9779],[-92.3178,20.9781],[-92.3172,20.9786],[-92.3169,20.9791],[-92.3157,20.979],[-92.3154,20.9795],[-92.315,20.98],[-92.3147,20.9801],[-92.3142,20.9801],[-92.3139,20.98],[-92.3129,20.9796],[-92.3125,20.9798],[-92.3123,20.9804],[-92.3123,20.9809],[-92.3125,20.9816],[-92.3126,20.9819],[-92.3136,20.982],[-92.3144,20.9816],[-92.3152,20.9814],[-92.3162,20.9812],[-92.3172,20.9806],[-92.3183,20.9804],[-92.3192,20.9804],[-92.3199,20.9804],[-92.3207,20.9804],[-92.3217,20.9804],[-92.3226,20.9802],[-92.3231,20.9796],[-92.324,20.9794],[-92.3245,20.9794],[-92.3252,20.9795],[-92.3257,20.9796],[-92.3263,20.98],[-92.3263,20.9802],[-92.3261,20.9807],[-92.3257,20.9811],[-92.3252,20.9816],[-92.325,20.9822],[-92.3249,20.9833],[-92.325,20.9835],[-92.3249,20.9839],[-92.3239,20.9846],[-92.3226,20.985],[-92.3215,20.9854],[-92.3206,20.9856],[-92.3202,20.9855],[-92.3202,20.985],[-92.3201,20.9844],[-92.3196,20.9841],[-92.319,20.9844],[-92.3186,20.9846],[-92.3182,20.985],[-92.318,20.985],[-92.3176,20.9845],[-92.3172,20.9846],[-92.317,20.9848],[-92.3165,20.9847],[-92.316,20.9846],[-92.3156,20.9844],[-92.3155,20.9849],[-92.3155,20.9854],[-92.3153,20.986],[-92.3152,20.9864],[-92.3151,20.9867],[-92.3143,20.9871],[-92.3141,20.9875],[-92.3136,20.9875],[-92.3128,20.9874],[-92.3127,20.987],[-92.3127,20.9866],[-92.3131,20.9862],[-92.3135,20.9859],[-92.3138,20.9857],[-92.314,20.985],[-92.3137,20.9847],[-92.3131,20.9846],[-92.3127,20.985],[-92.3123,20.9852],[-92.3121,20.9855],[-92.3117,20.9859],[-92.3114,20.9863],[-92.3112,20.9866],[-92.3108,20.9869],[-92.3105,20.9874],[-92.31,20.9877],[-92.3099,20.988],[-92.3085,20.9895],[-92.3075,20.99],[-92.307,20.9901],[-92.3066,20.9899],[-92.3064,20.9899],[-92.3063,20.9895],[-92.3058,20.9891],[-92.305,20.9892],[-92.3047,20.9899],[-92.3046,20.9899],[-92.304,20.9902],[-92.3035,20.9902],[-92.3029,20.9899],[-92.3026,20.9897],[-92.3025,20.9894]]],[[[-92.0792,21.8378],[-92.0797,21.8375],[-92.0801,21.8376],[-92.0808,21.8378],[-92.0813,21.8383],[-92.0816,21.8384],[-92.0815,21.839],[-92.0814,21.8393],[-92.0812,21.8397],[-92.0808,21.84],[-92.0805,21.8403],[-92.0799,21.8401],[-92.0796,21.8398],[-92.079,21.8393],[-92.0788,21.8388],[-92.0789,21.8382],[-92.0792,21.8378]]],[[[-88.28388,21.56449],[-88.28382,21.56447],[-88.2838,21.56446],[-88.28377,21.56443],[-88.28376,21.56443],[-88.28375,21.56441],[-88.28375,21.56438],[-88.28376,21.56438],[-88.28373,21.56435],[-88.28366,21.56427],[-88.2836,21.56423],[-88.28354,21.56415],[-88.28352,21.5641],[-88.28351,21.56399],[-88.28351,21.56399],[-88.28351,21.56398],[-88.28351,21.56398],[-88.28351,21.56397],[-88.28353,21.56391],[-88.28354,21.56383],[-88.28355,21.56376],[-88.28356,21.56371],[-88.28356,21.5637],[-88.28359,21.56367],[-88.28359,21.56366],[-88.28359,21.56364],[-88.28361,21.56353],[-88.28362,21.56351],[-88.28365,21.56342],[-88.28367,21.56337],[-88.28368,21.56332],[-88.28369,21.56329],[-88.28371,21.56326],[-88.28371,21.56325],[-88.28373,21.56322],[-88.28373,21.5632],[-88.28374,21.56317],[-88.28375,21.56311],[-88.28375,21.5631],[-88.28377,21.56307],[-88.2838,21.56307],[-88.28383,21.56306],[-88.28384,21.56306],[-88.28388,21.56303],[-88.28388,21.56302],[-88.28388,21.56301],[-88.28389,21.563],[-88.28392,21.56298],[-88.28404,21.56291],[-88.28412,21.56286],[-88.28413,21.56285],[-88.28415,21.56283],[-88.28425,21.56281],[-88.28433,21.56277],[-88.28434,21.56277],[-88.28446,21.56276],[-88.2845,21.56274],[-88.2845,21.56274],[-88.28453,21.56273],[-88.28454,21.56272],[-88.28462,21.5627],[-88.28462,21.5627],[-88.28476,21.56269],[-88.28479,21.5627],[-88.28481,21.56271],[-88.2849,21.56271],[-88.28492,21.56271],[-88.28503,21.56272],[-88.28504,21.56272],[-88.28511,21.56274],[-88.28513,21.56274],[-88.28513,21.56275],[-88.28518,21.56276],[-88.28518,21.56276],[-88.2852,21.56278],[-88.2852,21.56278],[-88.28522,21.5628],[-88.28526,21.5628],[-88.28527,21.5628],[-88.28529,21.56282],[-88.28531,21.56285],[-88.28533,21.56287],[-88.28538,21.56291],[-88.28542,21.56297],[-88.28541,21.56299],[-88.28543,21.56301],[-88.28548,21.56305],[-88.28548,21.56306],[-88.28554,21.56313],[-88.2856,21.56326],[-88.28561,21.56333],[-88.28558,21.56342],[-88.2855,21.56352],[-88.2855,21.56353],[-88.28546,21.56358],[-88.28546,21.56359],[-88.28541,21.56366],[-88.28541,21.56366],[-88.28538,21.5637],[-88.28537,21.56371],[-88.28533,21.56374],[-88.2853,21.56379],[-88.28526,21.56391],[-88.28523,21.56395],[-88.28518,21.564],[-88.28517,21.56401],[-88.28514,21.56403],[-88.28512,21.56405],[-88.2851,21.56405],[-88.28509,21.56406],[-88.28505,21.56413],[-88.28505,21.56413],[-88.28502,21.56417],[-88.28493,21.56425],[-88.28493,21.56426],[-88.28489,21.56434],[-88.28488,21.56434],[-88.28487,21.56436],[-88.28482,21.56439],[-88.2848,21.56439],[-88.28479,21.5644],[-88.28476,21.56444],[-88.28475,21.56444],[-88.28468,21.56447],[-88.28453,21.56448],[-88.28452,21.56449],[-88.28442,21.5645],[-88.2844,21.56451],[-88.28432,21.56451],[-88.28431,21.56451],[-88.2843,21.56451],[-88.28421,21.56451],[-88.28412,21.56451],[-88.28405,21.56451],[-88.28391,21.5645],[-88.28388,21.56449]]],[[[-88.00659,21.61046],[-87.95328,21.60766],[-87.68741,21.5171],[-87.53491,21.49022],[-87.53315,20.9996],[-87.74426,20.65379],[-87.96274,20.44671],[-87.99507,20.44732],[-87.99296,20.41799],[-88.13649,20.28137],[-88.26463,20.29034],[-88.26681,20.26912],[-88.30879,20.25351],[-88.40913,20.2521],[-88.40289,20.23949],[-88.44343,20.23815],[-88.51993,20.19233],[-88.50235,20.19008],[-88.50762,20.14339],[-88.57668,20.14808],[-88.69061,20.08986],[-88.70018,20.01036],[-88.7835,20.00818],[-88.8165,19.90447],[-88.82944,19.90601],[-88.82593,19.87993],[-88.88019,19.87812],[-88.87912,19.86239],[-88.90049,19.86111],[-88.9111,19.80094],[-88.92951,19.79095],[-88.94543,19.79195],[-88.94385,19.81344],[-88.97445,19.8181],[-88.99947,19.79799],[-89.00409,19.77201],[-89.02516,19.77671],[-89.04883,19.72149],[-88.99474,19.72744],[-88.99753,19.70488],[-89.03052,19.70883],[-89.0362,19.67804],[-89.1234,19.70342],[-89.13364,19.61463],[-89.10839,19.61234],[-89.10902,19.58235],[-89.14952,19.58125],[-89.14486,19.6374],[-89.1892,19.64401],[-89.19025,19.63332],[-89.22287,19.63666],[-89.21956,19.60802],[-89.29656,19.55117],[-89.41248,19.64938],[-89.44811,19.69835],[-89.4683,19.70016],[-89.49166,19.74223],[-89.47915,19.74065],[-89.47591,19.77122],[-89.52567,19.77555],[-89.5875,19.87442],[-89.58681,19.92046],[-89.60467,19.93828],[-89.5987,19.9982],[-89.74847,20.17927],[-89.79397,20.13617],[-89.80251,20.20161],[-89.84616,20.20969],[-89.84068,20.25103],[-89.87566,20.2531],[-89.87238,20.28763],[-89.83796,20.28718],[-90.00417,20.48702],[-90.04169,20.46645],[-90.06721,20.42523],[-90.13157,20.44308],[-90.1863,20.43693],[-90.18479,20.46105],[-90.23421,20.47047],[-90.22924,20.54356],[-90.33524,20.54131],[-90.33524,20.57635],[-90.34114,20.5537],[-90.38665,20.55559],[-90.37936,20.84833],[-90.40699,20.84862],[-90.3384,21.00542],[-90.09461,21.15555],[-89.99663,21.17624],[-89.84513,21.25081],[-89.66677,21.28751],[-89.68111,21.34919],[-89.66465,21.28873],[-89.6457,21.28955],[-88.84062,21.39787],[-88.69474,21.45107],[-88.60632,21.52482],[-88.39755,21.56539],[-88.26991,21.55566],[-88.14332,21.62398],[-88.00659,21.61046]]],[[[-91.3869,22.1107],[-91.3872,22.1106],[-91.3875,22.1109],[-91.3876,22.1113],[-91.3875,22.1116],[-91.3869,22.112],[-91.3866,22.1123],[-91.3864,22.1124],[-91.386,22.1123],[-91.3859,22.1119],[-91.3859,22.1115],[-91.386,22.1114],[-91.3863,22.1111],[-91.3865,22.111],[-91.3869,22.1107]]],[[[-91.3809,22.1173],[-91.3805,22.1171],[-91.3802,22.1166],[-91.3803,22.1165],[-91.3806,22.1163],[-91.3812,22.116],[-91.3816,22.1157],[-91.382,22.1157],[-91.3825,22.1155],[-91.383,22.1154],[-91.3835,22.1154],[-91.3839,22.1161],[-91.384,22.1164],[-91.3836,22.117],[-91.3832,22.1171],[-91.3828,22.1174],[-91.3822,22.1172],[-91.3819,22.1173],[-91.3816,22.1172],[-91.3809,22.1173]]],[[[-91.4082,22.1175],[-91.4087,22.1175],[-91.4091,22.1178],[-91.4092,22.1181],[-91.4093,22.1185],[-91.4092,22.1191],[-91.4088,22.1192],[-91.4083,22.1192],[-91.4079,22.1191],[-91.4074,22.1183],[-91.4073,22.118],[-91.4073,22.1178],[-91.4077,22.1176],[-91.4082,22.1175]]],[[[-91.4055,22.1192],[-91.4052,22.1189],[-91.405,22.1189],[-91.4049,22.1187],[-91.4048,22.1183],[-91.4045,22.1178],[-91.4045,22.1176],[-91.4049,22.1175],[-91.4053,22.1175],[-91.4056,22.1178],[-91.4057,22.118],[-91.4058,22.1183],[-91.4058,22.1186],[-91.4059,22.1189],[-91.4059,22.1192],[-91.4058,22.1192],[-91.4055,22.1192]]],[[[-91.3884,22.122],[-91.3886,22.1219],[-91.3889,22.122],[-91.3894,22.1222],[-91.3896,22.1226],[-91.3898,22.1228],[-91.3899,22.1229],[-91.3897,22.1233],[-91.3896,22.1236],[-91.3895,22.1236],[-91.3891,22.1236],[-91.3887,22.1234],[-91.3884,22.1231],[-91.3881,22.1228],[-91.3881,22.1223],[-91.3883,22.1222],[-91.3884,22.122]]],[[[-89.66281,22.36859],[-89.6636,22.36838],[-89.66403,22.36897],[-89.66422,22.36949],[-89.66401,22.37006],[-89.66432,22.37067],[-89.6639,22.37135],[-89.66263,22.37154],[-89.66239,22.3709],[-89.66267,22.37031],[-89.66291,22.36939],[-89.66281,22.36859]]],[[[-89.66796,22.36903],[-89.6685,22.36825],[-89.66983,22.36883],[-89.6704,22.36829],[-89.6717,22.36768],[-89.67378,22.36755],[-89.674,22.36796],[-89.67394,22.36863],[-89.67317,22.36914],[-89.67173,22.36961],[-89.67084,22.37021],[-89.6702,22.37098],[-89.66943,22.3714],[-89.66858,22.37167],[-89.66698,22.37286],[-89.6657,22.37275],[-89.66506,22.37183],[-89.66536,22.37084],[-89.66652,22.36949],[-89.66796,22.36903]]],[[[-89.6674,22.37927],[-89.66819,22.37909],[-89.66858,22.3799],[-89.668,22.38062],[-89.66693,22.38039],[-89.66695,22.37962],[-89.6674,22.37927]]],[[[-89.67464,22.38072],[-89.67422,22.37999],[-89.67383,22.37927],[-89.67258,22.37848],[-89.67274,22.37759],[-89.67413,22.37742],[-89.67461,22.37689],[-89.67576,22.37698],[-89.67654,22.37773],[-89.67826,22.37766],[-89.67929,22.37814],[-89.67973,22.37965],[-89.68015,22.38031],[-89.67926,22.38112],[-89.67856,22.3815],[-89.67759,22.38071],[-89.67686,22.38092],[-89.6764,22.38134],[-89.67496,22.38147],[-89.67464,22.38072]]],[[[-89.68097,22.38031],[-89.68154,22.37996],[-89.68199,22.38021],[-89.68192,22.38093],[-89.68109,22.38188],[-89.68092,22.38248],[-89.68039,22.38313],[-89.68003,22.38371],[-89.67979,22.38329],[-89.67928,22.38293],[-89.67912,22.38216],[-89.67961,22.38151],[-89.68016,22.38105],[-89.68097,22.38031]]],[[[-89.67779,22.38762],[-89.67828,22.38724],[-89.67917,22.38749],[-89.67942,22.3883],[-89.6801,22.38938],[-89.67964,22.39012],[-89.67904,22.39032],[-89.67824,22.38983],[-89.67787,22.38896],[-89.67772,22.3884],[-89.67779,22.38762]]],[[[-89.67456,22.38827],[-89.67559,22.38835],[-89.6759,22.38874],[-89.67616,22.38942],[-89.67557,22.39039],[-89.67452,22.39047],[-89.67416,22.38974],[-89.67411,22.3889],[-89.67456,22.38827]]],[[[-89.72612,22.42714],[-89.72556,22.42676],[-89.72522,22.42688],[-89.72486,22.42693],[-89.72458,22.42651],[-89.72447,22.42611],[-89.72467,22.4256],[-89.72511,22.42518],[-89.72535,22.42468],[-89.72591,22.4243],[-89.72711,22.42476],[-89.72843,22.42429],[-89.72929,22.42455],[-89.72955,22.42559],[-89.72907,22.42607],[-89.72838,22.42635],[-89.72925,22.42664],[-89.72945,22.42733],[-89.72848,22.42849],[-89.72712,22.42867],[-89.72623,22.42847],[-89.72611,22.42779],[-89.72612,22.42714]]],[[[-89.71974,22.42748],[-89.72021,22.42748],[-89.72063,22.42759],[-89.72092,22.42779],[-89.72089,22.42808],[-89.7207,22.4285],[-89.72003,22.42862],[-89.71982,22.42828],[-89.71978,22.42795],[-89.71974,22.42748]]],[[[-89.71635,22.43183],[-89.7161,22.43139],[-89.71616,22.43043],[-89.71714,22.43027],[-89.71823,22.43048],[-89.71915,22.43031],[-89.72023,22.43052],[-89.7199,22.43134],[-89.71866,22.43175],[-89.71787,22.43166],[-89.71704,22.43207],[-89.71635,22.43183]]],[[[-89.72787,22.43272],[-89.72826,22.43271],[-89.72855,22.43302],[-89.7285,22.43348],[-89.72809,22.43347],[-89.72748,22.43358],[-89.7272,22.43321],[-89.7273,22.43281],[-89.72787,22.43272]]],[[[-89.73043,22.43389],[-89.73038,22.43277],[-89.73032,22.43171],[-89.72974,22.43128],[-89.72941,22.43087],[-89.72926,22.43027],[-89.72858,22.42979],[-89.72793,22.42954],[-89.72731,22.42949],[-89.72711,22.42923],[-89.72702,22.42895],[-89.72772,22.42895],[-89.72835,22.4289],[-89.72865,22.42879],[-89.72904,22.42842],[-89.72943,22.42798],[-89.72973,22.42737],[-89.72973,22.42693],[-89.72989,22.42632],[-89.73035,22.42563],[-89.73079,22.4256],[-89.73126,22.42566],[-89.73129,22.42534],[-89.73131,22.42489],[-89.7317,22.42469],[-89.7322,22.42482],[-89.73248,22.42518],[-89.73291,22.4255],[-89.73336,22.42578],[-89.73342,22.42617],[-89.73323,22.42654],[-89.73328,22.42717],[-89.73362,22.4273],[-89.73381,22.42765],[-89.73308,22.42779],[-89.73317,22.42837],[-89.73227,22.42859],[-89.73099,22.42897],[-89.73032,22.42949],[-89.73117,22.42985],[-89.73272,22.42988],[-89.73354,22.42994],[-89.73379,22.43059],[-89.73304,22.43087],[-89.73166,22.43119],[-89.73278,22.43147],[-89.73384,22.43122],[-89.73438,22.43155],[-89.73432,22.43222],[-89.73352,22.43298],[-89.73326,22.43358],[-89.73453,22.43388],[-89.73599,22.4338],[-89.73688,22.4331],[-89.73779,22.43341],[-89.73771,22.43423],[-89.73825,22.43461],[-89.73784,22.43559],[-89.73673,22.43642],[-89.73563,22.43652],[-89.73476,22.43703],[-89.73331,22.43638],[-89.73186,22.43579],[-89.73075,22.43488],[-89.73043,22.43389]]],[[[-89.73553,22.43763],[-89.7374,22.43706],[-89.73902,22.43634],[-89.73903,22.4349],[-89.73901,22.43369],[-89.73959,22.43301],[-89.74116,22.4329],[-89.74251,22.43373],[-89.74381,22.43504],[-89.74286,22.43556],[-89.74089,22.43577],[-89.74074,22.43744],[-89.74137,22.43906],[-89.73903,22.43911],[-89.73863,22.43776],[-89.73788,22.4389],[-89.7366,22.44013],[-89.7355,22.43944],[-89.73553,22.43763]]],[[[-89.73153,22.43857],[-89.73215,22.43853],[-89.73248,22.43868],[-89.73272,22.43894],[-89.73303,22.43915],[-89.73315,22.43958],[-89.73318,22.43991],[-89.73341,22.44005],[-89.73345,22.4403],[-89.73317,22.44039],[-89.7329,22.44054],[-89.7327,22.44068],[-89.73231,22.44084],[-89.73189,22.44092],[-89.73152,22.44084],[-89.73143,22.44064],[-89.73126,22.44044],[-89.73088,22.44005],[-89.7306,22.43974],[-89.73068,22.43937],[-89.7308,22.43909],[-89.73115,22.4388],[-89.73153,22.43857]]],[[[-89.72771,22.44247],[-89.72736,22.44205],[-89.72707,22.44271],[-89.72687,22.44316],[-89.72597,22.4432],[-89.72543,22.44269],[-89.72578,22.44232],[-89.7261,22.4418],[-89.72615,22.4413],[-89.72644,22.44067],[-89.72678,22.4403],[-89.72707,22.44011],[-89.72696,22.43963],[-89.72763,22.43954],[-89.72815,22.43983],[-89.7288,22.43996],[-89.72937,22.44007],[-89.72938,22.4404],[-89.72931,22.44115],[-89.72881,22.44151],[-89.72913,22.4423],[-89.72937,22.44264],[-89.7294,22.44315],[-89.72909,22.44352],[-89.72862,22.44356],[-89.72833,22.44339],[-89.72802,22.44293],[-89.72771,22.44247]]],[[[-89.7236,22.44338],[-89.72422,22.44332],[-89.72477,22.44347],[-89.72549,22.44376],[-89.72589,22.44414],[-89.72572,22.44465],[-89.72584,22.44535],[-89.72556,22.44568],[-89.72449,22.44582],[-89.72382,22.44571],[-89.72317,22.44531],[-89.72314,22.44491],[-89.72307,22.44438],[-89.72308,22.44357],[-89.7236,22.44338]]],[[[-89.74264,22.47195],[-89.74402,22.47176],[-89.74477,22.47206],[-89.74472,22.47254],[-89.74443,22.47288],[-89.74424,22.47353],[-89.74432,22.4741],[-89.74461,22.47492],[-89.74447,22.47561],[-89.744,22.47588],[-89.74343,22.47599],[-89.74234,22.47591],[-89.74156,22.47518],[-89.74102,22.47472],[-89.74068,22.47415],[-89.74049,22.47341],[-89.74011,22.4726],[-89.74015,22.47218],[-89.74114,22.47195],[-89.74264,22.47195]]],[[[-89.74914,22.46504],[-89.75555,22.48416],[-89.73867,22.44022],[-89.74914,22.46504]]],[[[-89.74811,22.48432],[-89.74951,22.48395],[-89.75115,22.48444],[-89.75165,22.48533],[-89.75162,22.48635],[-89.75092,22.4869],[-89.74954,22.48709],[-89.74853,22.48677],[-89.74787,22.48623],[-89.74795,22.48533],[-89.74811,22.48432]]],[[[-89.75225,22.49014],[-89.75322,22.49015],[-89.75392,22.49027],[-89.75426,22.49084],[-89.7544,22.49205],[-89.75423,22.49258],[-89.75409,22.4933],[-89.75361,22.49368],[-89.75269,22.49373],[-89.75181,22.49414],[-89.75075,22.49442],[-89.74977,22.49446],[-89.7493,22.494],[-89.74917,22.49321],[-89.74917,22.49254],[-89.74935,22.49201],[-89.74954,22.49137],[-89.75035,22.49101],[-89.7513,22.49054],[-89.75225,22.49014]]],[[[-89.73203,22.49977],[-89.73072,22.49938],[-89.72975,22.49966],[-89.72901,22.49935],[-89.7288,22.49854],[-89.7288,22.49785],[-89.72882,22.49698],[-89.72883,22.4963],[-89.72868,22.49484],[-89.72836,22.4955],[-89.72809,22.49627],[-89.72753,22.49667],[-89.72675,22.49677],[-89.72659,22.49726],[-89.72725,22.49771],[-89.72747,22.4987],[-89.7275,22.49965],[-89.72683,22.50014],[-89.72614,22.50048],[-89.7254,22.50046],[-89.72461,22.5001],[-89.72441,22.4994],[-89.72423,22.49877],[-89.7243,22.49798],[-89.725,22.4976],[-89.72553,22.49732],[-89.72632,22.49724],[-89.72618,22.49668],[-89.72567,22.49621],[-89.72546,22.49558],[-89.72552,22.4949],[-89.7258,22.49398],[-89.72677,22.49359],[-89.72774,22.49366],[-89.72833,22.49369],[-89.72795,22.49222],[-89.72807,22.49123],[-89.72852,22.49053],[-89.73021,22.49028],[-89.73119,22.49084],[-89.73154,22.49196],[-89.73139,22.49355],[-89.73171,22.49505],[-89.7329,22.49483],[-89.73438,22.49456],[-89.73555,22.49533],[-89.73549,22.49716],[-89.7362,22.498],[-89.73635,22.50022],[-89.73595,22.50138],[-89.73501,22.50233],[-89.73292,22.50245],[-89.73227,22.50196],[-89.732,22.50122],[-89.73203,22.49977]]],[[[-89.75786,22.50553],[-89.75943,22.50542],[-89.76093,22.50602],[-89.76157,22.50751],[-89.76118,22.50865],[-89.75968,22.50966],[-89.7578,22.50896],[-89.75734,22.50694],[-89.75786,22.50553]]],[[[-89.77099,22.50079],[-89.75861,22.47996],[-89.78449,22.50546],[-89.77099,22.50079]]],[[[-89.73569,22.50836],[-89.7369,22.50719],[-89.73848,22.50759],[-89.73929,22.50896],[-89.73913,22.51068],[-89.73779,22.51166],[-89.73634,22.51184],[-89.73566,22.51082],[-89.73565,22.50953],[-89.73569,22.50836]]],[[[-89.71581,22.50671],[-89.71752,22.50633],[-89.71897,22.50651],[-89.72016,22.50699],[-89.72109,22.50815],[-89.72085,22.50959],[-89.72023,22.5107],[-89.71868,22.51173],[-89.71716,22.51132],[-89.71611,22.51027],[-89.71527,22.50934],[-89.71542,22.50771],[-89.71581,22.50671]]],[[[-89.73038,22.51652],[-89.72977,22.51416],[-89.73117,22.51244],[-89.73279,22.51285],[-89.73454,22.51415],[-89.73428,22.51587],[-89.73552,22.51596],[-89.73567,22.51762],[-89.73497,22.51852],[-89.73295,22.51904],[-89.7313,22.51891],[-89.73038,22.51652]]],[[[-89.75122,22.5186],[-89.75235,22.51829],[-89.75329,22.51867],[-89.75365,22.51981],[-89.75418,22.52081],[-89.75463,22.52152],[-89.75451,22.52228],[-89.75384,22.52281],[-89.75254,22.52232],[-89.75184,22.5214],[-89.7507,22.52082],[-89.7501,22.52005],[-89.75028,22.51925],[-89.75122,22.5186]]],[[[-89.74319,22.51802],[-89.74267,22.51731],[-89.74142,22.51746],[-89.74099,22.51646],[-89.74131,22.5151],[-89.74176,22.51375],[-89.74276,22.51346],[-89.74355,22.51407],[-89.74445,22.5148],[-89.74553,22.51507],[-89.74602,22.51402],[-89.74518,22.51329],[-89.74484,22.51128],[-89.74519,22.50962],[-89.74608,22.50848],[-89.74706,22.50832],[-89.74736,22.50648],[-89.7488,22.50569],[-89.75051,22.50613],[-89.75133,22.50703],[-89.75121,22.50841],[-89.75103,22.50966],[-89.75003,22.51061],[-89.7489,22.51088],[-89.74877,22.51232],[-89.74892,22.51353],[-89.74768,22.515],[-89.74663,22.5151],[-89.7465,22.51659],[-89.74586,22.51787],[-89.7454,22.51862],[-89.7444,22.5189],[-89.74522,22.51987],[-89.74522,22.52125],[-89.74472,22.52248],[-89.74351,22.52299],[-89.7425,22.52188],[-89.74127,22.52118],[-89.74075,22.52048],[-89.74124,22.51937],[-89.7427,22.51906],[-89.74319,22.51802]]],[[[-89.74909,22.52413],[-89.7505,22.52342],[-89.75134,22.52414],[-89.75195,22.52547],[-89.75198,22.52684],[-89.75199,22.52844],[-89.75087,22.52871],[-89.74978,22.52703],[-89.74931,22.5254],[-89.74909,22.52413]]],[[[-89.73856,22.52921],[-89.73966,22.52924],[-89.74049,22.53003],[-89.74044,22.53082],[-89.74011,22.53138],[-89.73936,22.5318],[-89.73832,22.53106],[-89.7382,22.53033],[-89.73821,22.52972],[-89.73856,22.52921]]],[[[-89.74066,22.52822],[-89.74009,22.52764],[-89.73953,22.52813],[-89.73891,22.5275],[-89.73836,22.527],[-89.73859,22.52627],[-89.73926,22.52575],[-89.73902,22.52513],[-89.73774,22.52499],[-89.73706,22.52491],[-89.73687,22.52417],[-89.73663,22.52325],[-89.73675,22.52229],[-89.73701,22.52165],[-89.7379,22.52151],[-89.73868,22.52148],[-89.7396,22.52201],[-89.74027,22.52248],[-89.74056,22.52326],[-89.74044,22.52382],[-89.7396,22.52445],[-89.73988,22.52501],[-89.74127,22.52561],[-89.74177,22.52638],[-89.7409,22.52732],[-89.74163,22.52786],[-89.74194,22.52895],[-89.74299,22.52946],[-89.7434,22.53065],[-89.74313,22.53193],[-89.74258,22.53228],[-89.74181,22.53212],[-89.74117,22.5312],[-89.7415,22.53033],[-89.74148,22.52949],[-89.74106,22.52893],[-89.74066,22.52822]]],[[[-89.74111,22.53717],[-89.74086,22.53637],[-89.7404,22.53636],[-89.74026,22.53683],[-89.73935,22.53688],[-89.73894,22.53645],[-89.73891,22.53603],[-89.73937,22.53558],[-89.74006,22.53582],[-89.74051,22.53589],[-89.74076,22.53533],[-89.74112,22.53488],[-89.74248,22.53499],[-89.74314,22.53585],[-89.74343,22.53699],[-89.74336,22.5381],[-89.74302,22.53895],[-89.74212,22.53885],[-89.74144,22.53846],[-89.74111,22.53717]]],[[[-89.73778,22.53831],[-89.73727,22.53795],[-89.73694,22.5385],[-89.7369,22.53893],[-89.73646,22.53915],[-89.73571,22.53883],[-89.73572,22.53829],[-89.73582,22.53765],[-89.73611,22.53742],[-89.73636,22.53722],[-89.73657,22.5367],[-89.7374,22.53647],[-89.73802,22.53692],[-89.73873,22.53723],[-89.73913,22.53755],[-89.73977,22.53778],[-89.74029,22.53811],[-89.74051,22.53871],[-89.74099,22.53933],[-89.74138,22.54023],[-89.74111,22.541],[-89.74033,22.54105],[-89.73951,22.54069],[-89.73886,22.54034],[-89.7383,22.53966],[-89.73778,22.53831]]],[[[-89.76232,22.56169],[-89.76199,22.56162],[-89.76166,22.56162],[-89.76133,22.56162],[-89.761,22.56168],[-89.76067,22.56168],[-89.76034,22.56175],[-89.76014,22.56162],[-89.76007,22.56135],[-89.76007,22.56102],[-89.7604,22.56096],[-89.76073,22.56096],[-89.76106,22.56089],[-89.76133,22.56089],[-89.76166,22.56096],[-89.76199,22.56096],[-89.76232,22.56102],[-89.76265,22.56102],[-89.76298,22.56102],[-89.76325,22.56116],[-89.76338,22.56149],[-89.76344,22.56175],[-89.76351,22.56208],[-89.76351,22.56235],[-89.76344,22.56268],[-89.76331,22.56294],[-89.76298,22.56294],[-89.76278,22.56281],[-89.76272,22.56248],[-89.76258,22.56215],[-89.76252,22.56188],[-89.76232,22.56169]]],[[[-89.76418,22.56275],[-89.76458,22.56242],[-89.76491,22.56249],[-89.76524,22.56249],[-89.7655,22.56256],[-89.76583,22.56262],[-89.76616,22.56262],[-89.76649,22.56269],[-89.76682,22.56275],[-89.76709,22.56275],[-89.76742,22.56275],[-89.76775,22.56282],[-89.76808,22.56282],[-89.76841,22.56275],[-89.76874,22.56275],[-89.76907,22.56275],[-89.76933,22.56276],[-89.76966,22.56269],[-89.77,22.56262],[-89.77033,22.56256],[-89.77066,22.56249],[-89.77092,22.56242],[-89.77125,22.56236],[-89.77158,22.56236],[-89.77191,22.56229],[-89.77218,22.56223],[-89.77251,22.56216],[-89.77284,22.56209],[-89.77317,22.56203],[-89.77343,22.56196],[-89.77376,22.56183],[-89.77403,22.56176],[-89.77436,22.5617],[-89.77469,22.56163],[-89.77495,22.5615],[-89.77515,22.56124],[-89.77542,22.56104],[-89.77561,22.56084],[-89.77594,22.56077],[-89.77628,22.56071],[-89.77661,22.56077],[-89.77687,22.5609],[-89.7772,22.56104],[-89.7774,22.56124],[-89.7776,22.5615],[-89.77773,22.56176],[-89.77786,22.56203],[-89.77799,22.56236],[-89.77806,22.56262],[-89.77793,22.56289],[-89.77773,22.56315],[-89.77746,22.56335],[-89.7772,22.56348],[-89.77694,22.56355],[-89.77661,22.56362],[-89.77627,22.56368],[-89.77594,22.56368],[-89.77561,22.56375],[-89.77528,22.56375],[-89.77495,22.56381],[-89.77469,22.56381],[-89.77436,22.56381],[-89.77403,22.56381],[-89.7737,22.56381],[-89.77337,22.56381],[-89.77304,22.56375],[-89.77277,22.56361],[-89.77251,22.56342],[-89.77224,22.56328],[-89.77191,22.56322],[-89.77158,22.56322],[-89.77125,22.56315],[-89.77092,22.56315],[-89.77066,22.56315],[-89.77033,22.56315],[-89.77,22.56315],[-89.76966,22.56315],[-89.76933,22.56315],[-89.769,22.56322],[-89.76867,22.56322],[-89.76841,22.56328],[-89.76808,22.56328],[-89.76775,22.56335],[-89.76742,22.56342],[-89.76709,22.56342],[-89.76682,22.56348],[-89.76649,22.56355],[-89.76616,22.56355],[-89.76583,22.56361],[-89.7655,22.56355],[-89.76524,22.56342],[-89.76504,22.56322],[-89.76471,22.56302],[-89.76438,22.56289],[-89.76418,22.56275]]],[[[-89.77949,22.55991],[-89.77989,22.55991],[-89.78015,22.55998],[-89.78028,22.56025],[-89.78041,22.56051],[-89.78048,22.56084],[-89.78055,22.5611],[-89.78055,22.56144],[-89.78055,22.5617],[-89.78055,22.56203],[-89.78061,22.56229],[-89.78074,22.56263],[-89.78068,22.56289],[-89.78068,22.56322],[-89.78061,22.56348],[-89.78061,22.56382],[-89.78061,22.56408],[-89.78061,22.56441],[-89.78068,22.56467],[-89.78068,22.56501],[-89.78074,22.56527],[-89.78074,22.5656],[-89.78074,22.56586],[-89.78068,22.5662],[-89.78055,22.56646],[-89.78028,22.56666],[-89.78002,22.56659],[-89.77975,22.56639],[-89.77955,22.56613],[-89.77942,22.56586],[-89.77929,22.5656],[-89.77916,22.56534],[-89.77916,22.56501],[-89.77909,22.56474],[-89.77896,22.56441],[-89.77889,22.56415],[-89.77876,22.56388],[-89.77869,22.56355],[-89.77869,22.56329],[-89.77863,22.56296],[-89.77863,22.56269],[-89.77856,22.56243],[-89.77843,22.5621],[-89.77836,22.56183],[-89.77836,22.5615],[-89.77823,22.56124],[-89.77823,22.56091],[-89.77836,22.56071],[-89.77856,22.56044],[-89.77883,22.56025],[-89.77916,22.55998],[-89.77949,22.55991]]],[[[-89.77571,22.56492],[-89.77604,22.56478],[-89.77623,22.56485],[-89.77637,22.56511],[-89.77656,22.56538],[-89.7767,22.56564],[-89.77689,22.56591],[-89.77709,22.56617],[-89.77723,22.56644],[-89.77736,22.5667],[-89.77742,22.56697],[-89.77749,22.5673],[-89.77756,22.56756],[-89.77749,22.56783],[-89.77729,22.56809],[-89.77709,22.56835],[-89.77683,22.56862],[-89.77663,22.56875],[-89.77643,22.56849],[-89.77623,22.56822],[-89.7761,22.56796],[-89.77597,22.56769],[-89.77584,22.56743],[-89.7757,22.56716],[-89.77557,22.5669],[-89.77551,22.56657],[-89.77551,22.5663],[-89.77551,22.56597],[-89.77551,22.56571],[-89.77544,22.56538],[-89.77544,22.56505],[-89.77571,22.56492]]],[[[-89.77381,22.56684],[-89.77421,22.56684],[-89.77441,22.56698],[-89.77447,22.56724],[-89.77447,22.56751],[-89.77447,22.56784],[-89.77454,22.56817],[-89.77454,22.5685],[-89.7746,22.56876],[-89.77467,22.56903],[-89.7748,22.56936],[-89.77487,22.56962],[-89.775,22.56989],[-89.77513,22.57015],[-89.7752,22.57048],[-89.77527,22.57074],[-89.77527,22.57108],[-89.77527,22.57134],[-89.7752,22.57167],[-89.7752,22.57193],[-89.77513,22.57227],[-89.77507,22.5726],[-89.77487,22.57266],[-89.77454,22.57266],[-89.77421,22.5726],[-89.77388,22.5724],[-89.77381,22.5722],[-89.77381,22.57187],[-89.77381,22.57154],[-89.77381,22.57127],[-89.77388,22.57094],[-89.77388,22.57068],[-89.77388,22.57035],[-89.77381,22.57008],[-89.77375,22.56975],[-89.77375,22.56949],[-89.77375,22.56916],[-89.77368,22.56889],[-89.77361,22.56856],[-89.77355,22.5683],[-89.77348,22.56803],[-89.77348,22.5677],[-89.77348,22.56744],[-89.77348,22.56684],[-89.77381,22.56684]]],[[[-89.76352,22.57879],[-89.76387,22.57798],[-89.76382,22.57726],[-89.76424,22.57693],[-89.76481,22.57705],[-89.76524,22.57748],[-89.76556,22.57826],[-89.76572,22.57904],[-89.76514,22.57892],[-89.76473,22.57874],[-89.76419,22.5787],[-89.76386,22.57892],[-89.76392,22.57951],[-89.764,22.57998],[-89.76424,22.58033],[-89.76426,22.58094],[-89.76382,22.58109],[-89.76326,22.58115],[-89.76257,22.58114],[-89.76217,22.58078],[-89.76192,22.58014],[-89.76256,22.57951],[-89.76314,22.57912],[-89.76352,22.57879]]],[[[-89.75641,22.58206],[-89.75583,22.58158],[-89.75603,22.58101],[-89.75627,22.5806],[-89.75662,22.58019],[-89.75695,22.57953],[-89.75738,22.57913],[-89.75749,22.57878],[-89.75763,22.5785],[-89.75781,22.57783],[-89.75799,22.57755],[-89.75807,22.57713],[-89.75827,22.57664],[-89.7585,22.57622],[-89.75853,22.57586],[-89.75846,22.57535],[-89.75927,22.57538],[-89.75965,22.5753],[-89.75995,22.57568],[-89.75993,22.57597],[-89.75981,22.5764],[-89.75981,22.57679],[-89.75973,22.57726],[-89.75988,22.57821],[-89.75981,22.57846],[-89.75992,22.57904],[-89.75978,22.57968],[-89.75976,22.58026],[-89.76033,22.58026],[-89.76048,22.58054],[-89.76056,22.5809],[-89.76049,22.58122],[-89.76026,22.58164],[-89.75949,22.58179],[-89.75919,22.58186],[-89.75838,22.58214],[-89.75766,22.58202],[-89.75728,22.58202],[-89.7569,22.58194],[-89.75641,22.58206]]],[[[-89.75516,22.56585],[-89.75547,22.56577],[-89.75585,22.56593],[-89.756,22.56623],[-89.75615,22.56654],[-89.75631,22.56684],[-89.75646,22.56715],[-89.75661,22.56745],[-89.75684,22.56776],[-89.75699,22.56806],[-89.75707,22.56844],[-89.75715,22.56875],[-89.75722,22.56913],[-89.7573,22.56944],[-89.75745,22.56974],[-89.75753,22.57012],[-89.75737,22.57043],[-89.75722,22.57073],[-89.75707,22.57104],[-89.75692,22.57134],[-89.75676,22.57172],[-89.75661,22.57203],[-89.75638,22.57226],[-89.75615,22.57256],[-89.75608,22.57287],[-89.756,22.57325],[-89.756,22.57356],[-89.756,22.57394],[-89.756,22.57424],[-89.756,22.57462],[-89.756,22.57493],[-89.756,22.57531],[-89.75592,22.57561],[-89.75585,22.576],[-89.75585,22.5763],[-89.75577,22.57668],[-89.75577,22.57699],[-89.7557,22.57737],[-89.75554,22.57767],[-89.75539,22.57798],[-89.75516,22.57828],[-89.75493,22.57851],[-89.7547,22.57882],[-89.7544,22.57897],[-89.75417,22.57928],[-89.75402,22.57958],[-89.75386,22.57989],[-89.75371,22.58019],[-89.75356,22.5805],[-89.75341,22.5808],[-89.75333,22.58118],[-89.75325,22.58149],[-89.75325,22.58187],[-89.7531,22.58217],[-89.75295,22.58248],[-89.75257,22.5824],[-89.75226,22.58217],[-89.75219,22.58187],[-89.75219,22.58149],[-89.75211,22.58118],[-89.75203,22.5808],[-89.75196,22.5805],[-89.75188,22.58019],[-89.75165,22.57989],[-89.7515,22.57958],[-89.7512,22.57928],[-89.75097,22.57905],[-89.75097,22.57874],[-89.75104,22.57836],[-89.7512,22.57806],[-89.75135,22.57775],[-89.75158,22.57744],[-89.75181,22.57722],[-89.75196,22.57691],[-89.75211,22.57661],[-89.75234,22.5763],[-89.75249,22.576],[-89.7528,22.57569],[-89.75295,22.57546],[-89.75318,22.57516],[-89.75333,22.57485],[-89.75348,22.57455],[-89.75356,22.57417],[-89.75371,22.57386],[-89.75379,22.57356],[-89.75387,22.57317],[-89.75387,22.57287],[-89.75387,22.57249],[-89.75387,22.57218],[-89.75387,22.5718],[-89.75387,22.5715],[-89.75387,22.57111],[-89.75387,22.57081],[-89.75394,22.57043],[-89.75394,22.57012],[-89.75394,22.56974],[-89.75402,22.56944],[-89.75402,22.56905],[-89.75409,22.56875],[-89.75417,22.56837],[-89.75432,22.56806],[-89.7544,22.56776],[-89.75455,22.56745],[-89.75471,22.56707],[-89.75486,22.56677],[-89.75463,22.56639],[-89.75493,22.56616],[-89.75516,22.56585]]],[[[-89.66548,22.55208],[-89.61914,22.49546],[-89.60855,22.45367],[-89.63079,22.38511],[-89.66021,22.36545],[-89.64714,22.3882],[-89.66291,22.37257],[-89.65869,22.39009],[-89.68716,22.39762],[-89.67979,22.38664],[-89.69291,22.38144],[-89.70215,22.40845],[-89.72986,22.42097],[-89.68967,22.41603],[-89.72912,22.43674],[-89.71261,22.45408],[-89.72958,22.45829],[-89.71433,22.46495],[-89.73163,22.46887],[-89.73255,22.48609],[-89.70526,22.49503],[-89.71591,22.53141],[-89.72764,22.52161],[-89.75329,22.54714],[-89.74423,22.52332],[-89.75643,22.53939],[-89.77074,22.5136],[-89.78969,22.50399],[-89.79549,22.51508],[-89.78288,22.55311],[-89.74872,22.56768],[-89.75104,22.58536],[-89.66548,22.55208]]]]}},{"type":"Feature","properties":{"cve_ent":"32","estado":"Zacatecas"},"geometry":{"type":"MultiPolygon","coordinates":[[[[-102.29548,25.12519],[-101.84881,25.01762],[-101.77346,24.87554],[-101.68515,24.84001],[-101.65633,24.86079],[-101.60126,24.83556],[-101.60901,24.78966],[-101.64077,24.8007],[-101.62227,24.75898],[-101.46164,24.73676],[-101.40216,24.78822],[-101.34214,24.81335],[-101.21504,24.77517],[-101.1818,24.73901],[-101.12762,24.62336],[-101.0805,24.59119],[-100.95879,24.54268],[-100.90223,24.58392],[-100.84781,24.55562],[-100.79993,24.55619],[-100.74232,24.46044],[-100.85038,24.34354],[-100.94529,24.2812],[-101.00667,24.33583],[-101.00987,24.38512],[-100.98733,24.43252],[-101.01269,24.39082],[-101.0654,24.20702],[-101.21675,24.15973],[-101.1925,23.91856],[-101.77512,23.44763],[-102.01194,23.37275],[-102.12253,23.35386],[-102.1688,23.36103],[-102.16861,23.39891],[-102.19134,23.40139],[-102.19362,23.4476],[-102.23815,23.4469],[-102.25361,23.36496],[-102.29604,23.3205],[-102.26953,23.27991],[-102.2316,23.31512],[-102.24467,23.27677],[-102.28583,23.27332],[-102.28937,23.23169],[-102.23946,23.20949],[-102.24097,23.16938],[-102.21415,23.13132],[-102.26005,23.04592],[-102.23808,23.04764],[-102.19213,22.8649],[-102.1249,22.78295],[-101.93976,22.64573],[-101.85328,22.65603],[-101.87296,22.56307],[-101.81989,22.55129],[-101.83714,22.49969],[-101.79928,22.47056],[-101.78336,22.46503],[-101.77154,22.48816],[-101.73536,22.48021],[-101.74618,22.50869],[-101.69602,22.52042],[-101.65991,22.50532],[-101.59008,22.58904],[-101.59529,22.62407],[-101.57382,22.61282],[-101.5674,22.65678],[-101.497,22.70154],[-101.49096,22.74288],[-101.41108,22.74768],[-101.34923,22.71178],[-101.38002,22.67583],[-101.35938,22.65353],[-101.33694,22.65876],[-101.30571,22.60993],[-101.28573,22.50786],[-101.31373,22.45349],[-101.37479,22.45646],[-101.38191,22.35749],[-101.43297,22.36328],[-101.43513,22.34153],[-101.39143,22.2999],[-101.41626,22.26735],[-101.3768,22.26166],[-101.32425,22.20989],[-101.35131,22.17676],[-101.32774,22.14411],[-101.35424,22.07174],[-101.34659,22.04969],[-101.37708,22.04496],[-101.36974,22.02752],[-101.38276,22.02074],[-101.36569,22.01855],[-101.35168,22.04379],[-101.32721,22.0215],[-101.34857,22.02807],[-101.35244,22.01308],[-101.32651,21.99973],[-101.37337,21.99025],[-101.42917,21.93436],[-101.41023,21.90869],[-101.4346,21.89707],[-101.4418,21.90934],[-101.44067,21.89272],[-101.4832,21.86768],[-101.50352,21.83012],[-101.49633,21.80994],[-101.51054,21.79906],[-101.52204,21.81802],[-101.53701,21.81046],[-101.56596,21.84203],[-101.56981,21.91708],[-101.59585,21.90996],[-101.61671,21.92945],[-101.6507,21.90768],[-101.65914,21.94159],[-101.74663,22.01206],[-101.77763,22.0073],[-101.80144,22.031],[-101.81567,22.01998],[-101.86167,22.02888],[-101.85519,22.04651],[-102.02592,22.12977],[-102.01708,22.15396],[-102.04522,22.15373],[-102.00099,22.16811],[-101.99972,22.23366],[-102.02249,22.24159],[-102.03727,22.29898],[-102.05121,22.29121],[-102.07563,22.30607],[-102.10525,22.28079],[-102.15323,22.29041],[-102.14985,22.34718],[-102.2532,22.37449],[-102.2503,22.38722],[-102.29008,22.41992],[-102.29831,22.45959],[-102.3118,22.45692],[-102.32136,22.38853],[-102.36288,22.38875],[-102.37844,22.36088],[-102.46864,22.35188],[-102.4702,22.30921],[-102.52704,22.2909],[-102.66874,22.29187],[-102.67002,22.2457],[-102.6393,22.22604],[-102.6516,22.19314],[-102.66931,22.19402],[-102.69087,22.10656],[-102.75581,22.07366],[-102.87418,21.85277],[-102.84731,21.83341],[-102.85335,21.79905],[-102.83126,21.79725],[-102.81692,21.76648],[-102.7453,21.72005],[-102.76649,21.68693],[-102.80528,21.67128],[-102.77341,21.65831],[-102.78361,21.64669],[-102.76474,21.59606],[-102.6951,21.57291],[-102.69641,21.54303],[-102.63073,21.53398],[-102.64217,21.51872],[-102.62484,21.50141],[-102.64907,21.4742],[-102.63613,21.46291],[-102.65501,21.44665],[-102.65967,21.41088],[-102.63814,21.39324],[-102.64259,21.3672],[-102.69506,21.34074],[-102.72913,21.38736],[-102.72796,21.35709],[-102.75777,21.33919],[-102.75528,21.32316],[-102.77182,21.31601],[-102.78892,21.32951],[-102.7985,21.30691],[-102.81196,21.32372],[-102.81516,21.29467],[-102.84878,21.29318],[-102.84483,21.27733],[-102.87657,21.23663],[-102.90303,21.23519],[-102.91065,21.20523],[-102.94781,21.2146],[-102.94629,21.23444],[-102.9969,21.25968],[-103.01701,21.24105],[-103.04588,21.24943],[-103.04489,21.26237],[-103.0655,21.25581],[-103.05699,21.24679],[-103.08431,21.19406],[-103.07138,21.15293],[-103.0985,21.12849],[-103.07579,21.09689],[-103.05648,21.09932],[-103.08842,21.06574],[-103.12332,21.0668],[-103.12931,21.05328],[-103.18837,21.07066],[-103.2096,21.09422],[-103.25823,21.08307],[-103.27573,21.05145],[-103.29656,21.06484],[-103.3531,21.04526],[-103.39596,21.08029],[-103.42858,21.14672],[-103.50405,21.12774],[-103.51096,21.14622],[-103.53146,21.14198],[-103.55445,21.11658],[-103.59044,21.12752],[-103.61863,21.18878],[-103.66732,21.21605],[-103.6402,21.22207],[-103.63514,21.28318],[-103.66668,21.29047],[-103.71621,21.26787],[-103.72084,21.30796],[-103.70508,21.3255],[-103.6774,21.31991],[-103.61695,21.35341],[-103.57845,21.33023],[-103.56763,21.35222],[-103.50996,21.35489],[-103.50392,21.37684],[-103.5387,21.44477],[-103.57588,21.43615],[-103.59531,21.39091],[-103.62653,21.43448],[-103.66079,21.44158],[-103.65874,21.4637],[-103.70146,21.46627],[-103.67258,21.50545],[-103.69449,21.52889],[-103.68979,21.55235],[-103.65832,21.55591],[-103.64488,21.57645],[-103.619,21.55686],[-103.59292,21.55923],[-103.5905,21.58979],[-103.55889,21.5764],[-103.54522,21.58764],[-103.55549,21.63408],[-103.50847,21.73974],[-103.57263,21.80349],[-103.52606,21.80507],[-103.53143,21.81784],[-103.50282,21.83307],[-103.47053,21.81354],[-103.47236,21.836],[-103.45536,21.8328],[-103.41387,21.90546],[-103.39434,21.89669],[-103.34408,21.91347],[-103.34135,21.9404],[-103.27856,21.98965],[-103.26472,21.97184],[-103.20557,21.96519],[-103.19181,21.97445],[-103.20166,21.99857],[-103.11149,22.01426],[-103.10791,22.0634],[-103.15429,22.07224],[-103.15278,22.08762],[-103.1017,22.1018],[-103.07702,22.1255],[-103.1088,22.14434],[-103.10606,22.19136],[-103.05477,22.21383],[-103.05546,22.24726],[-103.10099,22.29397],[-103.19057,22.29853],[-103.22062,22.28047],[-103.20823,22.33308],[-103.16859,22.35462],[-103.16858,22.38501],[-103.19877,22.3806],[-103.21341,22.41007],[-103.23212,22.39339],[-103.28523,22.41424],[-103.3005,22.39299],[-103.31458,22.40491],[-103.36472,22.36954],[-103.36668,22.35104],[-103.34296,22.33512],[-103.36376,22.31448],[-103.35009,22.30746],[-103.35569,22.2798],[-103.32771,22.30736],[-103.30688,22.30628],[-103.29779,22.29834],[-103.31394,22.25871],[-103.2951,22.25329],[-103.31193,22.23326],[-103.3377,22.24516],[-103.38303,22.22701],[-103.38566,22.21253],[-103.40896,22.21536],[-103.41723,22.19048],[-103.43412,22.19076],[-103.41969,22.17748],[-103.4395,22.11764],[-103.50156,22.10556],[-103.5159,22.10992],[-103.51455,22.12911],[-103.54274,22.12061],[-103.56014,22.13659],[-103.57995,22.12683],[-103.58112,22.10487],[-103.59404,22.11165],[-103.6047,22.09794],[-103.68385,22.10921],[-103.69029,22.13009],[-103.65447,22.17194],[-103.6309,22.23892],[-103.5949,22.27308],[-103.63779,22.29523],[-103.64211,22.34087],[-103.6048,22.34014],[-103.59402,22.40721],[-103.55919,22.42843],[-103.60276,22.55679],[-103.66101,22.54714],[-103.72656,22.57415],[-103.7691,22.55579],[-103.81018,22.42729],[-103.81115,22.37675],[-103.84543,22.34276],[-103.82862,22.28661],[-103.86294,22.16688],[-103.91788,22.26197],[-103.91015,22.28333],[-103.92612,22.33207],[-103.86693,22.40938],[-103.8947,22.43816],[-103.8761,22.44118],[-103.88537,22.47353],[-103.86399,22.49144],[-103.87519,22.52158],[-103.8518,22.55362],[-103.86072,22.56762],[-103.76086,22.6258],[-103.75199,22.71165],[-103.77174,22.73329],[-103.89833,22.72828],[-103.90934,22.75012],[-104.01193,22.74793],[-104.05591,22.72398],[-104.05916,22.69206],[-104.07248,22.701],[-104.04751,22.6856],[-104.05448,22.67814],[-104.01551,22.66891],[-104.03329,22.63411],[-104.02701,22.61318],[-103.98622,22.5909],[-104.00084,22.56678],[-103.97233,22.54511],[-104.00557,22.5366],[-103.93441,22.49992],[-103.92939,22.4761],[-103.96057,22.43318],[-104.00591,22.40868],[-104.01513,22.36481],[-104.04875,22.37644],[-104.09735,22.35782],[-104.09489,22.37631],[-104.07539,22.38313],[-104.05152,22.46739],[-104.0688,22.522],[-104.08802,22.53337],[-104.1208,22.51705],[-104.11351,22.49661],[-104.15041,22.51628],[-104.19023,22.50761],[-104.21483,22.48416],[-104.18573,22.47141],[-104.1951,22.44763],[-104.16749,22.44515],[-104.17886,22.42743],[-104.16709,22.38762],[-104.22075,22.4211],[-104.25834,22.38466],[-104.25474,22.34879],[-104.29208,22.34396],[-104.29313,22.36513],[-104.35166,22.38919],[-104.35177,22.40776],[-104.29613,22.47299],[-104.32582,22.5374],[-104.26141,22.5862],[-104.28801,22.66579],[-104.26634,22.73654],[-104.23207,22.7531],[-104.22574,22.77831],[-104.18218,22.75827],[-104.08048,22.76662],[-104.09523,22.80584],[-104.11148,22.81031],[-104.11264,22.90512],[-104.13299,22.90496],[-104.16659,22.94522],[-104.17213,23.12841],[-104.12902,23.18221],[-104.11121,23.35121],[-104.06598,23.46349],[-103.92531,23.55698],[-103.92147,23.58918],[-103.89009,23.57983],[-103.90687,23.60187],[-103.88252,23.59227],[-103.87743,23.62897],[-103.84918,23.64008],[-103.8113,23.61365],[-103.79354,23.63086],[-103.7851,23.67656],[-103.85108,23.6796],[-103.84101,23.70124],[-103.86236,23.75264],[-103.81607,23.80765],[-103.85311,23.87462],[-103.81836,23.96491],[-103.8388,23.96482],[-103.87239,24.00702],[-103.84783,24.00324],[-103.84313,24.02697],[-103.81327,24.02197],[-103.79977,24.05056],[-103.66036,24.14933],[-103.63597,24.11029],[-103.62201,24.11746],[-103.55954,24.19379],[-103.56835,24.28637],[-103.50676,24.28796],[-103.48406,24.31834],[-103.44834,24.3326],[-103.41933,24.43049],[-103.28265,24.42884],[-103.25353,24.44725],[-103.22283,24.4171],[-103.16526,24.4352],[-103.09853,24.40163],[-103.08751,24.43603],[-103.07508,24.42262],[-103.04315,24.4665],[-102.98357,24.43326],[-102.96744,24.4577],[-102.90011,24.4285],[-102.89189,24.46112],[-102.83174,24.38469],[-102.78885,24.40625],[-102.75665,24.37698],[-102.6999,24.37397],[-102.60659,24.41117],[-102.53393,24.40772],[-102.52015,24.42393],[-102.48027,24.42801],[-102.51218,24.70972],[-102.56624,24.90222],[-102.67306,24.94275],[-102.67298,24.97882],[-102.64296,24.97865],[-102.62888,25.00832],[-102.66969,25.06664],[-102.44676,24.99952],[-102.46333,25.11592],[-102.29548,25.12519]]]]}}],"metadatos":{"Fuente_informacion_vectorial":"INEGI. Marco Geoestadístico, diciembre de 2025","Fuente_informacion_estadistica":"INEGI. Censo de Población y Vivienda, 2020","origen":"https://gaia.inegi.org.mx/wscatgeo/v2/geo/mgee/{cve_ent}","transformacion":"Extracción geométrica y simplificación local 0.01 grados; redondeo 5 decimales; orientación para D3/Vega. No elaborada por INEGI."}}